"DateTime","Users","Users Trend","In-Game"
"2023-05-25 00:50:00",19735708,23083687,4607263
"2023-05-25 01:00:00",19778836,23082762,4612766
"2023-05-25 01:10:00",19841591,23082026,4633322
"2023-05-25 01:20:00",19894366,23081361,4653716
"2023-05-25 01:30:00",19938826,23080816,4667276
"2023-05-25 01:40:00",19974377,23080275,4680682
"2023-05-25 01:50:00",20002236,23079944,4688419
"2023-05-25 02:00:00",20027125,23079783,4695329
"2023-05-25 02:10:00",20063773,23079739,4719862
"2023-05-25 02:20:00",20089730,23079622,4745580
"2023-05-25 02:30:00",20092335,23078782,4762494
"2023-05-25 02:40:00",20087074,23078196,4777156
"2023-05-25 02:50:00",20063155,23077752,4779496
"2023-05-25 03:00:00",20023358,23077452,4768586
"2023-05-25 03:10:00",19946046,23077283,4741161
"2023-05-25 03:20:00",19878422,23077195,4717770
"2023-05-25 03:30:00",19812725,23077298,4685448
"2023-05-25 03:40:00",19761349,23077519,4656485
"2023-05-25 03:50:00",19725922,23077772,4632046
"2023-05-25 04:00:00",19708569,23078107,4603353
"2023-05-25 04:10:00",19739024,23078570,4592527
"2023-05-25 04:20:00",19789281,23079088,4609208
"2023-05-25 04:30:00",19801348,23079625,4621095
"2023-05-25 04:40:00",19800087,23080205,4626446
"2023-05-25 04:50:00",19767933,23080783,4621938
"2023-05-25 05:00:00",19704173,23081411,4593900
"2023-05-25 05:10:00",19609054,23082056,4557643
"2023-05-25 05:20:00",19510548,23082984,4511358
"2023-05-25 05:30:00",19439587,23084109,4472650
"2023-05-25 05:40:00",19382316,23085312,4435045
"2023-05-25 05:50:00",19338287,23086639,4402021
"2023-05-25 06:00:00",19328416,23088036,4370479
"2023-05-25 06:10:00",19357532,23089662,4348156
"2023-05-25 06:20:00",19397958,23091522,4345681
"2023-05-25 06:30:00",19471681,23093483,4351732
"2023-05-25 06:40:00",19540305,23095423,4360123
"2023-05-25 06:50:00",19622543,23097524,4375489
"2023-05-25 07:00:00",19716609,23099714,4384565
"2023-05-25 07:10:00",19825505,23101945,4409290
"2023-05-25 07:20:00",19930532,23104086,4434830
"2023-05-25 07:30:00",20044151,23106334,4465672
"2023-05-25 07:40:00",20173588,23108550,4505729
"2023-05-25 07:50:00",20302401,23110645,4546600
"2023-05-25 08:00:00",20456772,23112890,4589737
"2023-05-25 08:10:00",20624248,23115151,4638001
"2023-05-25 08:20:00",20772226,23117334,4681747
"2023-05-25 08:30:00",20952016,23119678,4736125
"2023-05-25 08:40:00",21128854,23121834,4788650
"2023-05-25 08:50:00",21277639,23123953,4827440
"2023-05-25 09:00:00",21418348,23126135,4855305
"2023-05-25 09:10:00",21584646,23128069,4877746
"2023-05-25 09:20:00",21740369,23129841,4899671
"2023-05-25 09:30:00",21880789,23131719,4917298
"2023-05-25 09:40:00",22061189,23133565,4936423
"2023-05-25 09:50:00",22229843,23135370,4960410
"2023-05-25 10:00:00",22373573,23137259,4973436
"2023-05-25 10:10:00",22565428,23139246,5009120
"2023-05-25 10:20:00",22810538,23141138,5064492
"2023-05-25 10:30:00",23029603,23143367,5121549
"2023-05-25 10:40:00",23289925,23145654,5197395
"2023-05-25 10:50:00",23520582,23148190,5263024
"2023-05-25 11:00:00",23830983,23151200,5354285
"2023-05-25 11:10:00",24111647,23154270,5457842
"2023-05-25 11:20:00",24427896,23157957,5580739
"2023-05-25 11:30:00",24769345,23161382,5714919
"2023-05-25 11:40:00",25084853,23164954,5841936
"2023-05-25 11:50:00",25410651,23169028,5975733
"2023-05-25 12:00:00",25737871,23173375,6112496
"2023-05-25 12:10:00",26139217,23177997,6285039
"2023-05-25 12:20:00",26538168,23182942,6476545
"2023-05-25 12:30:00",26909638,23187821,6649762
"2023-05-25 12:40:00",27237355,23192819,6792366
"2023-05-25 12:50:00",27597877,23198130,6945274
"2023-05-25 13:00:00",27926859,23203564,7083559
"2023-05-25 13:10:00",28272049,23209144,7243336
"2023-05-25 13:20:00",28579728,23214727,7382172
"2023-05-25 13:30:00",28847346,23220609,7502642
"2023-05-25 13:40:00",29064621,23226726,7603783
"2023-05-25 13:50:00",29242324,23233055,7681209
"2023-05-25 14:00:00",29343681,23239756,7714581
"2023-05-25 14:10:00",29402429,23246649,7744354
"2023-05-25 14:20:00",29469704,23254250,7758761
"2023-05-25 14:30:00",29468046,23262025,7749290
"2023-05-25 14:40:00",29409429,23270032,7708393
"2023-05-25 14:50:00",29320896,23278516,7653945
"2023-05-25 15:00:00",29162682,23287424,7548771
"2023-05-25 15:10:00",28830446,23296772,7413582
"2023-05-25 15:20:00",28621610,23307163,7315804
"2023-05-25 15:30:00",28408651,23317870,7218368
"2023-05-25 15:40:00",28120406,23328800,7109196
"2023-05-25 15:50:00",27884438,23339957,7012111
"2023-05-25 16:00:00",27654431,23351098,6904747
"2023-05-25 16:10:00",27325834,23361864,6782838
"2023-05-25 16:20:00",27136320,23372656,6716349
"2023-05-25 16:30:00",26939305,23382928,6645543
"2023-05-25 16:40:00",26789041,23392920,6596226
"2023-05-25 16:50:00",26664050,23402366,6558023
"2023-05-25 17:00:00",26526554,23411262,6503839
"2023-05-25 17:10:00",26391876,23419832,6456501
"2023-05-25 17:20:00",26322395,23428095,6445500
"2023-05-25 17:30:00",26258534,23435671,6434709
"2023-05-25 17:40:00",26211680,23442736,6433659
"2023-05-25 17:50:00",26173535,23449294,6432872
"2023-05-25 18:00:00",26135461,23455396,6438412
"2023-05-25 18:10:00",26087129,23460981,6464974
"2023-05-25 18:20:00",26063149,23466097,6505337
"2023-05-25 18:30:00",26031296,23470879,6521739
"2023-05-25 18:40:00",25985144,23475400,6523251
"2023-05-25 18:50:00",25950389,23479684,6519247
"2023-05-25 19:00:00",25901460,23483796,6504938
"2023-05-25 19:10:00",25799536,23487722,6476661
"2023-05-25 19:20:00",25696305,23491686,6455526
"2023-05-25 19:30:00",25576477,23495748,6430385
"2023-05-25 19:40:00",25413109,23500023,6392526
"2023-05-25 19:50:00",25229634,23504570,6344193
"2023-05-25 20:00:00",24988224,23509527,6266922
"2023-05-25 20:10:00",24595408,23514881,6156130
"2023-05-25 20:20:00",24420169,23521571,6094114
"2023-05-25 20:30:00",24140090,23528123,6006991
"2023-05-25 20:40:00",23837806,23535028,5915697
"2023-05-25 20:50:00",23556702,23542488,5825587
"2023-05-25 21:00:00",23223442,23550126,5706830
"2023-05-25 21:10:00",22828629,23558162,5575191
"2023-05-25 21:20:00",22539116,23566590,5483528
"2023-05-25 21:30:00",22223204,23574967,5373621
"2023-05-25 21:40:00",21915666,23583522,5259376
"2023-05-25 21:50:00",21656987,23592087,5162447
"2023-05-25 22:00:00",21375097,23600516,5049869
"2023-05-25 22:10:00",21082071,23608698,4939136
"2023-05-25 22:20:00",20852296,23616719,4862497
"2023-05-25 22:30:00",20630727,23624523,4786848
"2023-05-25 22:40:00",20431941,23631978,4722641
"2023-05-25 22:50:00",20250162,23638999,4666180
"2023-05-25 23:00:00",20086215,23645808,4606446
"2023-05-25 23:10:00",19931025,23652175,4550298
"2023-05-25 23:20:00",19831130,23658218,4514740
"2023-05-25 23:30:00",19733409,23663794,4479483
"2023-05-25 23:40:00",19668882,23669094,4458323
"2023-05-25 23:50:00",19628010,23674093,4440553
"2023-05-26 00:00:00",19621519,23678732,4444075
"2023-05-26 00:10:00",19631237,23682954,4520780
"2023-05-26 00:20:00",19667358,23686862,4589109
"2023-05-26 00:30:00",19731088,23690488,4635548
"2023-05-26 00:40:00",19784804,23693872,4652845
"2023-05-26 00:50:00",19840057,23698861,4663493
"2023-05-26 01:00:00",19906578,23703935,4670644
"2023-05-26 01:10:00",19975734,23709105,4683693
"2023-05-26 01:20:00",20042656,23714451,4708339
"2023-05-26 01:30:00",20085157,23720046,4723659
"2023-05-26 01:40:00",20149012,23726036,4748456
"2023-05-26 01:50:00",20199684,23732469,4769722
"2023-05-26 02:00:00",20239116,23739431,4788044
"2023-05-26 02:10:00",20263392,23746936,4805238
"2023-05-26 02:20:00",20184550,23754922,4855978
"2023-05-26 02:30:00",20224182,23764244,4869028
"2023-05-26 02:40:00",20241095,23774090,4884737
"2023-05-26 02:50:00",20240702,23784550,4889413
"2023-05-26 03:00:00",20225371,23795583,4881478
"2023-05-26 03:10:00",20164513,23807098,4862549
"2023-05-26 03:20:00",20129310,23819464,4847255
"2023-05-26 03:30:00",20084607,23832525,4815298
"2023-05-26 03:40:00",20040548,23846154,4779419
"2023-05-26 03:50:00",20018698,23860351,4756597
"2023-05-26 04:00:00",20018262,23874939,4736762
"2023-05-26 04:10:00",20053615,23889763,4728814
"2023-05-26 04:20:00",20106117,23904669,4742236
"2023-05-26 04:30:00",20124813,23919621,4756572
"2023-05-26 04:40:00",20125896,23934762,4763859
"2023-05-26 04:50:00",20105826,23950222,4764788
"2023-05-26 05:00:00",20051611,23966099,4742878
"2023-05-26 05:10:00",20004979,23982529,4713167
"2023-05-26 05:20:00",19940758,23999420,4685317
"2023-05-26 05:30:00",19885694,24017025,4657608
"2023-05-26 05:40:00",19850169,24035207,4629037
"2023-05-26 05:50:00",19817554,24053876,4606028
"2023-05-26 06:00:00",19839673,24073127,4583816
"2023-05-26 06:10:00",19900753,24092608,4584252
"2023-05-26 06:20:00",19951498,24112103,4585875
"2023-05-26 06:30:00",20017782,24131763,4590458
"2023-05-26 06:40:00",20104763,24151528,4599734
"2023-05-26 06:50:00",20193952,24171413,4610724
"2023-05-26 07:00:00",20286977,24191399,4620579
"2023-05-26 07:10:00",20375767,24211490,4639326
"2023-05-26 07:20:00",20489044,24231705,4670214
"2023-05-26 07:30:00",20589185,24252060,4703389
"2023-05-26 07:40:00",20692235,24272578,4732611
"2023-05-26 07:50:00",20832574,24293333,4780463
"2023-05-26 08:00:00",20977760,24314053,4820447
"2023-05-26 08:10:00",21123833,24334729,4865653
"2023-05-26 08:20:00",21282991,24355378,4914154
"2023-05-26 08:30:00",21422767,24376044,4957243
"2023-05-26 08:40:00",21584064,24396765,5007642
"2023-05-26 08:50:00",21732411,24417468,5043523
"2023-05-26 09:00:00",21824904,24438190,5058228
"2023-05-26 09:10:00",21956285,24459156,5081674
"2023-05-26 09:20:00",22117995,24480201,5110857
"2023-05-26 09:30:00",22240996,24501015,5128145
"2023-05-26 09:40:00",22403400,24521746,5160055
"2023-05-26 09:50:00",22574516,24542414,5190236
"2023-05-26 10:00:00",22718918,24562771,5213037
"2023-05-26 10:10:00",22879483,24582973,5248539
"2023-05-26 10:20:00",23158785,24603228,5328980
"2023-05-26 10:30:00",23367976,24622754,5391688
"2023-05-26 10:40:00",23648686,24641979,5481319
"2023-05-26 10:50:00",23927509,24660765,5569563
"2023-05-26 11:00:00",24226839,24678947,5655896
"2023-05-26 11:10:00",24576530,24696723,5784817
"2023-05-26 11:20:00",24829302,24713494,5869008
"2023-05-26 11:30:00",25169922,24730282,6000312
"2023-05-26 11:40:00",25536812,24746497,6143305
"2023-05-26 11:50:00",25879812,24762127,6281914
"2023-05-26 12:00:00",26219078,24777064,6451680
"2023-05-26 12:10:00",26639850,24791495,6642830
"2023-05-26 12:20:00",27002122,24805205,6814412
"2023-05-26 12:30:00",27367842,24818105,6988820
"2023-05-26 12:40:00",27716354,24830656,7152960
"2023-05-26 12:50:00",28071468,24842588,7314751
"2023-05-26 13:00:00",28397268,24853816,7455927
"2023-05-26 13:10:00",28720710,24864543,7598177
"2023-05-26 13:20:00",29053787,24874741,7747020
"2023-05-26 13:30:00",29341082,24884509,7881331
"2023-05-26 13:40:00",29577432,24893769,7991453
"2023-05-26 13:50:00",29803646,24902786,8088817
"2023-05-26 14:00:00",29929985,24911350,8135726
"2023-05-26 14:10:00",30090477,24919981,8207310
"2023-05-26 14:20:00",30184452,24928291,8244562
"2023-05-26 14:30:00",30222590,24936436,8256153
"2023-05-26 14:40:00",30242904,24944530,8257710
"2023-05-26 14:50:00",30230341,24952579,8227952
"2023-05-26 15:00:00",30163528,24960599,8186164
"2023-05-26 15:10:00",30004805,24968513,8114154
"2023-05-26 15:20:00",29860260,24976536,8054335
"2023-05-26 15:30:00",29703321,24984625,7981542
"2023-05-26 15:40:00",29467946,24992370,7889392
"2023-05-26 15:50:00",29247899,25000282,7797597
"2023-05-26 16:00:00",28987043,25008085,7673756
"2023-05-26 16:10:00",28677713,25015834,7554793
"2023-05-26 16:20:00",28425493,25023507,7460574
"2023-05-26 16:30:00",28198575,25031135,7380389
"2023-05-26 16:40:00",27976355,25038703,7294412
"2023-05-26 16:50:00",27779535,25046098,7228990
"2023-05-26 17:00:00",27603765,25053351,7153987
"2023-05-26 17:10:00",27428940,25060346,7107742
"2023-05-26 17:20:00",27260987,25066976,7067425
"2023-05-26 17:30:00",27124272,25073422,7028982
"2023-05-26 17:40:00",27004162,25079597,6996455
"2023-05-26 17:50:00",26900381,25085429,6966576
"2023-05-26 18:00:00",26788071,25090926,6931138
"2023-05-26 18:10:00",26671053,25096265,6935774
"2023-05-26 18:20:00",26599321,25101471,6955645
"2023-05-26 18:30:00",26531591,25106400,6968815
"2023-05-26 18:40:00",26452558,25111104,6939480
"2023-05-26 18:50:00",26395720,25115714,6929325
"2023-05-26 19:00:00",26326473,25120009,6916324
"2023-05-26 19:10:00",26238639,25124181,6908259
"2023-05-26 19:20:00",26159519,25128199,6903166
"2023-05-26 19:30:00",26085132,25132156,6887843
"2023-05-26 19:40:00",25977444,25135883,6872613
"2023-05-26 19:50:00",25875334,25139573,6850677
"2023-05-26 20:00:00",25724626,25143241,6806819
"2023-05-26 20:10:00",25550093,25147052,6763990
"2023-05-26 20:20:00",25375673,25150780,6718072
"2023-05-26 20:30:00",25173472,25154550,6659206
"2023-05-26 20:40:00",24978276,25158544,6596801
"2023-05-26 20:50:00",24750876,25162550,6520313
"2023-05-26 21:00:00",24509576,25166665,6431724
"2023-05-26 21:10:00",24198198,25170890,6319969
"2023-05-26 21:20:00",23925971,25175215,6226905
"2023-05-26 21:30:00",23662222,25179783,6128608
"2023-05-26 21:40:00",23377302,25184367,6023536
"2023-05-26 21:50:00",23120474,25189014,5925109
"2023-05-26 22:00:00",22824404,25193538,5805733
"2023-05-26 22:10:00",22525557,25198188,5686432
"2023-05-26 22:20:00",22280727,25202785,5589751
"2023-05-26 22:30:00",22022111,25207119,5484430
"2023-05-26 22:40:00",21771502,25211458,5393011
"2023-05-26 22:50:00",21571166,25215721,5311456
"2023-05-26 23:00:00",21352108,25219734,5217629
"2023-05-26 23:10:00",21155853,25223543,5137887
"2023-05-26 23:20:00",20992787,25227109,5073165
"2023-05-26 23:30:00",20858439,25230531,5017716
"2023-05-26 23:40:00",20751702,25233719,4972759
"2023-05-26 23:50:00",20656867,25236729,4928034
"2023-05-27 00:00:00",20586234,25239597,4910011
"2023-05-27 00:10:00",20545723,25242284,4975283
"2023-05-27 00:20:00",20534257,25244457,5035259
"2023-05-27 00:30:00",20557300,25246382,5075552
"2023-05-27 00:40:00",20600816,25248151,5090173
"2023-05-27 00:50:00",20668360,25249867,5111713
"2023-05-27 01:00:00",20750032,25251500,5133479
"2023-05-27 01:10:00",20846109,25253127,5172330
"2023-05-27 01:20:00",20952670,25254738,5216002
"2023-05-27 01:30:00",21055127,25256332,5259405
"2023-05-27 01:40:00",21186895,25258051,5313798
"2023-05-27 01:50:00",21319715,25259789,5371754
"2023-05-27 02:00:00",21445741,25261620,5425426
"2023-05-27 02:10:00",21554455,25263571,5478511
"2023-05-27 02:20:00",21682325,25265960,5534767
"2023-05-27 02:30:00",21803108,25268497,5590552
"2023-05-27 02:40:00",21915548,25271086,5639447
"2023-05-27 02:50:00",22004127,25273906,5667686
"2023-05-27 03:00:00",22064401,25277060,5684374
"2023-05-27 03:10:00",22135629,25280487,5702441
"2023-05-27 03:20:00",22209102,25284180,5717253
"2023-05-27 03:30:00",22254604,25287958,5719724
"2023-05-27 03:40:00",22300332,25291946,5717770
"2023-05-27 03:50:00",22340244,25296200,5714804
"2023-05-27 04:00:00",22378622,25300718,5706209
"2023-05-27 04:10:00",22428887,25305326,5707028
"2023-05-27 04:20:00",22490315,25310088,5730407
"2023-05-27 04:30:00",22540566,25315035,5754758
"2023-05-27 04:40:00",22592976,25320182,5779961
"2023-05-27 04:50:00",22639832,25325577,5807168
"2023-05-27 05:00:00",22670524,25331175,5826352
"2023-05-27 05:10:00",22695691,25336975,5854890
"2023-05-27 05:20:00",22744849,25343096,5883452
"2023-05-27 05:30:00",22781013,25349411,5907894
"2023-05-27 05:40:00",22823995,25355914,5929436
"2023-05-27 05:50:00",22882781,25362650,5950320
"2023-05-27 06:00:00",22940739,25369531,5971723
"2023-05-27 06:10:00",23005986,25376439,6001575
"2023-05-27 06:20:00",23086232,25383562,6032442
"2023-05-27 06:30:00",23170209,25390786,6057740
"2023-05-27 06:40:00",23278159,25398115,6097078
"2023-05-27 06:50:00",23386378,25405507,6122744
"2023-05-27 07:00:00",23500837,25413032,6147721
"2023-05-27 07:10:00",23611293,25420588,6176417
"2023-05-27 07:20:00",23751146,25428335,6213377
"2023-05-27 07:30:00",23882768,25436202,6245712
"2023-05-27 07:40:00",24025057,25444231,6273789
"2023-05-27 07:50:00",24164074,25452401,6306698
"2023-05-27 08:00:00",24307506,25460673,6331401
"2023-05-27 08:10:00",24451036,25469094,6366203
"2023-05-27 08:20:00",24620440,25477725,6404192
"2023-05-27 08:30:00",24773458,25486539,6439277
"2023-05-27 08:40:00",24935297,25495449,6467956
"2023-05-27 08:50:00",25094839,25504376,6492764
"2023-05-27 09:00:00",25233147,25513429,6501423
"2023-05-27 09:10:00",25379956,25522472,6504554
"2023-05-27 09:20:00",25509960,25531552,6494886
"2023-05-27 09:30:00",25624941,25540823,6497197
"2023-05-27 09:40:00",25780391,25550101,6508373
"2023-05-27 09:50:00",25905159,25559277,6511306
"2023-05-27 10:00:00",26031423,25568539,6507714
"2023-05-27 10:10:00",26200120,25577839,6519409
"2023-05-27 10:20:00",26366936,25586855,6545877
"2023-05-27 10:30:00",26529009,25595782,6580349
"2023-05-27 10:40:00",26736970,25604525,6635954
"2023-05-27 10:50:00",26923077,25613025,6694785
"2023-05-27 11:00:00",27152572,25621287,6761465
"2023-05-27 11:10:00",27350752,25629183,6838480
"2023-05-27 11:20:00",27609042,25637168,6943380
"2023-05-27 11:30:00",27854295,25644945,7051812
"2023-05-27 11:40:00",28127676,25652640,7180071
"2023-05-27 11:50:00",28360073,25660001,7290414
"2023-05-27 12:00:00",28617963,25667446,7448261
"2023-05-27 12:10:00",28929001,25674565,7606474
"2023-05-27 12:20:00",29163524,25681448,7766919
"2023-05-27 12:30:00",29472341,25688498,7913669
"2023-05-27 12:40:00",29723580,25695088,8041415
"2023-05-27 12:50:00",29967107,25701475,8162834
"2023-05-27 13:00:00",30216304,25707870,8286473
"2023-05-27 13:10:00",30452788,25714087,8419680
"2023-05-27 13:20:00",30715145,25720003,8537181
"2023-05-27 13:30:00",30919448,25725610,8638670
"2023-05-27 13:40:00",31111604,25731084,8736693
"2023-05-27 13:50:00",31262314,25736324,8802246
"2023-05-27 14:00:00",31387969,25741301,8841629
"2023-05-27 14:10:00",31493831,25745683,8898598
"2023-05-27 14:20:00",31556876,25749287,8933609
"2023-05-27 14:30:00",31577318,25752602,8943174
"2023-05-27 14:40:00",31581338,25755616,8945334
"2023-05-27 14:50:00",31552773,25758023,8928463
"2023-05-27 15:00:00",31446706,25759876,8863713
"2023-05-27 15:10:00",31297462,25761129,8788514
"2023-05-27 15:20:00",31156635,25761358,8723812
"2023-05-27 15:30:00",30936722,25760980,8630005
"2023-05-27 15:40:00",30726341,25760506,8563391
"2023-05-27 15:50:00",30492383,25759409,8475015
"2023-05-27 16:00:00",30220181,25758155,8353985
"2023-05-27 16:10:00",29906508,25756951,8232031
"2023-05-27 16:20:00",29651075,25755737,8133325
"2023-05-27 16:30:00",29423884,25754568,8047213
"2023-05-27 16:40:00",29183055,25753444,7956446
"2023-05-27 16:50:00",28968361,25749602,7877591
"2023-05-27 17:00:00",28755996,25746776,7786253
"2023-05-27 17:10:00",28535048,25744421,7704682
"2023-05-27 17:20:00",28347251,25742492,7640642
"2023-05-27 17:30:00",28176401,25741087,7580242
"2023-05-27 17:40:00",28009375,25739956,7518574
"2023-05-27 17:50:00",27861468,25739201,7473210
"2023-05-27 18:00:00",27732987,25738884,7430881
"2023-05-27 18:10:00",27601383,25738971,7397206
"2023-05-27 18:20:00",27489675,25739335,7394000
"2023-05-27 18:30:00",27390065,25740083,7386281
"2023-05-27 18:40:00",27298952,25741148,7365538
"2023-05-27 18:50:00",27193889,25742392,7324257
"2023-05-27 19:00:00",27102590,25743870,7290784
"2023-05-27 19:10:00",26986293,25745401,7262010
"2023-05-27 19:20:00",26890901,25747031,7247353
"2023-05-27 19:30:00",26770675,25748561,7222983
"2023-05-27 19:40:00",26644992,25750052,7197030
"2023-05-27 19:50:00",26526008,25751397,7168594
"2023-05-27 20:00:00",26366402,25752441,7119489
"2023-05-27 20:10:00",26177789,25753314,7064161
"2023-05-27 20:20:00",25998193,25753810,7015995
"2023-05-27 20:30:00",25816663,25754003,6962217
"2023-05-27 20:40:00",25614806,25753805,6898228
"2023-05-27 20:50:00",25391001,25753237,6824089
"2023-05-27 21:00:00",25154373,25752468,6739884
"2023-05-27 21:10:00",24856223,25751323,6637634
"2023-05-27 21:20:00",24615550,25749961,6554006
"2023-05-27 21:30:00",24350061,25748200,6456196
"2023-05-27 21:40:00",24074431,25746150,6347906
"2023-05-27 21:50:00",23798408,25743954,6233586
"2023-05-27 22:00:00",23523493,25741474,6122253
"2023-05-27 22:10:00",23217179,25738716,5992847
"2023-05-27 22:20:00",22933496,25736042,5881483
"2023-05-27 22:30:00",22683117,25733226,5784310
"2023-05-27 22:40:00",22422116,25730253,5679260
"2023-05-27 22:50:00",22187905,25727145,5580365
"2023-05-27 23:00:00",21940573,25724029,5473442
"2023-05-27 23:10:00",21713133,25720880,5381071
"2023-05-27 23:20:00",21531211,25717726,5303977
"2023-05-27 23:30:00",21363890,25714480,5235044
"2023-05-27 23:40:00",21235400,25711283,5181535
"2023-05-27 23:50:00",21126636,25707983,5128324
"2023-05-28 00:00:00",21033412,25704607,5082839
"2023-05-28 00:10:00",20913975,25701223,5104511
"2023-05-28 00:20:00",20867056,25698029,5155916
"2023-05-28 00:30:00",20865006,25694847,5192117
"2023-05-28 00:40:00",20896823,25691620,5191930
"2023-05-28 00:50:00",20947412,25688264,5201679
"2023-05-28 01:00:00",21022935,25684726,5218301
"2023-05-28 01:10:00",21108923,25680960,5246016
"2023-05-28 01:20:00",21201698,25676935,5280243
"2023-05-28 01:30:00",21312883,25672581,5324634
"2023-05-28 01:40:00",21432812,25667375,5378271
"2023-05-28 01:50:00",21565549,25661804,5433152
"2023-05-28 02:00:00",21696210,25655839,5480291
"2023-05-28 02:10:00",21841875,25649486,5540456
"2023-05-28 02:20:00",21979347,25642625,5598361
"2023-05-28 02:30:00",22090848,25635254,5645313
"2023-05-28 02:40:00",22225297,25627423,5699345
"2023-05-28 02:50:00",22355181,25619021,5750860
"2023-05-28 03:00:00",22436840,25609938,5775461
"2023-05-28 03:10:00",22532080,25600367,5794731
"2023-05-28 03:20:00",22601956,25590044,5825049
"2023-05-28 03:30:00",22665135,25579170,5836872
"2023-05-28 03:40:00",22742717,25567830,5850199
"2023-05-28 03:50:00",22818160,25555885,5853351
"2023-05-28 04:00:00",22867108,25543479,5852972
"2023-05-28 04:10:00",22939771,25530919,5869454
"2023-05-28 04:20:00",23024601,25518334,5899477
"2023-05-28 04:30:00",23097500,25505715,5929851
"2023-05-28 04:40:00",23177540,25492929,5969428
"2023-05-28 04:50:00",23241235,25479782,6003206
"2023-05-28 05:00:00",23290660,25466278,6024137
"2023-05-28 05:10:00",23347264,25452297,6070210
"2023-05-28 05:20:00",23409994,25437658,6114744
"2023-05-28 05:30:00",23461119,25422350,6155706
"2023-05-28 05:40:00",23524124,25406498,6189813
"2023-05-28 05:50:00",23598066,25390145,6228340
"2023-05-28 06:00:00",23657182,25373236,6256680
"2023-05-28 06:10:00",23750759,25356106,6306552
"2023-05-28 06:20:00",23842043,25338745,6354208
"2023-05-28 06:30:00",23937415,25321188,6389467
"2023-05-28 06:40:00",24049534,25303490,6422158
"2023-05-28 06:50:00",24173714,25285647,6457643
"2023-05-28 07:00:00",24286299,25267664,6480544
"2023-05-28 07:10:00",24421680,25249368,6519770
"2023-05-28 07:20:00",24573139,25230858,6552578
"2023-05-28 07:30:00",24721882,25212446,6583694
"2023-05-28 07:40:00",24885889,25194067,6619031
"2023-05-28 07:50:00",25040028,25175682,6652437
"2023-05-28 08:00:00",25206595,25157415,6682414
"2023-05-28 08:10:00",25381384,25139387,6718325
"2023-05-28 08:20:00",25576940,25121470,6762310
"2023-05-28 08:30:00",25743503,25103736,6793175
"2023-05-28 08:40:00",25903314,25087677,6822660
"2023-05-28 08:50:00",26072592,25072043,6838877
"2023-05-28 09:00:00",26203070,25056644,6839794
"2023-05-28 09:10:00",26359869,25041566,6839717
"2023-05-28 09:20:00",26521753,25026656,6848339
"2023-05-28 09:30:00",26636335,25012150,6846382
"2023-05-28 09:40:00",26780934,24997641,6836956
"2023-05-28 09:50:00",26921385,24983424,6814799
"2023-05-28 10:00:00",27049979,24969723,6798492
"2023-05-28 10:10:00",27189654,24956441,6798481
"2023-05-28 10:20:00",27348224,24943619,6828258
"2023-05-28 10:30:00",27490831,24931314,6855193
"2023-05-28 10:40:00",27673094,24919660,6901625
"2023-05-28 10:50:00",27830014,24908416,6950154
"2023-05-28 11:00:00",28025139,24897712,7000433
"2023-05-28 11:10:00",28235422,24887424,7086673
"2023-05-28 11:20:00",28475246,24877718,7185370
"2023-05-28 11:30:00",28723826,24868550,7294251
"2023-05-28 11:40:00",28960460,24859773,7403637
"2023-05-28 11:50:00",29222841,24851570,7523562
"2023-05-28 12:00:00",29445394,24843912,7647913
"2023-05-28 12:10:00",29740964,24836830,7796399
"2023-05-28 12:20:00",30015174,24830168,7948233
"2023-05-28 12:30:00",30263100,24823878,8066941
"2023-05-28 12:40:00",30501555,24818078,8192620
"2023-05-28 12:50:00",30761829,24812898,8305617
"2023-05-28 13:00:00",30997523,24808234,8398449
"2023-05-28 13:10:00",31195545,24803699,8517857
"2023-05-28 13:20:00",31420638,24799639,8637568
"2023-05-28 13:30:00",31610407,24796037,8739665
"2023-05-28 13:40:00",31777057,24792546,8830040
"2023-05-28 13:50:00",31880742,24789525,8878913
"2023-05-28 14:00:00",31912636,24786672,8890007
"2023-05-28 14:10:00",31887419,24783872,8901849
"2023-05-28 14:20:00",31902198,24781508,8900454
"2023-05-28 14:30:00",31871982,24779115,8867355
"2023-05-28 14:40:00",31771159,24776578,8814825
"2023-05-28 14:50:00",31652148,24774020,8738123
"2023-05-28 15:00:00",31436530,24771350,8628643
"2023-05-28 15:10:00",31103797,24768620,8510638
"2023-05-28 15:20:00",30867954,24765632,8413181
"2023-05-28 15:30:00",30623640,24762688,8296316
"2023-05-28 15:40:00",30303960,24759518,8163363
"2023-05-28 15:50:00",30042931,24756427,8053607
"2023-05-28 16:00:00",29778366,24753432,7935282
"2023-05-28 16:10:00",29461767,24750477,7803103
"2023-05-28 16:20:00",29212183,24747593,7704746
"2023-05-28 16:30:00",28995576,24744910,7640653
"2023-05-28 16:40:00",28273215,24741431,7480194
"2023-05-28 16:50:00",28245598,24741145,7468371
"2023-05-28 17:00:00",28125675,24740590,7418573
"2023-05-28 17:10:00",27983309,24740243,7374799
"2023-05-28 17:20:00",27894994,24740191,7353702
"2023-05-28 17:30:00",27782224,24740364,7332195
"2023-05-28 17:40:00",27691500,24740893,7329972
"2023-05-28 17:50:00",27623817,24741747,7327234
"2023-05-28 18:00:00",27569872,24742847,7316704
"2023-05-28 18:10:00",27496053,24744062,7315110
"2023-05-28 18:20:00",27459568,24745505,7318157
"2023-05-28 18:30:00",27418419,24747101,7321006
"2023-05-28 18:40:00",27370400,24748801,7327029
"2023-05-28 18:50:00",27311558,24750628,7326171
"2023-05-28 19:00:00",27236059,24752559,7311467
"2023-05-28 19:10:00",27140905,24754408,7286840
"2023-05-28 19:20:00",27037981,24756105,7272184
"2023-05-28 19:30:00",26914771,24757660,7248929
"2023-05-28 19:40:00",26766250,24759002,7212792
"2023-05-28 19:50:00",26594529,24760142,7171570
"2023-05-28 20:00:00",26407174,24761116,7119479
"2023-05-28 20:10:00",26151031,24761577,7038173
"2023-05-28 20:20:00",25910927,24761692,6964084
"2023-05-28 20:30:00",25659639,24761480,6878828
"2023-05-28 20:40:00",25389027,24760740,6794394
"2023-05-28 20:50:00",25126713,24759737,6710397
"2023-05-28 21:00:00",24817422,24757691,6596048
"2023-05-28 21:10:00",24470991,24755852,6463534
"2023-05-28 21:20:00",24157027,24753802,6359869
"2023-05-28 21:30:00",23835526,24751437,6242342
"2023-05-28 21:40:00",23536807,24748957,6131611
"2023-05-28 21:50:00",23202220,24746245,6008771
"2023-05-28 22:00:00",22877285,24743565,5879851
"2023-05-28 22:10:00",22594712,24740983,5770295
"2023-05-28 22:20:00",22281422,24738163,5649991
"2023-05-28 22:30:00",22003586,24735548,5540949
"2023-05-28 22:40:00",21725365,24733075,5435921
"2023-05-28 22:50:00",21495322,24730780,5347274
"2023-05-28 23:00:00",21248819,24728644,5245421
"2023-05-28 23:10:00",21023740,24726793,5152132
"2023-05-28 23:20:00",20832336,24725108,5075663
"2023-05-28 23:30:00",20678282,24723713,5011383
"2023-05-28 23:40:00",20533303,24722247,4952958
"2023-05-28 23:50:00",20415214,24721128,4900098
"2023-05-29 00:00:00",20340320,24720389,4855206
"2023-05-29 00:10:00",20263853,24720001,4810781
"2023-05-29 00:20:00",20224621,24719887,4787913
"2023-05-29 00:30:00",20216393,24719982,4772691
"2023-05-29 00:40:00",20228026,24720251,4763982
"2023-05-29 00:50:00",20245797,24720581,4758916
"2023-05-29 01:00:00",20280835,24720926,4755583
"2023-05-29 01:10:00",20321889,24721210,4756811
"2023-05-29 01:20:00",20350549,24721330,4761525
"2023-05-29 01:30:00",20306830,24721189,4757042
"2023-05-29 01:40:00",20358287,24721185,4768560
"2023-05-29 01:50:00",20415310,24720850,4781949
"2023-05-29 02:00:00",20462564,24720160,4792973
"2023-05-29 02:10:00",20509905,24719036,4809610
"2023-05-29 02:20:00",20553972,24717488,4833314
"2023-05-29 02:30:00",20572116,24715558,4845994
"2023-05-29 02:40:00",20587206,24713266,4858953
"2023-05-29 02:50:00",20582573,24710479,4859138
"2023-05-29 03:00:00",20564700,24707183,4851976
"2023-05-29 03:10:00",20518804,24703308,4828094
"2023-05-29 03:20:00",20478548,24698932,4807482
"2023-05-29 03:30:00",20443036,24694143,4785450
"2023-05-29 03:40:00",20394838,24688863,4761723
"2023-05-29 03:50:00",20378373,24683225,4745848
"2023-05-29 04:00:00",20388264,24677312,4729047
"2023-05-29 04:10:00",20445790,24671186,4735610
"2023-05-29 04:20:00",20513889,24664779,4759040
"2023-05-29 04:30:00",20543568,24658092,4779399
"2023-05-29 04:40:00",20547808,24651088,4790708
"2023-05-29 04:50:00",20535060,24643804,4793123
"2023-05-29 05:00:00",20482377,24636152,4777096
"2023-05-29 05:10:00",20407854,24628090,4749207
"2023-05-29 05:20:00",20336693,24619563,4726753
"2023-05-29 05:30:00",20275337,24610719,4698178
"2023-05-29 05:40:00",20235561,24601393,4672151
"2023-05-29 05:50:00",20199783,24591618,4647796
"2023-05-29 06:00:00",20203970,24581756,4620386
"2023-05-29 06:10:00",20245690,24571712,4612265
"2023-05-29 06:20:00",20291246,24561389,4613491
"2023-05-29 06:30:00",20353344,24551019,4620030
"2023-05-29 06:40:00",20427896,24540606,4634859
"2023-05-29 06:50:00",20520556,24530081,4653086
"2023-05-29 07:00:00",20561234,24519280,4656739
"2023-05-29 07:10:00",20646909,24508621,4679945
"2023-05-29 07:20:00",20805744,24498023,4724744
"2023-05-29 07:30:00",20947937,24487289,4763952
"2023-05-29 07:40:00",21100127,24476329,4813701
"2023-05-29 07:50:00",21263304,24465243,4870304
"2023-05-29 08:00:00",21459244,24454134,4930820
"2023-05-29 08:10:00",21640910,24442848,4991483
"2023-05-29 08:20:00",21860594,24431483,5064714
"2023-05-29 08:30:00",22337924,24420530,5239691
"2023-05-29 08:40:00",22569564,24408265,5293485
"2023-05-29 08:50:00",22779949,24395802,5330909
"2023-05-29 09:00:00",22962440,24383123,5369394
"2023-05-29 09:10:00",23135473,24370232,5400642
"2023-05-29 09:20:00",23368727,24357528,5451013
"2023-05-29 09:30:00",23480542,24344481,5466036
"2023-05-29 09:40:00",23670110,24331680,5505658
"2023-05-29 09:50:00",23902536,24318991,5536116
"2023-05-29 10:00:00",24114695,24306341,5564145
"2023-05-29 10:10:00",24339139,24293611,5622762
"2023-05-29 10:20:00",24597362,24281015,5684717
"2023-05-29 10:30:00",24867387,24268589,5761359
"2023-05-29 10:40:00",25132373,24255927,5849503
"2023-05-29 10:50:00",25398682,24243338,5930036
"2023-05-29 11:00:00",25664972,24230975,6019528
"2023-05-29 11:10:00",25988151,24219004,6135013
"2023-05-29 11:20:00",26325574,24207183,6263930
"2023-05-29 11:30:00",26656790,24195449,6397340
"2023-05-29 11:40:00",26989588,24183814,6535854
"2023-05-29 11:50:00",27364071,24172584,6692226
"2023-05-29 12:00:00",27698544,24161525,6826936
"2023-05-29 12:10:00",28058038,24150564,6985031
"2023-05-29 12:20:00",28420263,24139832,7146037
"2023-05-29 12:30:00",28763527,24129299,7297506
"2023-05-29 12:40:00",29112170,24119066,7463862
"2023-05-29 12:50:00",29473352,24109245,7633955
"2023-05-29 13:00:00",29744088,24099308,7749637
"2023-05-29 13:10:00",30043116,24089979,7900495
"2023-05-29 13:20:00",30358912,24081079,8050426
"2023-05-29 13:30:00",30576359,24072223,8177773
"2023-05-29 13:40:00",30847157,24063855,8290142
"2023-05-29 13:50:00",31013002,24055503,8372954
"2023-05-29 14:00:00",31097954,24047319,8410468
"2023-05-29 14:10:00",31171779,24039510,8445523
"2023-05-29 14:20:00",31196926,24031791,8454661
"2023-05-29 14:30:00",31173360,24024137,8443120
"2023-05-29 14:40:00",31098329,24016570,8405827
"2023-05-29 14:50:00",30994487,24009113,8346901
"2023-05-29 15:00:00",30829859,24001833,8254196
"2023-05-29 15:10:00",30479178,23994456,8113679
"2023-05-29 15:20:00",30260182,23987186,8019080
"2023-05-29 15:30:00",30009559,23979658,7915183
"2023-05-29 15:40:00",29714482,23972229,7802983
"2023-05-29 15:50:00",29469115,23964938,7706209
"2023-05-29 16:00:00",29213308,23957786,7589082
"2023-05-29 16:10:00",28908209,23950713,7474080
"2023-05-29 16:20:00",28694046,23943740,7393585
"2023-05-29 16:30:00",28492297,23936596,7316340
"2023-05-29 16:40:00",28327032,23931109,7289370
"2023-05-29 16:50:00",28215191,23925536,7235414
"2023-05-29 17:00:00",28108531,23920098,7200440
"2023-05-29 17:10:00",27989181,23914705,7165677
"2023-05-29 17:20:00",27924507,23909661,7153259
"2023-05-29 17:30:00",27854721,23904704,7145788
"2023-05-29 17:40:00",27799139,23899899,7145947
"2023-05-29 17:50:00",27753421,23895203,7137435
"2023-05-29 18:00:00",27701363,23890578,7123219
"2023-05-29 18:10:00",27645432,23886096,7126716
"2023-05-29 18:20:00",27617728,23881684,7139432
"2023-05-29 18:30:00",27581748,23877286,7151866
"2023-05-29 18:40:00",27541731,23872921,7169848
"2023-05-29 18:50:00",27497703,23868635,7178204
"2023-05-29 19:00:00",27398404,23864293,7160184
"2023-05-29 19:10:00",27276072,23860070,7133813
"2023-05-29 19:20:00",27146191,23855835,7115529
"2023-05-29 19:30:00",26989528,23851639,7082071
"2023-05-29 19:40:00",26820381,23847112,7039704
"2023-05-29 19:50:00",26626283,23842571,6987019
"2023-05-29 20:00:00",26362739,23837933,6894401
"2023-05-29 20:10:00",26060633,23833414,6799828
"2023-05-29 20:20:00",25782102,23828837,6731117
"2023-05-29 20:30:00",25451998,23824143,6630836
"2023-05-29 20:40:00",25143619,23819529,6534772
"2023-05-29 20:50:00",24702069,23814579,6405447
"2023-05-29 21:00:00",24451857,23810379,6299187
"2023-05-29 21:10:00",24091597,23805598,6171200
"2023-05-29 21:20:00",23736120,23800813,6057197
"2023-05-29 21:30:00",23401012,23795865,5943646
"2023-05-29 21:40:00",23078490,23790971,5840345
"2023-05-29 21:50:00",22769655,23786256,5736658
"2023-05-29 22:00:00",22455283,23781813,5618489
"2023-05-29 22:10:00",22137008,23777497,5502907
"2023-05-29 22:20:00",21875528,23676934,5413547
"2023-05-29 22:30:00",21633221,23614805,5338264
"2023-05-29 22:40:00",21389219,23594888,5257947
"2023-05-29 22:50:00",21191230,23583916,5192120
"2023-05-29 23:00:00",21001495,23574484,5120022
"2023-05-29 23:10:00",20813955,23566047,5049628
"2023-05-29 23:20:00",20675968,23558442,5006107
"2023-05-29 23:30:00",20515045,23551285,4964219
"2023-05-29 23:40:00",20444048,23544962,4938181
"2023-05-29 23:50:00",20396029,23539088,4914774
"2023-05-30 00:00:00",20375509,23533620,4886802
"2023-05-30 00:10:00",20352159,23528777,4870042
"2023-05-30 00:20:00",20358342,23524855,4860351
"2023-05-30 00:30:00",20394310,23521794,4853577
"2023-05-30 00:40:00",20432584,23519222,4850970
"2023-05-30 00:50:00",20470842,23516949,4852393
"2023-05-30 01:00:00",20512991,23514790,4850247
"2023-05-30 01:10:00",20548128,23512792,4855200
"2023-05-30 01:20:00",20588010,23510890,4865625
"2023-05-30 01:30:00",20601458,23509214,4875879
"2023-05-30 01:40:00",20618499,23507509,4879730
"2023-05-30 01:50:00",20639620,23505776,4883245
"2023-05-30 02:00:00",20640851,23503975,4872884
"2023-05-30 02:10:00",20642752,23502140,4873063
"2023-05-30 02:20:00",20649404,23500283,4885041
"2023-05-30 02:30:00",20645411,23498448,4891279
"2023-05-30 02:40:00",20617463,23496538,4891609
"2023-05-30 02:50:00",20552993,23494552,4894706
"2023-05-30 03:00:00",20478367,23492212,4886408
"2023-05-30 03:10:00",20378626,23489870,4850808
"2023-05-30 03:20:00",20297895,23487375,4818053
"2023-05-30 03:30:00",20217621,23484835,4782610
"2023-05-30 03:40:00",20137575,23482265,4742674
"2023-05-30 03:50:00",20084465,23479671,4711660
"2023-05-30 04:00:00",20060158,23477043,4678978
"2023-05-30 04:10:00",20070410,23474307,4662147
"2023-05-30 04:20:00",20102370,23471522,4669608
"2023-05-30 04:30:00",20102084,23468749,4672265
"2023-05-30 04:40:00",20084448,23465994,4665409
"2023-05-30 04:50:00",20042597,23463253,4659677
"2023-05-30 05:00:00",19965051,23460525,4635347
"2023-05-30 05:10:00",19855439,23457824,4587647
"2023-05-30 05:20:00",19770753,23455186,4543435
"2023-05-30 05:30:00",19657870,23452501,4488337
"2023-05-30 05:40:00",19576751,23449909,4422908
"2023-05-30 05:50:00",19550528,23447430,4397707
"2023-05-30 06:00:00",19543571,23444846,4343916
"2023-05-30 06:10:00",19551478,23442229,4315306
"2023-05-30 06:20:00",19605869,23439848,4310130
"2023-05-30 06:30:00",19679745,23437552,4317373
"2023-05-30 06:40:00",19748710,23435231,4327364
"2023-05-30 06:50:00",19820152,23432934,4334244
"2023-05-30 07:00:00",19916098,23430883,4344578
"2023-05-30 07:10:00",20015839,23428935,4366543
"2023-05-30 07:20:00",20153787,23426944,4397963
"2023-05-30 07:30:00",20258680,23424768,4423230
"2023-05-30 07:40:00",20385270,23422569,4464409
"2023-05-30 07:50:00",20534871,23420354,4513387
"2023-05-30 08:00:00",20695440,23417874,4559891
"2023-05-30 08:10:00",20853986,23415201,4609506
"2023-05-30 08:20:00",21025294,23412360,4663561
"2023-05-30 08:30:00",21200847,23408756,4712964
"2023-05-30 08:40:00",21375923,23404915,4762655
"2023-05-30 08:50:00",21520740,23400845,4798769
"2023-05-30 09:00:00",21654723,23396658,4826098
"2023-05-30 09:10:00",21837354,23392486,4863316
"2023-05-30 09:20:00",22002702,23387950,4893485
"2023-05-30 09:30:00",22148160,23383429,4903273
"2023-05-30 09:40:00",22322114,23378919,4938051
"2023-05-30 09:50:00",22527033,23374357,4973748
"2023-05-30 10:00:00",22685993,23369543,4989162
"2023-05-30 10:10:00",22894904,23364727,5036516
"2023-05-30 10:20:00",23132521,23359822,5094258
"2023-05-30 10:30:00",23316404,23354713,5140052
"2023-05-30 10:40:00",23547878,23349716,5210893
"2023-05-30 10:50:00",23830195,23344829,5296871
"2023-05-30 11:00:00",24128056,23339947,5377554
"2023-05-30 11:10:00",24438496,23334960,5494048
"2023-05-30 11:20:00",24756692,23329954,5616873
"2023-05-30 11:30:00",25064643,23324805,5734877
"2023-05-30 11:40:00",25431523,23319845,5880430
"2023-05-30 11:50:00",25789980,23314724,6023811
"2023-05-30 12:00:00",26115359,23309584,6152700
"2023-05-30 12:10:00",26482334,23304558,6312686
"2023-05-30 12:20:00",26841733,23299520,6469599
"2023-05-30 12:30:00",27196458,23294669,6611300
"2023-05-30 12:40:00",27584457,23289897,6780808
"2023-05-30 12:50:00",27903927,23284851,6916803
"2023-05-30 13:00:00",28255673,23280311,7071078
"2023-05-30 13:10:00",28601943,23275788,7205186
"2023-05-30 13:20:00",28913391,23271181,7349791
"2023-05-30 13:30:00",29184243,23266728,7464584
"2023-05-30 13:40:00",29428077,23262123,7577569
"2023-05-30 13:50:00",29603291,23257463,7659742
"2023-05-30 14:00:00",29719655,23252897,7687026
"2023-05-30 14:10:00",29806786,23248190,7720590
"2023-05-30 14:20:00",29841557,23243405,7732172
"2023-05-30 14:30:00",29823123,23238624,7721396
"2023-05-30 14:40:00",29763261,23234036,7691253
"2023-05-30 14:50:00",29671592,23229487,7641072
"2023-05-30 15:00:00",29493791,23224904,7540751
"2023-05-30 15:10:00",29156877,23220308,7403595
"2023-05-30 15:20:00",28884419,23215615,7321184
"2023-05-30 15:30:00",28641798,23211269,7214773
"2023-05-30 15:40:00",28367695,23206878,7110531
"2023-05-30 15:50:00",28146601,23202447,7022987
"2023-05-30 16:00:00",27901054,23197950,6913345
"2023-05-30 16:10:00",27598789,23193513,6800116
"2023-05-30 16:20:00",27339013,23188823,6722232
"2023-05-30 16:30:00",27216005,23184186,6666017
"2023-05-30 16:40:00",27072239,23179580,6621442
"2023-05-30 16:50:00",26981166,23174990,6582948
"2023-05-30 17:00:00",26870949,23170285,6533539
"2023-05-30 17:10:00",26813204,23165438,6512396
"2023-05-30 17:20:00",26743971,23160632,6500358
"2023-05-30 17:30:00",26687480,23155859,6497379
"2023-05-30 17:40:00",26642523,23151044,6503084
"2023-05-30 17:50:00",26609552,23146222,6515022
"2023-05-30 18:00:00",26577246,23141387,6501283
"2023-05-30 18:10:00",26530217,23136578,6520244
"2023-05-30 18:20:00",26501230,23131712,6530484
"2023-05-30 18:30:00",26466118,23126856,6534992
"2023-05-30 18:40:00",26434094,23121998,6545101
"2023-05-30 18:50:00",26387937,23117184,6545478
"2023-05-30 19:00:00",26326585,23112519,6538395
"2023-05-30 19:10:00",26213925,23107811,6521740
"2023-05-30 19:20:00",26108088,23103220,6514615
"2023-05-30 19:30:00",25888250,23098441,6472363
"2023-05-30 19:40:00",25725721,23094125,6422525
"2023-05-30 19:50:00",25548364,23089849,6376625
"2023-05-30 20:00:00",25333281,23085787,6309845
"2023-05-30 20:10:00",25037360,23081709,6213021
"2023-05-30 20:20:00",24772938,23077784,6129401
"2023-05-30 20:30:00",24479317,23074027,6031138
"2023-05-30 20:40:00",24190137,23070288,5945551
"2023-05-30 20:50:00",23881697,23066984,5851420
"2023-05-30 21:00:00",23510113,23063315,5733338
"2023-05-30 21:10:00",23170209,23059904,5631670
"2023-05-30 21:20:00",22785268,23055997,5523979
"2023-05-30 21:30:00",22474120,23052557,5424455
"2023-05-30 21:40:00",22176352,23049300,5325234
"2023-05-30 21:50:00",21921485,23046171,5246073
"2023-05-30 22:00:00",21653804,23043190,5161206
"2023-05-30 22:10:00",,22977832,
"2023-05-30 22:20:00",8201062,23022846,2134298
"2023-05-30 22:30:00",17279400,23060860,3878187
"2023-05-30 22:40:00",18996291,23067178,4152286
"2023-05-30 22:50:00",19106651,23066670,4197519
"2023-05-30 23:00:00",19114515,23065618,4201028
"2023-05-30 23:10:00",19080643,23064303,4206859
"2023-05-30 23:20:00",19043555,23062805,4205427
"2023-05-30 23:30:00",19025767,23061444,4201569
"2023-05-30 23:40:00",19014258,23059864,4195920
"2023-05-30 23:50:00",19024632,23058286,4195118
"2023-05-31 00:00:00",19112542,23056857,4227438
"2023-05-31 00:10:00",19267574,23055557,4318891
"2023-05-31 00:20:00",19440016,23054287,4419124
"2023-05-31 00:30:00",19569177,23052807,4498346
"2023-05-31 00:40:00",19661101,23051244,4531621
"2023-05-31 00:50:00",19719621,23049559,4552193
"2023-05-31 01:00:00",19799789,23047948,4569990
"2023-05-31 01:10:00",19848571,23046309,4584641
"2023-05-31 01:20:00",19905708,23044693,4612800
"2023-05-31 01:30:00",19930522,23043166,4629464
"2023-05-31 01:40:00",19960150,23041691,4640978
"2023-05-31 01:50:00",19990233,23040326,4645874
"2023-05-31 02:00:00",20008521,23039081,4649108
"2023-05-31 02:10:00",20025186,23037913,4665793
"2023-05-31 02:20:00",20048373,23036888,4683050
"2023-05-31 02:30:00",20050736,23035942,4685649
"2023-05-31 02:40:00",20038857,23035095,4687706
"2023-05-31 02:50:00",19925693,23034150,4682413
"2023-05-31 03:00:00",19880728,23033660,4662510
"2023-05-31 03:10:00",19768841,23033135,4596368
"2023-05-31 03:20:00",19702837,23032853,4555528
"2023-05-31 03:30:00",19633565,23032688,4518500
"2023-05-31 03:40:00",19568605,23032614,4479767
"2023-05-31 03:50:00",19527237,23032552,4449839
"2023-05-31 04:00:00",19505553,23032567,4413231
"2023-05-31 04:10:00",19525130,23032635,4402126
"2023-05-31 04:20:00",19577036,23032744,4422916
"2023-05-31 04:30:00",19593504,23032885,4433187
"2023-05-31 04:40:00",19596103,23032830,4443917
"2023-05-31 04:50:00",19571682,23032853,4439924
"2023-05-31 05:00:00",19521031,23032817,4410298
"2023-05-31 05:10:00",19434050,23032827,4362922
"2023-05-31 05:20:00",19369047,23032779,4333400
"2023-05-31 05:30:00",19302186,23032858,4293178
"2023-05-31 05:40:00",19241815,23032970,4264577
"2023-05-31 05:50:00",19198671,23033032,4255007
"2023-05-31 06:00:00",19204841,23033071,4244198
"2023-05-31 06:10:00",19262185,23033185,4263204
"2023-05-31 06:20:00",19329578,23033220,4287197
"2023-05-31 06:30:00",19401915,23033132,4300240
"2023-05-31 06:40:00",19489629,23032521,4319503
"2023-05-31 06:50:00",19585253,23031194,4339732
"2023-05-31 07:00:00",19697211,23029776,4344309
"2023-05-31 07:10:00",19800379,23028303,4375127
"2023-05-31 07:20:00",19918554,23026709,4409210
"2023-05-31 07:30:00",20034481,23025753,4438193
"2023-05-31 07:40:00",20166446,23025370,4462551
"2023-05-31 07:50:00",20277056,23024784,4483494
"2023-05-31 08:00:00",20407728,23024151,4515715
"2023-05-31 08:10:00",20557528,23023571,4556010
"2023-05-31 08:20:00",20737532,23022966,4603406
"2023-05-31 08:30:00",20893868,23022262,4648382
"2023-05-31 08:40:00",21057726,23021576,4685067
"2023-05-31 08:50:00",21206536,23020655,4713539
"2023-05-31 09:00:00",21339680,23019969,4726471
"2023-05-31 09:10:00",21480950,23019151,4765588
"2023-05-31 09:20:00",21630705,23018248,4772711
"2023-05-31 09:30:00",21789942,23017489,4801542
"2023-05-31 09:40:00",21970455,23016651,4847354
"2023-05-31 09:50:00",22151368,23015668,4884592
"2023-05-31 10:00:00",22321233,23014680,4912888
"2023-05-31 10:10:00",22523877,23013322,4964882
"2023-05-31 10:20:00",22769563,23012202,5008864
"2023-05-31 10:30:00",23002618,23011093,5053249
"2023-05-31 10:40:00",23252102,23009993,5130821
"2023-05-31 10:50:00",23517698,23008802,5211908
"2023-05-31 11:00:00",23800712,23007584,5295626
"2023-05-31 11:10:00",24121037,23006283,5413673
"2023-05-31 11:20:00",24422164,23004778,5528162
"2023-05-31 11:30:00",24755322,23003322,5651831
"2023-05-31 11:40:00",25096212,23001664,5782410
"2023-05-31 11:50:00",25458083,22999933,5919100
"2023-05-31 12:00:00",25807715,22998116,6052716
"2023-05-31 12:10:00",26175617,22996283,6226706
"2023-05-31 12:20:00",26574024,22994488,6392712
"2023-05-31 12:30:00",26924155,22992387,6543180
"2023-05-31 12:40:00",27276159,22990332,6702562
"2023-05-31 12:50:00",27665405,22988472,6857282
"2023-05-31 13:00:00",27992633,22986326,6995628
"2023-05-31 13:10:00",28323529,22984213,7145057
"2023-05-31 13:20:00",28638770,22982114,7286454
"2023-05-31 13:30:00",28892879,22979573,7386543
"2023-05-31 13:40:00",29119295,22977060,7485645
"2023-05-31 13:50:00",29298067,22974597,7567244
"2023-05-31 14:00:00",29373988,22971950,7589599
"2023-05-31 14:10:00",29437728,22969385,7610381
"2023-05-31 14:20:00",29471551,22966914,7619731
"2023-05-31 14:30:00",29491107,22964589,7617090
"2023-05-31 14:40:00",29434080,22962081,7582228
"2023-05-31 14:50:00",29344611,22959726,7522311
"2023-05-31 15:00:00",29156224,22957355,7419435
"2023-05-31 15:10:00",28833306,22955096,7300290
"2023-05-31 15:20:00",28640599,22953164,7228878
"2023-05-31 15:30:00",28374963,22951151,7125788
"2023-05-31 15:40:00",28076782,22949288,7016848
"2023-05-31 15:50:00",27834485,22947379,6921870
"2023-05-31 16:00:00",27603398,22945578,6825433
"2023-05-31 16:10:00",27272221,22943615,6713601
"2023-05-31 16:20:00",26973860,22941594,6632588
"2023-05-31 16:30:00",26845477,22939941,6591705
"2023-05-31 16:40:00",26692608,22938025,6545577
"2023-05-31 16:50:00",26577786,22935712,6500775
"2023-05-31 17:00:00",26392403,22933138,6429679
"2023-05-31 17:10:00",26349032,22930828,6444634
"2023-05-31 17:20:00",26279669,22928254,6444702
"2023-05-31 17:30:00",26207017,22925639,6406900
"2023-05-31 17:40:00",26152667,22923047,6384070
"2023-05-31 17:50:00",26104085,22920431,6382813
"2023-05-31 18:00:00",26072829,22917857,6375704
"2023-05-31 18:10:00",26013861,22915221,6381494
"2023-05-31 18:20:00",25987977,22912708,6401387
"2023-05-31 18:30:00",25947636,22910209,6420414
"2023-05-31 18:40:00",25928758,22907788,6429878
"2023-05-31 18:50:00",25893642,22905471,6431768
"2023-05-31 19:00:00",25816053,22903059,6407033
"2023-05-31 19:10:00",25716081,22900610,6391460
"2023-05-31 19:20:00",25609261,22898367,6375926
"2023-05-31 19:30:00",25499723,22896543,6363359
"2023-05-31 19:40:00",25336075,22894674,6324054
"2023-05-31 19:50:00",25178416,22892950,6288226
"2023-05-31 20:00:00",24956114,22891179,6222700
"2023-05-31 20:10:00",24688891,22889558,6138185
"2023-05-31 20:20:00",24440919,22887892,6061270
"2023-05-31 20:30:00",24139330,22886178,5966534
"2023-05-31 20:40:00",23863599,22884677,5880315
"2023-05-31 20:50:00",23552638,22883198,5780897
"2023-05-31 21:00:00",23231171,22882013,5657432
"2023-05-31 21:10:00",22790785,22880542,5510870
"2023-05-31 21:20:00",22505262,22879825,5403864
"2023-05-31 21:30:00",22222662,22879241,5303547
"2023-05-31 21:40:00",21918826,22878240,5194465
"2023-05-31 21:50:00",21667857,22877316,5106422
"2023-05-31 22:00:00",21380208,22876276,4999811
"2023-05-31 22:10:00",21058663,22948221,4911530
"2023-05-31 22:20:00",20788295,22991551,4844661
"2023-05-31 22:30:00",20568970,23003277,4782174
"2023-05-31 22:40:00",20368509,23008583,4727014
"2023-05-31 22:50:00",20204168,23012993,4685550
"2023-05-31 23:00:00",20038642,23016667,4625073
"2023-05-31 23:10:00",19889521,23019956,4568774
"2023-05-31 23:20:00",19785270,23022987,4540832
"2023-05-31 23:30:00",19672466,23025620,4454316
"2023-05-31 23:40:00",19621866,23028247,4457208
"2023-05-31 23:50:00",19592679,23030690,4463221
"2023-06-01 00:00:00",19583351,23032747,4467448
"2023-06-01 00:10:00",19625124,23034409,4510053
"2023-06-01 00:20:00",19677120,23035607,4545799
"2023-06-01 00:30:00",19747066,23036509,4556141
"2023-06-01 00:40:00",19794967,23037259,4567514
"2023-06-01 00:50:00",19844893,23038007,4576627
"2023-06-01 01:00:00",19909310,23038725,4576910
"2023-06-01 01:10:00",19952441,23039499,4581034
"2023-06-01 01:20:00",20024627,23040367,4604765
"2023-06-01 01:30:00",20054515,23041160,4618313
"2023-06-01 01:40:00",20106634,23042297,4643368
"2023-06-01 01:50:00",20155417,23043487,4659923
"2023-06-01 02:00:00",20183669,23044716,4665817
"2023-06-01 02:10:00",20225085,23046094,4672461
"2023-06-01 02:20:00",20265135,23047537,4692476
"2023-06-01 02:30:00",20281464,23049047,4701912
"2023-06-01 02:40:00",20283632,23050504,4702781
"2023-06-01 02:50:00",20265169,23052331,4700263
"2023-06-01 03:00:00",20222368,23054199,4689959
"2023-06-01 03:10:00",20162674,23056319,4692853
"2023-06-01 03:20:00",20119543,23058483,4688660
"2023-06-01 03:30:00",20063959,23060664,4676813
"2023-06-01 03:40:00",19994516,23062846,4651626
"2023-06-01 03:50:00",19972695,23065107,4630027
"2023-06-01 04:00:00",19959070,23067390,4607638
"2023-06-01 04:10:00",19975160,23069678,4587155
"2023-06-01 04:20:00",20024029,23071991,4602236
"2023-06-01 04:30:00",19975785,23074059,4579262
"2023-06-01 04:40:00",19986579,23076363,4594258
"2023-06-01 04:50:00",19927025,23078497,4587926
"2023-06-01 05:00:00",19872029,23080719,4559177
"2023-06-01 05:10:00",19755663,23071175,4508936
"2023-06-01 05:20:00",19688231,23071222,4480730
"2023-06-01 05:30:00",19614813,23071650,4447486
"2023-06-01 05:40:00",19555902,23072712,4409461
"2023-06-01 05:50:00",19497610,23072445,4376725
"2023-06-01 06:00:00",19484778,23073313,4343339
"2023-06-01 06:10:00",19512511,23074063,4319071
"2023-06-01 06:20:00",19549771,23075155,4312111
"2023-06-01 06:30:00",19472392,23075824,4281831
"2023-06-01 06:40:00",19354759,23076443,4207834
"2023-06-01 06:50:00",19413972,23077620,4218582
"2023-06-01 07:00:00",19509032,23078876,4234278
"2023-06-01 07:10:00",19596800,23080168,4259213
"2023-06-01 07:20:00",19872455,23081891,4417946
"2023-06-01 07:30:00",20134131,23083738,4420235
"2023-06-01 07:40:00",20245145,23085110,4439819
"2023-06-01 07:50:00",20368761,23086545,4475726
"2023-06-01 08:00:00",20520873,23088193,4522080
"2023-06-01 08:10:00",20658039,23089804,4580740
"2023-06-01 08:20:00",20828319,23091427,4633458
"2023-06-01 08:30:00",20999407,23093153,4687002
"2023-06-01 08:40:00",21098967,23094569,4723331
"2023-06-01 08:50:00",21310810,23096453,4780111
"2023-06-01 09:00:00",21444370,23098155,4800595
"2023-06-01 09:10:00",21577102,23099816,4835748
"2023-06-01 09:20:00",21754282,23101631,4855439
"2023-06-01 09:30:00",21887895,23103314,4879107
"2023-06-01 09:40:00",22051055,23104949,4911514
"2023-06-01 09:50:00",22222097,23106554,4942359
"2023-06-01 10:00:00",22300334,23107852,4945108
"2023-06-01 10:10:00",22559871,23109580,4993167
"2023-06-01 10:20:00",22767592,23110970,5043371
"2023-06-01 10:30:00",22988618,23112367,5098009
"2023-06-01 10:40:00",23228716,23113789,5171987
"2023-06-01 10:50:00",23499984,23115352,5255071
"2023-06-01 11:00:00",23752999,23116751,5319738
"2023-06-01 11:10:00",24034205,23118194,5415076
"2023-06-01 11:20:00",24327279,23119698,5523638
"2023-06-01 11:30:00",24629027,23121171,5619720
"2023-06-01 11:40:00",24948009,23122594,5737291
"2023-06-01 11:50:00",25266453,23123928,5871619
"2023-06-01 12:00:00",25610988,23125353,6008447
"2023-06-01 12:10:00",25955852,23126750,6155430
"2023-06-01 12:20:00",26276228,23127873,6301944
"2023-06-01 12:30:00",26669837,23129350,6461953
"2023-06-01 12:40:00",27013798,23130012,6615428
"2023-06-01 12:50:00",27347585,23131004,6765008
"2023-06-01 13:00:00",27696811,23132009,6904363
"2023-06-01 13:10:00",28028145,23132939,7067417
"2023-06-01 13:20:00",28238639,23133537,7174337
"2023-06-01 13:30:00",28515437,23134481,7277837
"2023-06-01 13:40:00",28752193,23135520,7384046
"2023-06-01 13:50:00",28916557,23136480,7447477
"2023-06-01 14:00:00",29035161,23137783,7476481
"2023-06-01 14:10:00",29125052,23139333,7507232
"2023-06-01 14:20:00",29165427,23141027,7523441
"2023-06-01 14:30:00",29132647,23142666,7508047
"2023-06-01 14:40:00",29114965,23144591,7501636
"2023-06-01 14:50:00",29030798,23146639,7454177
"2023-06-01 15:00:00",28860575,23148948,7357100
"2023-06-01 15:10:00",28555408,23151510,7243484
"2023-06-01 15:20:00",28361487,23154289,7141839
"2023-06-01 15:30:00",28158133,23157672,7033375
"2023-06-01 15:40:00",27866499,23161180,6924317
"2023-06-01 15:50:00",27640911,23164962,6833576
"2023-06-01 16:00:00",27391786,23168671,6721230
"2023-06-01 16:10:00",27079563,23172485,6615737
"2023-06-01 16:20:00",26887527,23176669,6555492
"2023-06-01 16:30:00",26695882,23180431,6494900
"2023-06-01 16:40:00",26455797,23183797,6444773
"2023-06-01 16:50:00",26337814,23187169,6403487
"2023-06-01 17:00:00",26212625,23190495,6352659
"2023-06-01 17:10:00",26096995,23193364,6317533
"2023-06-01 17:20:00",26031445,23195966,6308520
"2023-06-01 17:30:00",25974461,23198306,6303266
"2023-06-01 17:40:00",25928232,23200401,6303016
"2023-06-01 17:50:00",25890665,23202219,6300124
"2023-06-01 18:00:00",25853989,23203761,6269680
"2023-06-01 18:10:00",25826681,23205188,6313228
"2023-06-01 18:20:00",25810322,23206378,6355803
"2023-06-01 18:30:00",25779966,23207228,6373955
"2023-06-01 18:40:00",25780468,23208119,6400877
"2023-06-01 18:50:00",25734571,23208750,6419532
"2023-06-01 19:00:00",25635519,23208722,6397819
"2023-06-01 19:10:00",25594733,23209216,6393061
"2023-06-01 19:20:00",25501843,23209659,6389310
"2023-06-01 19:30:00",25381503,23210118,6378070
"2023-06-01 19:40:00",25240403,23210820,6358693
"2023-06-01 19:50:00",25076676,23211635,6315086
"2023-06-01 20:00:00",24870105,23212715,6254090
"2023-06-01 20:10:00",24575114,23213861,6148845
"2023-06-01 20:20:00",24321349,23215321,6081225
"2023-06-01 20:30:00",24067621,23217218,6012524
"2023-06-01 20:40:00",23800805,23219376,5944820
"2023-06-01 20:50:00",23525302,23221888,5867993
"2023-06-01 21:00:00",23219882,23224702,5768496
"2023-06-01 21:10:00",22897350,23228140,5662364
"2023-06-01 21:20:00",22622920,23231744,5557337
"2023-06-01 21:30:00",22229106,23234949,5421543
"2023-06-01 21:40:00",21943745,23238662,5317097
"2023-06-01 21:50:00",21679618,23242323,5226297
"2023-06-01 22:00:00",21428672,23246187,5146202
"2023-06-01 22:10:00",21164268,23250175,5067008
"2023-06-01 22:20:00",20931104,23254213,5003624
"2023-06-01 22:30:00",20747396,23258136,4942605
"2023-06-01 22:40:00",20557836,23262044,4886620
"2023-06-01 22:50:00",20351728,23265699,4799449
"2023-06-01 23:00:00",20187751,23269323,4698958
"2023-06-01 23:10:00",20029611,23272744,4624298
"2023-06-01 23:20:00",19903850,23276002,4564010
"2023-06-01 23:30:00",19827057,23279298,4550579
"2023-06-01 23:40:00",19761559,23282389,4519057
"2023-06-01 23:50:00",19717486,23285267,4498422
"2023-06-02 00:00:00",19706256,23287991,4488396
"2023-06-02 00:10:00",19734083,23290514,4498307
"2023-06-02 00:20:00",19759911,23292678,4500819
"2023-06-02 00:30:00",19829557,23294724,4504103
"2023-06-02 00:40:00",19885492,23296664,4519584
"2023-06-02 00:50:00",19942491,23298597,4536090
"2023-06-02 01:00:00",20028763,23300619,4551180
"2023-06-02 01:10:00",20083983,23302657,4563003
"2023-06-02 01:20:00",20129174,23304706,4583477
"2023-06-02 01:30:00",20235863,23307208,4619825
"2023-06-02 01:40:00",20284661,23309677,4657400
"2023-06-02 01:50:00",20334667,23312380,4688910
"2023-06-02 02:00:00",20380992,23315366,4713797
"2023-06-02 02:10:00",20423980,23318552,4753861
"2023-06-02 02:20:00",20469527,23321965,4794019
"2023-06-02 02:30:00",20455966,23325447,4810371
"2023-06-02 02:40:00",20468879,23329342,4846982
"2023-06-02 02:50:00",20459647,23333557,4856391
"2023-06-02 03:00:00",20436665,23338117,4857503
"2023-06-02 03:10:00",20365827,23342869,4838125
"2023-06-02 03:20:00",20313293,23347961,4815985
"2023-06-02 03:30:00",20262200,23353363,4790439
"2023-06-02 03:40:00",20194909,23359022,4752962
"2023-06-02 03:50:00",20170810,23364977,4716795
"2023-06-02 04:00:00",20161965,23371125,4681631
"2023-06-02 04:10:00",20187942,23377379,4675994
"2023-06-02 04:20:00",20231619,23383653,4700921
"2023-06-02 04:30:00",20244099,23390190,4709411
"2023-06-02 04:40:00",20241320,23396753,4715638
"2023-06-02 04:50:00",20212111,23403583,4708855
"2023-06-02 05:00:00",16711250,23396643,3931866
"2023-06-02 05:10:00",19427401,23411310,4359951
"2023-06-02 05:20:00",19478109,23418676,4332380
"2023-06-02 05:30:00",19590225,23426665,4413484
"2023-06-02 05:40:00",19152163,23432909,4309010
"2023-06-02 05:50:00",19449798,23441976,4326587
"2023-06-02 06:00:00",19432553,23450270,4277357
"2023-06-02 06:10:00",19593879,23459286,4317848
"2023-06-02 06:20:00",19664595,23468146,4340608
"2023-06-02 06:30:00",19792411,23477793,4371199
"2023-06-02 06:40:00",19881495,23488170,4400372
"2023-06-02 06:50:00",19983641,23498716,4420124
"2023-06-02 07:00:00",20107653,23509346,4436738
"2023-06-02 07:10:00",20156404,23519740,4460729
"2023-06-02 07:20:00",20312701,23529811,4504383
"2023-06-02 07:30:00",20455041,23539304,4535338
"2023-06-02 07:40:00",20571598,23548782,4568985
"2023-06-02 07:50:00",20736323,23558455,4613267
"2023-06-02 08:00:00",20891746,23568083,4657148
"2023-06-02 08:10:00",21043711,23577682,4704943
"2023-06-02 08:20:00",21229484,23587348,4770615
"2023-06-02 08:30:00",21377881,23596784,4821573
"2023-06-02 08:40:00",21550555,23606503,4875558
"2023-06-02 08:50:00",21707610,23615982,4921768
"2023-06-02 09:00:00",21838446,23625446,4953583
"2023-06-02 09:10:00",21988665,23634961,4989909
"2023-06-02 09:20:00",22154347,23644382,5025503
"2023-06-02 09:30:00",22293500,23653751,5054092
"2023-06-02 09:40:00",22459332,23663069,5086468
"2023-06-02 09:50:00",22639361,23672344,5122110
"2023-06-02 10:00:00",22786147,23681806,5148286
"2023-06-02 10:10:00",22986055,23690957,5204260
"2023-06-02 10:20:00",23210337,23700008,5265587
"2023-06-02 10:30:00",23450469,23708985,5333969
"2023-06-02 10:40:00",23728516,23717889,5418619
"2023-06-02 10:50:00",23984250,23726485,5499613
"2023-06-02 11:00:00",24295982,23735206,5593361
"2023-06-02 11:10:00",24606471,23743693,5710534
"2023-06-02 11:20:00",24927137,23752111,5831442
"2023-06-02 11:30:00",25239922,23760289,5953636
"2023-06-02 11:40:00",25582595,23768328,6096991
"2023-06-02 11:50:00",25936692,23776318,6238468
"2023-06-02 12:00:00",26300612,23784102,6395633
"2023-06-02 12:10:00",26652465,23791690,6545827
"2023-06-02 12:20:00",27034037,23799279,6712202
"2023-06-02 12:30:00",27187156,23805668,6779756
"2023-06-02 12:40:00",27698765,23813102,7035196
"2023-06-02 12:50:00",28013266,23819700,7169551
"2023-06-02 13:00:00",28341077,23826108,7306914
"2023-06-02 13:10:00",28692246,23832380,7461924
"2023-06-02 13:20:00",28986722,23838784,7592275
"2023-06-02 13:30:00",29283238,23845078,7728936
"2023-06-02 13:40:00",29514608,23851164,7852401
"2023-06-02 13:50:00",29738720,23857451,7956414
"2023-06-02 14:00:00",29906428,23863776,8029459
"2023-06-02 14:10:00",30036312,23870178,8094357
"2023-06-02 14:20:00",30123420,23876774,8133739
"2023-06-02 14:30:00",30136953,23883547,8128468
"2023-06-02 14:40:00",30154763,23890496,8139706
"2023-06-02 14:50:00",30133733,23897705,8124120
"2023-06-02 15:00:00",30025279,23905161,8073775
"2023-06-02 15:10:00",29792832,23913035,7977166
"2023-06-02 15:20:00",29718726,23921623,7941381
"2023-06-02 15:30:00",29550563,23930212,7871645
"2023-06-02 15:40:00",29328987,23939151,7782839
"2023-06-02 15:50:00",29105464,23948118,7697379
"2023-06-02 16:00:00",28870359,23957139,7591115
"2023-06-02 16:10:00",28551608,23966105,7468928
"2023-06-02 16:20:00",28304802,23974759,7374590
"2023-06-02 16:30:00",28096255,23983332,7301744
"2023-06-02 16:40:00",27865452,23991921,7211567
"2023-06-02 16:50:00",27663747,24000170,7138911
"2023-06-02 17:00:00",27483484,24008131,7059028
"2023-06-02 17:10:00",27281655,24015715,6987230
"2023-06-02 17:20:00",27116370,24022821,6936372
"2023-06-02 17:30:00",26973760,24029509,6879967
"2023-06-02 17:40:00",26828378,24035737,6839257
"2023-06-02 17:50:00",26711136,24041599,6807077
"2023-06-02 18:00:00",26601103,24047023,6773220
"2023-06-02 18:10:00",26488234,24052031,6753731
"2023-06-02 18:20:00",26351677,24056468,6744461
"2023-06-02 18:30:00",26312393,24060922,6718490
"2023-06-02 18:40:00",26243670,24064924,6706134
"2023-06-02 18:50:00",26013330,24068027,6627083
"2023-06-02 19:00:00",26010374,24071907,6626872
"2023-06-02 19:10:00",25936645,24075399,6624774
"2023-06-02 19:20:00",25863437,24078888,6628824
"2023-06-02 19:30:00",25795035,24082493,6639811
"2023-06-02 19:40:00",25699217,24086191,6633012
"2023-06-02 19:50:00",25602925,24090129,6616404
"2023-06-02 20:00:00",25454096,24094237,6575437
"2023-06-02 20:10:00",25270511,24098800,6529425
"2023-06-02 20:20:00",25100372,24103777,6488798
"2023-06-02 20:30:00",24922427,24109071,6448989
"2023-06-02 20:40:00",24728290,24114698,6396079
"2023-06-02 20:50:00",24533229,24120640,6344310
"2023-06-02 21:00:00",24284631,24126777,6262877
"2023-06-02 21:10:00",24004373,24133070,6178417
"2023-06-02 21:20:00",23743267,24139500,6094288
"2023-06-02 21:30:00",23495447,24146555,6018052
"2023-06-02 21:40:00",23212757,24153561,5918929
"2023-06-02 21:50:00",22971032,24160698,5834965
"2023-06-02 22:00:00",22689900,24167675,5730862
"2023-06-02 22:10:00",22396612,24174516,5618652
"2023-06-02 22:20:00",22081961,24180988,5509527
"2023-06-02 22:30:00",21881510,24187542,5434829
"2023-06-02 22:40:00",21664263,24193793,5351491
"2023-06-02 22:50:00",21448109,24199876,5261020
"2023-06-02 23:00:00",21231067,24205705,5162027
"2023-06-02 23:10:00",21048468,24211360,5098544
"2023-06-02 23:20:00",20890534,24216744,5047118
"2023-06-02 23:30:00",20766730,24221873,5003491
"2023-06-02 23:40:00",20651654,24226641,4958885
"2023-06-02 23:50:00",20560409,24231113,4931247
"2023-06-03 00:00:00",20502374,24235313,4904106
"2023-06-03 00:10:00",20445988,24239035,4881422
"2023-06-03 00:20:00",20434283,24242499,4879336
"2023-06-03 00:30:00",20459040,24245686,4891397
"2023-06-03 00:40:00",20504338,24248710,4920205
"2023-06-03 00:50:00",20563562,24251677,4949395
"2023-06-03 01:00:00",20639813,24254534,4976345
"2023-06-03 01:10:00",20736163,24257511,5019704
"2023-06-03 01:20:00",20832409,24260653,5063378
"2023-06-03 01:30:00",20933842,24263739,5105667
"2023-06-03 01:40:00",21060916,24267128,5156990
"2023-06-03 01:50:00",21183906,24270800,5209555
"2023-06-03 02:00:00",21297628,24274800,5260654
"2023-06-03 02:10:00",21411613,24279119,5303424
"2023-06-03 02:20:00",21522883,24283761,5359681
"2023-06-03 02:30:00",21637588,24289052,5420532
"2023-06-03 02:40:00",21748930,24294795,5472929
"2023-06-03 02:50:00",21832804,24301006,5504593
"2023-06-03 03:00:00",21893375,24307677,5527442
"2023-06-03 03:10:00",21954764,24314948,5544286
"2023-06-03 03:20:00",22004949,24322752,5556143
"2023-06-03 03:30:00",22042832,24331048,5552565
"2023-06-03 03:40:00",22083719,24339912,5547387
"2023-06-03 03:50:00",22123455,24349148,5540335
"2023-06-03 04:00:00",22141310,24358559,5530619
"2023-06-03 04:10:00",22185738,24367948,5517956
"2023-06-03 04:20:00",22239532,24377452,5538851
"2023-06-03 04:30:00",22283958,24387165,5552527
"2023-06-03 04:40:00",22335370,24397209,5575610
"2023-06-03 04:50:00",22377412,24407643,5598576
"2023-06-03 05:00:00",22392421,24434094,5606911
"2023-06-03 05:10:00",22425892,24448477,5635266
"2023-06-03 05:20:00",22439186,24462741,5650926
"2023-06-03 05:30:00",22487868,24476825,5679832
"2023-06-03 05:40:00",22535592,24493149,5700065
"2023-06-03 05:50:00",22578689,24508374,5718045
"2023-06-03 06:00:00",22630795,24523946,5740440
"2023-06-03 06:10:00",22697579,24539124,5769363
"2023-06-03 06:20:00",22757714,24554298,5778779
"2023-06-03 06:30:00",22851855,24569410,5804553
"2023-06-03 06:40:00",22944997,24584569,5825103
"2023-06-03 06:50:00",23040655,24599752,5846695
"2023-06-03 07:00:00",23144390,24614881,5865761
"2023-06-03 07:10:00",23257315,24630380,5904493
"2023-06-03 07:20:00",23389170,24645840,5950112
"2023-06-03 07:30:00",23524594,24661295,5978552
"2023-06-03 07:40:00",23657387,24676890,6012276
"2023-06-03 07:50:00",23807852,24692532,6048033
"2023-06-03 08:00:00",23938070,24708035,6077302
"2023-06-03 08:10:00",24097675,24723714,6113439
"2023-06-03 08:20:00",24241379,24739278,6115040
"2023-06-03 08:30:00",24389726,24754932,6155334
"2023-06-03 08:40:00",24563547,24770686,6200539
"2023-06-03 08:50:00",24725957,24786517,6231496
"2023-06-03 09:00:00",24855262,24802396,6242161
"2023-06-03 09:10:00",24995789,24818294,6260673
"2023-06-03 09:20:00",25140857,24834167,6259351
"2023-06-03 09:30:00",25264084,24850019,6262498
"2023-06-03 09:40:00",25407865,24865806,6262725
"2023-06-03 09:50:00",25558465,24881505,6270540
"2023-06-03 10:00:00",25689169,24897157,6264500
"2023-06-03 10:10:00",25834289,24912582,6285003
"2023-06-03 10:20:00",26008995,24927792,6318082
"2023-06-03 10:30:00",26172032,24942656,6353321
"2023-06-03 10:40:00",26367812,24957111,6394462
"2023-06-03 10:50:00",26585321,24971416,6467589
"2023-06-03 11:00:00",26772980,24985076,6515436
"2023-06-03 11:10:00",27021985,24998531,6617412
"2023-06-03 11:20:00",27243096,25011311,6710300
"2023-06-03 11:30:00",27473544,25024209,6808401
"2023-06-03 11:40:00",27748304,25036831,6940572
"2023-06-03 11:50:00",28001554,25048920,7058233
"2023-06-03 12:00:00",28286717,25060705,7194910
"2023-06-03 12:10:00",28548178,25072013,7337346
"2023-06-03 12:20:00",28864085,25083017,7494817
"2023-06-03 12:30:00",29144409,25094498,7642798
"2023-06-03 12:40:00",29382796,25104680,7763234
"2023-06-03 12:50:00",29663409,25114742,7899844
"2023-06-03 13:00:00",29913116,25124151,8028101
"2023-06-03 13:10:00",30184505,25132954,8172929
"2023-06-03 13:20:00",30409705,25141667,8285634
"2023-06-03 13:30:00",30639581,25150151,8404627
"2023-06-03 13:40:00",30853270,25158533,8493506
"2023-06-03 13:50:00",31016140,25166548,8545121
"2023-06-03 14:00:00",31150440,25174321,8565344
"2023-06-03 14:10:00",31279381,25181904,8603114
"2023-06-03 14:20:00",31359776,25189252,8631442
"2023-06-03 14:30:00",31383755,25196484,8647780
"2023-06-03 14:40:00",31398446,25203569,8654065
"2023-06-03 14:50:00",31371750,25210392,8643722
"2023-06-03 15:00:00",31304123,25217223,8617186
"2023-06-03 15:10:00",31147253,25224080,8545521
"2023-06-03 15:20:00",31017416,25230334,8493096
"2023-06-03 15:30:00",30867962,25236500,8434307
"2023-06-03 15:40:00",30652986,25242535,8346465
"2023-06-03 15:50:00",30427329,25248373,8238266
"2023-06-03 16:00:00",30181452,25254113,8127633
"2023-06-03 16:10:00",29832961,25259733,8034992
"2023-06-03 16:20:00",29583070,25265357,7959924
"2023-06-03 16:30:00",29364754,25271020,7888783
"2023-06-03 16:40:00",29141168,25276738,7814097
"2023-06-03 16:50:00",28920173,25282468,7734103
"2023-06-03 17:00:00",28737511,25288370,7661951
"2023-06-03 17:10:00",28517296,25294284,7578221
"2023-06-03 17:20:00",28334252,25300308,7513631
"2023-06-03 17:30:00",28179577,25306472,7463414
"2023-06-03 17:40:00",28026830,25312767,7410525
"2023-06-03 17:50:00",27864085,25319031,7346555
"2023-06-03 18:00:00",27738059,25325448,7298528
"2023-06-03 18:10:00",27606580,25331930,7259584
"2023-06-03 18:20:00",27493164,25338458,7228373
"2023-06-03 18:30:00",27397455,25344933,7213946
"2023-06-03 18:40:00",27292102,25351364,7185841
"2023-06-03 18:50:00",27202007,25358601,7168722
"2023-06-03 19:00:00",27106880,25365479,7144202
"2023-06-03 19:10:00",27001441,25372238,7113192
"2023-06-03 19:20:00",26887391,25378747,7092273
"2023-06-03 19:30:00",26780524,25385061,7070873
"2023-06-03 19:40:00",26665122,25391208,7046640
"2023-06-03 19:50:00",26538159,25397112,7016331
"2023-06-03 20:00:00",26378228,25402811,6972094
"2023-06-03 20:10:00",26214525,25408421,6939817
"2023-06-03 20:20:00",26038831,25413745,6903781
"2023-06-03 20:30:00",25867001,25418853,6865576
"2023-06-03 20:40:00",25658185,25423598,6814620
"2023-06-03 20:50:00",25442173,25428042,6755297
"2023-06-03 21:00:00",25181505,25432171,6679078
"2023-06-03 21:10:00",24931247,25436313,6593950
"2023-06-03 21:20:00",24663365,25440098,6501855
"2023-06-03 21:30:00",24390867,25443539,6414418
"2023-06-03 21:40:00",24119593,25446903,6320357
"2023-06-03 21:50:00",23866615,25450056,6232504
"2023-06-03 22:00:00",23580439,25452990,6129456
"2023-06-03 22:10:00",23283088,25455874,6020556
"2023-06-03 22:20:00",23029125,25458929,5927429
"2023-06-03 22:30:00",22756267,25461581,5827995
"2023-06-03 22:40:00",22489934,25463992,5733563
"2023-06-03 22:50:00",22265180,25466378,5647934
"2023-06-03 23:00:00",22021468,25468637,5545585
"2023-06-03 23:10:00",21786884,25470681,5453247
"2023-06-03 23:20:00",21610144,25472696,5389087
"2023-06-03 23:30:00",21429351,25474439,5321264
"2023-06-03 23:40:00",21278779,25476124,5263449
"2023-06-03 23:50:00",21161591,25477784,5219491
"2023-06-04 00:00:00",21061837,25479321,5172061
"2023-06-04 00:10:00",20968364,25480788,5124575
"2023-06-04 00:20:00",20925088,25482224,5101821
"2023-06-04 00:30:00",20903165,25483485,5091350
"2023-06-04 00:40:00",20921098,25484691,5098218
"2023-06-04 00:50:00",20953434,25485802,5111634
"2023-06-04 01:00:00",21003051,25486775,5124687
"2023-06-04 01:10:00",21073216,25487611,5148872
"2023-06-04 01:20:00",21155337,25488300,5195368
"2023-06-04 01:30:00",21235975,25488806,5238048
"2023-06-04 01:40:00",21344002,25489107,5288984
"2023-06-04 01:50:00",21476066,25489288,5346661
"2023-06-04 02:00:00",21587959,25489266,5391122
"2023-06-04 02:10:00",21711450,25489097,5443003
"2023-06-04 02:20:00",21849805,25488857,5501266
"2023-06-04 02:30:00",21966099,25488386,5555409
"2023-06-04 02:40:00",22094669,25487779,5612366
"2023-06-04 02:50:00",22209523,25487030,5654120
"2023-06-04 03:00:00",22268977,25485999,5671160
"2023-06-04 03:10:00",22355393,25484898,5695212
"2023-06-04 03:20:00",22438628,25483670,5709739
"2023-06-04 03:30:00",22505511,25482320,5713940
"2023-06-04 03:40:00",22576762,25480868,5718230
"2023-06-04 03:50:00",22634973,25479268,5719952
"2023-06-04 04:00:00",22604490,25477250,5720235
"2023-06-04 04:10:00",22673598,25475395,5740371
"2023-06-04 04:20:00",22749225,25473574,5767401
"2023-06-04 04:30:00",22824799,25471866,5793221
"2023-06-04 04:40:00",22899441,25470167,5824965
"2023-06-04 04:50:00",22947576,25468354,5848269
"2023-06-04 05:00:00",23007579,25466651,5875573
"2023-06-04 05:10:00",23055616,25464815,5914182
"2023-06-04 05:20:00",23108212,25462896,5953099
"2023-06-04 05:30:00",23160100,25460768,5986950
"2023-06-04 05:40:00",23227043,25458557,6020793
"2023-06-04 05:50:00",23275189,25456164,6046273
"2023-06-04 06:00:00",23336522,25453684,6066933
"2023-06-04 06:10:00",23414933,25451197,6107001
"2023-06-04 06:20:00",23507130,25448811,6150928
"2023-06-04 06:30:00",23606308,25446373,6175329
"2023-06-04 06:40:00",23716019,25443997,6202973
"2023-06-04 06:50:00",23821099,25441641,6235393
"2023-06-04 07:00:00",23950682,25439403,6255496
"2023-06-04 07:10:00",24087681,25437176,6293002
"2023-06-04 07:20:00",24224767,25435015,6332342
"2023-06-04 07:30:00",24381063,25432970,6376982
"2023-06-04 07:40:00",24555767,25431100,6422626
"2023-06-04 07:50:00",24690064,25429071,6453161
"2023-06-04 08:00:00",24874389,25427411,6483227
"2023-06-04 08:10:00",25061551,25425864,6520386
"2023-06-04 08:20:00",25238173,25424438,6554957
"2023-06-04 08:30:00",25421272,25423207,6586353
"2023-06-04 08:40:00",25611376,25422092,6622567
"2023-06-04 08:50:00",25792429,25421035,6646261
"2023-06-04 09:00:00",25942952,25420106,6651506
"2023-06-04 09:10:00",26108841,25419290,6654517
"2023-06-04 09:20:00",26271146,25418565,6660259
"2023-06-04 09:30:00",26404789,25417933,6660397
"2023-06-04 09:40:00",26564896,25417420,6654502
"2023-06-04 09:50:00",26721792,25416973,6649860
"2023-06-04 10:00:00",26860060,25416667,6640991
"2023-06-04 10:10:00",27006765,25416413,6645651
"2023-06-04 10:20:00",27182582,25416291,6666044
"2023-06-04 10:30:00",27329733,25416193,6700917
"2023-06-04 10:40:00",27533880,25416316,6751798
"2023-06-04 10:50:00",27718043,25416362,6813906
"2023-06-04 11:00:00",27937743,25416717,6880341
"2023-06-04 11:10:00",28091092,25416655,7040611
"2023-06-04 11:20:00",28530707,25418058,7233956
"2023-06-04 11:30:00",28776961,25419295,7325927
"2023-06-04 11:40:00",29022350,25420563,7418887
"2023-06-04 11:50:00",29302492,25422163,7527148
"2023-06-04 12:00:00",29562021,25423777,7624964
"2023-06-04 12:10:00",29823769,25425606,7756144
"2023-06-04 12:20:00",30084286,25427302,7886991
"2023-06-04 12:30:00",30355841,25429136,8012071
"2023-06-04 12:40:00",30610813,25431242,8144102
"2023-06-04 12:50:00",30762278,25432860,8216283
"2023-06-04 13:00:00",30907462,25434292,8267450
"2023-06-04 13:10:00",31284191,25436617,8431568
"2023-06-04 13:20:00",31546504,25439016,8571625
"2023-06-04 13:30:00",31767805,25441494,8691474
"2023-06-04 13:40:00",31945914,25443861,8784992
"2023-06-04 13:50:00",32069774,25446051,8855182
"2023-06-04 14:00:00",32120145,25447916,8888118
"2023-06-04 14:10:00",32155230,25449452,8914973
"2023-06-04 14:20:00",32159998,25450719,8917565
"2023-06-04 14:30:00",32122128,25451768,8890039
"2023-06-04 14:40:00",32027720,25452332,8852165
"2023-06-04 14:50:00",31914585,25452550,8803757
"2023-06-04 15:00:00",31691847,25452026,8706196
"2023-06-04 15:10:00",31377078,25450820,8567631
"2023-06-04 15:20:00",31162799,25449212,8476733
"2023-06-04 15:30:00",30934809,25447228,8383243
"2023-06-04 15:40:00",30629913,25444781,8265990
"2023-06-04 15:50:00",30378838,25442298,8150585
"2023-06-04 16:00:00",30138257,25439874,8033251
"2023-06-04 16:10:00",29794466,25437499,7898339
"2023-06-04 16:20:00",29580335,25435364,7813209
"2023-06-04 16:30:00",29367376,25433273,7729912
"2023-06-04 16:40:00",29187954,25431505,7660026
"2023-06-04 16:50:00",29049020,25430221,7615520
"2023-06-04 17:00:00",28909044,25429184,7548843
"2023-06-04 17:10:00",28776631,25428669,7496930
"2023-06-04 17:20:00",28683163,25428653,7474700
"2023-06-04 17:30:00",28603951,25429067,7464942
"2023-06-04 17:40:00",28536516,25429961,7453273
"2023-06-04 17:50:00",28480056,25431447,7448280
"2023-06-04 18:00:00",28425019,25433335,7431733
"2023-06-04 18:10:00",28261079,25435038,7387022
"2023-06-04 18:20:00",28249992,25437482,7403315
"2023-06-04 18:30:00",28216022,25440227,7406226
"2023-06-04 18:40:00",28170431,25443306,7410139
"2023-06-04 18:50:00",28120653,25446626,7407430
"2023-06-04 19:00:00",28041629,25450024,7398124
"2023-06-04 19:10:00",27910537,25453304,7378530
"2023-06-04 19:20:00",27791911,25456634,7358354
"2023-06-04 19:30:00",27651010,25459793,7323999
"2023-06-04 19:40:00",27489913,25462743,7288729
"2023-06-04 19:50:00",27290024,25465324,7220350
"2023-06-04 20:00:00",27040429,25467485,7137119
"2023-06-04 20:10:00",26751579,25469019,7051060
"2023-06-04 20:20:00",26455722,25469930,6959595
"2023-06-04 20:30:00",26141578,25470152,6861076
"2023-06-04 20:40:00",25834853,25469896,6771922
"2023-06-04 20:50:00",25492389,25468991,6665942
"2023-06-04 21:00:00",25163764,25467770,6560691
"2023-06-04 21:10:00",24753411,25465738,6432726
"2023-06-04 21:20:00",24372707,25463106,6320329
"2023-06-04 21:30:00",24032123,25460238,6206251
"2023-06-04 21:40:00",23679989,25456961,6091000
"2023-06-04 21:50:00",23328008,25453267,5981186
"2023-06-04 22:00:00",23022009,25449557,5874476
"2023-06-04 22:10:00",22657501,25445519,5745985
"2023-06-04 22:20:00",22374743,25441447,5652105
"2023-06-04 22:30:00",22096748,25437388,5555453
"2023-06-04 22:40:00",21834150,25433467,5463516
"2023-06-04 22:50:00",21606430,25429627,5379775
"2023-06-04 23:00:00",21378004,25425969,5286745
"2023-06-04 23:10:00",21170349,25422534,5217048
"2023-06-04 23:20:00",20993381,25419210,5151834
"2023-06-04 23:30:00",20866896,25416289,5113417
"2023-06-04 23:40:00",20762988,25413669,5084240
"2023-06-04 23:50:00",20683549,25411322,5051625
"2023-06-05 00:00:00",20637433,25409338,5020119
"2023-06-05 00:10:00",20602965,25407733,4984387
"2023-06-05 00:20:00",20584941,25406336,4956493
"2023-06-05 00:30:00",20600599,25405206,4943777
"2023-06-05 00:40:00",20635448,25404236,4949193
"2023-06-05 00:50:00",20662681,25403278,4948954
"2023-06-05 01:00:00",20706242,25402335,4948586
"2023-06-05 01:10:00",20735214,25401210,4953685
"2023-06-05 01:20:00",20774763,25399910,4959818
"2023-06-05 01:30:00",20797039,25398311,4958605
"2023-06-05 01:40:00",20818671,25396289,4969654
"2023-06-05 01:50:00",20848877,25393745,4982510
"2023-06-05 02:00:00",20858738,25390656,4981369
"2023-06-05 02:10:00",20873084,25386980,4986553
"2023-06-05 02:20:00",20884342,25382627,4989589
"2023-06-05 02:30:00",20882702,25377644,4988952
"2023-06-05 02:40:00",20853508,25371803,4989530
"2023-06-05 02:50:00",20820020,25365179,4976232
"2023-06-05 03:00:00",20772915,25357992,4960347
"2023-06-05 03:10:00",20700916,25349927,4931749
"2023-06-05 03:20:00",20638684,25341044,4896219
"2023-06-05 03:30:00",20565201,25331380,4854478
"2023-06-05 03:40:00",20502722,25320968,4818910
"2023-06-05 03:50:00",20460729,25309988,4793249
"2023-06-05 04:00:00",20440953,25299064,4765024
"2023-06-05 04:10:00",20460727,25287867,4756178
"2023-06-05 04:20:00",20504010,25276474,4766288
"2023-06-05 04:30:00",20512474,25264690,4767933
"2023-06-05 04:40:00",20500802,25252423,4774095
"2023-06-05 04:50:00",20476709,25239753,4769353
"2023-06-05 05:00:00",20416599,25226389,4746011
"2023-06-05 05:10:00",20304384,25212125,4693470
"2023-06-05 05:20:00",20225774,25197150,4664223
"2023-06-05 05:30:00",20168566,25181491,4632843
"2023-06-05 05:40:00",20111775,25165105,4595485
"2023-06-05 05:50:00",20075150,25148238,4569244
"2023-06-05 06:00:00",20087359,25131080,4546028
"2023-06-05 06:10:00",20117368,25113630,4510153
"2023-06-05 06:20:00",20153711,25095869,4496719
"2023-06-05 06:30:00",20226221,25077971,4490992
"2023-06-05 06:40:00",20305244,25059878,4514312
"2023-06-05 06:50:00",20387575,25041636,4527947
"2023-06-05 07:00:00",20441103,25022951,4536277
"2023-06-05 07:10:00",20583694,25004331,4577835
"2023-06-05 07:20:00",20709257,24985556,4615389
"2023-06-05 07:30:00",20828618,24966525,4636869
"2023-06-05 07:40:00",20944977,24947124,4682874
"2023-06-05 07:50:00",21112952,24927897,4741091
"2023-06-05 08:00:00",21265724,24908452,4787148
"2023-06-05 08:10:00",21408955,24888739,4836653
"2023-06-05 08:20:00",21578171,24868975,4900502
"2023-06-05 08:30:00",21760992,24849185,4941095
"2023-06-05 08:40:00",21912992,24829125,4984711
"2023-06-05 08:50:00",22086399,24808963,5029005
"2023-06-05 09:00:00",22209742,24788610,5049497
"2023-06-05 09:10:00",22358380,24768126,5076735
"2023-06-05 09:20:00",22523521,24747631,5102857
"2023-06-05 09:30:00",22658363,24727121,5121302
"2023-06-05 09:40:00",22818099,24706603,5149479
"2023-06-05 09:50:00",23013176,24686280,5178278
"2023-06-05 10:00:00",23157351,24665945,5202584
"2023-06-05 10:10:00",23355464,24645883,5257686
"2023-06-05 10:20:00",23572066,24626009,5313138
"2023-06-05 10:30:00",23800408,24606578,5374652
"2023-06-05 10:40:00",24040179,24587323,5442032
"2023-06-05 10:50:00",24287105,24568370,5509059
"2023-06-05 11:00:00",24532678,24549550,5582066
"2023-06-05 11:10:00",24857183,24531706,5708051
"2023-06-05 11:20:00",25139171,24512903,5820669
"2023-06-05 11:30:00",25470942,24494579,5944687
"2023-06-05 11:40:00",25807772,24476723,6084760
"2023-06-05 11:50:00",26154415,24459201,6217526
"2023-06-05 12:00:00",26517752,24442230,6343666
"2023-06-05 12:10:00",26851316,24425620,6480154
"2023-06-05 12:20:00",27200676,24409556,6619999
"2023-06-05 12:30:00",27561942,24393949,6772828
"2023-06-05 12:40:00",27907456,24378811,6923562
"2023-06-05 12:50:00",28250907,24364730,7062876
"2023-06-05 13:00:00",28580160,24351697,7199532
"2023-06-05 13:10:00",28873887,24338182,7330658
"2023-06-05 13:20:00",29194140,24324996,7446468
"2023-06-05 13:30:00",29444894,24311951,7547575
"2023-06-05 13:40:00",29624887,24298909,7649443
"2023-06-05 13:50:00",29801752,24286198,7732435
"2023-06-05 14:00:00",29933717,24273919,7768362
"2023-06-05 14:10:00",30030845,24261941,7792867
"2023-06-05 14:20:00",30085957,24250203,7795343
"2023-06-05 14:30:00",30088430,24238637,7785693
"2023-06-05 14:40:00",30045809,24227339,7753277
"2023-06-05 14:50:00",29965941,24216176,7695901
"2023-06-05 15:00:00",29820321,24205435,7604175
"2023-06-05 15:10:00",29522397,24194638,7480392
"2023-06-05 15:20:00",29321615,24183956,7379500
"2023-06-05 15:30:00",29092294,24173266,7277274
"2023-06-05 15:40:00",28838215,24162850,7185793
"2023-06-05 15:50:00",28598305,24152439,7086668
"2023-06-05 16:00:00",28365033,24142083,6978992
"2023-06-05 16:10:00",28045230,24131826,6860490
"2023-06-05 16:20:00",27832853,24121567,6771702
"2023-06-05 16:30:00",27666803,24111575,6719871
"2023-06-05 16:40:00",27510348,24101683,6674326
"2023-06-05 16:50:00",27376960,24091820,6633517
"2023-06-05 17:00:00",27263949,24082101,6590482
"2023-06-05 17:10:00",27137839,24072390,6549138
"2023-06-05 17:20:00",27054224,24062738,6538982
"2023-06-05 17:30:00",26983441,24053140,6529648
"2023-06-05 17:40:00",26924094,24043586,6519862
"2023-06-05 17:50:00",26873200,24034069,6516431
"2023-06-05 18:00:00",26800587,24024440,6495733
"2023-06-05 18:10:00",26748365,24015433,6501919
"2023-06-05 18:20:00",26710656,24006315,6520620
"2023-06-05 18:30:00",26676324,23997190,6521003
"2023-06-05 18:40:00",26636244,23988092,6524938
"2023-06-05 18:50:00",26571399,23978900,6528752
"2023-06-05 19:00:00",26493357,23969723,6522421
"2023-06-05 19:10:00",26398342,23960758,6523805
"2023-06-05 19:20:00",26276083,23951772,6516910
"2023-06-05 19:30:00",26146867,23942871,6501767
"2023-06-05 19:40:00",25988994,23933985,6472464
"2023-06-05 19:50:00",25817213,23925256,6440052
"2023-06-05 20:00:00",25585276,23916621,6373745
"2023-06-05 20:10:00",25301453,23908025,6307191
"2023-06-05 20:20:00",25044598,23899655,6237395
"2023-06-05 20:30:00",24753631,23891401,6152555
"2023-06-05 20:40:00",24458816,23883205,6069372
"2023-06-05 20:50:00",24140924,23875144,5969486
"2023-06-05 21:00:00",23838952,23867259,5869409
"2023-06-05 21:10:00",23428249,23859331,5740290
"2023-06-05 21:20:00",23126486,23851938,5652086
"2023-06-05 21:30:00",22798875,23844561,5543021
"2023-06-05 21:40:00",22518862,23837641,5454840
"2023-06-05 21:50:00",22222626,23831000,5354863
"2023-06-05 22:00:00",21936542,23824460,5259804
"2023-06-05 22:10:00",21649230,23818390,5168780
"2023-06-05 22:20:00",21390953,23805268,5082050
"2023-06-05 22:30:00",21187990,23797723,5016818
"2023-06-05 22:40:00",20987680,23791014,4953324
"2023-06-05 22:50:00",20824232,23784910,4902312
"2023-06-05 23:00:00",20645686,23779213,4830154
"2023-06-05 23:10:00",20511488,23774040,4776842
"2023-06-05 23:20:00",20405379,23769284,4747031
"2023-06-05 23:30:00",20309977,23764806,4721141
"2023-06-05 23:40:00",20251183,23760667,4702002
"2023-06-05 23:50:00",20218952,23756842,4681473
"2023-06-06 00:00:00",20211090,23753274,4661606
"2023-06-06 00:10:00",20223354,23750081,4660697
"2023-06-06 00:20:00",20246731,23747283,4661967
"2023-06-06 00:30:00",20307304,23744908,4672416
"2023-06-06 00:40:00",20369393,23742773,4695881
"2023-06-06 00:50:00",20428713,23740845,4716880
"2023-06-06 01:00:00",20501438,23739106,4738332
"2023-06-06 01:10:00",20570531,23737625,4766229
"2023-06-06 01:20:00",20624367,23736229,4785962
"2023-06-06 01:30:00",20681071,23735052,4817742
"2023-06-06 01:40:00",20729446,23734039,4841499
"2023-06-06 01:50:00",20771378,23733101,4868909
"2023-06-06 02:00:00",20792739,23732241,4877865
"2023-06-06 02:10:00",20823267,23731500,4891768
"2023-06-06 02:20:00",20851389,23730888,4908204
"2023-06-06 02:30:00",20860857,23730367,4921718
"2023-06-06 02:40:00",20858756,23730011,4928874
"2023-06-06 02:50:00",20848205,23729804,4927393
"2023-06-06 03:00:00",20804355,23729619,4908426
"2023-06-06 03:10:00",20727625,23729424,4878966
"2023-06-06 03:20:00",20669170,23729263,4858784
"2023-06-06 03:30:00",20597948,23729120,4824178
"2023-06-06 03:40:00",20534606,23728983,4790594
"2023-06-06 03:50:00",20500942,23728897,4764692
"2023-06-06 04:00:00",20491038,23728867,4747909
"2023-06-06 04:10:00",20510637,23728829,4733528
"2023-06-06 04:20:00",20550019,23728767,4743257
"2023-06-06 04:30:00",20567129,23728763,4751686
"2023-06-06 04:40:00",20564141,23728808,4760567
"2023-06-06 04:50:00",20533329,23728815,4755910
"2023-06-06 05:00:00",20476930,23728856,4733552
"2023-06-06 05:10:00",20390856,23729060,4703071
"2023-06-06 05:20:00",20270252,23729023,4644652
"2023-06-06 05:30:00",20199739,23728955,4610784
"2023-06-06 05:40:00",20151537,23728937,4575790
"2023-06-06 05:50:00",20118503,23728947,4551024
"2023-06-06 06:00:00",20130250,23728952,4517876
"2023-06-06 06:10:00",20176465,23729055,4497755
"2023-06-06 06:20:00",20238774,23729312,4492677
"2023-06-06 06:30:00",20311395,23729570,4489932
"2023-06-06 06:40:00",20391812,23729841,4506760
"2023-06-06 06:50:00",20477932,23730150,4524560
"2023-06-06 07:00:00",20574661,23730726,4545562
"2023-06-06 07:10:00",20669274,23731015,4573210
"2023-06-06 07:20:00",20776218,23731203,4602352
"2023-06-06 07:30:00",20881959,23731308,4639097
"2023-06-06 07:40:00",21005910,23731464,4674727
"2023-06-06 07:50:00",21162289,23731561,4722562
"2023-06-06 08:00:00",21317299,23731678,4756224
"2023-06-06 08:10:00",21472943,23731873,4804776
"2023-06-06 08:20:00",21642402,23732078,4858664
"2023-06-06 08:30:00",21802930,23732149,4905499
"2023-06-06 08:40:00",21929464,23732069,4935761
"2023-06-06 08:50:00",22093818,23731973,4971450
"2023-06-06 09:00:00",22210918,23731823,4994076
"2023-06-06 09:10:00",22358571,23731666,5019385
"2023-06-06 09:20:00",22526606,23731535,5041561
"2023-06-06 09:30:00",22676260,23731498,5061948
"2023-06-06 09:40:00",22841110,23731491,5090811
"2023-06-06 09:50:00",23020973,23731393,5129914
"2023-06-06 10:00:00",23171067,23731350,5155766
"2023-06-06 10:10:00",23356180,23731236,5194840
"2023-06-06 10:20:00",23579411,23731167,5252854
"2023-06-06 10:30:00",23807208,23731126,5302430
"2023-06-06 10:40:00",24024467,23731026,5365031
"2023-06-06 10:50:00",24278357,23731033,5429267
"2023-06-06 11:00:00",24547423,23731204,5506933
"2023-06-06 11:10:00",24838211,23731198,5613989
"2023-06-06 11:20:00",25133869,23731295,5722456
"2023-06-06 11:30:00",25443215,23731283,5834800
"2023-06-06 11:40:00",25762440,23731167,5956428
"2023-06-06 11:50:00",26095386,23731005,6081889
"2023-06-06 12:00:00",26437539,23730715,6204962
"2023-06-06 12:10:00",26818656,23730738,6365009
"2023-06-06 12:20:00",27140270,23730553,6499659
"2023-06-06 12:30:00",27479856,23730267,6635976
"2023-06-06 12:40:00",27809601,23729885,6783930
"2023-06-06 12:50:00",28164118,23729615,6939546
"2023-06-06 13:00:00",28499599,23729356,7088729
"2023-06-06 13:10:00",28804682,23729155,7227313
"2023-06-06 13:20:00",29115423,23728902,7363780
"2023-06-06 13:30:00",29372505,23728669,7484077
"2023-06-06 13:40:00",29587917,23728637,7584505
"2023-06-06 13:50:00",29748455,23728504,7657695
"2023-06-06 14:00:00",29847727,23728168,7698365
"2023-06-06 14:10:00",29916240,23727642,7730065
"2023-06-06 14:20:00",29933126,23726874,7736742
"2023-06-06 14:30:00",29922629,23726030,7727699
"2023-06-06 14:40:00",29843543,23724949,7681748
"2023-06-06 14:50:00",29755966,23723812,7628755
"2023-06-06 15:00:00",29492284,23721918,7506676
"2023-06-06 15:10:00",29233967,23720327,7386517
"2023-06-06 15:20:00",29042687,23718743,7304196
"2023-06-06 15:30:00",28805900,23717102,7196356
"2023-06-06 15:40:00",28511110,23715199,7079153
"2023-06-06 15:50:00",28289730,23713408,6993179
"2023-06-06 16:00:00",28031790,23711442,6883621
"2023-06-06 16:10:00",27710299,23709458,6771299
"2023-06-06 16:20:00",27502945,23707495,6701337
"2023-06-06 16:30:00",27316196,23705385,6633540
"2023-06-06 16:40:00",27165565,23703318,6583293
"2023-06-06 16:50:00",27029033,23701211,6550687
"2023-06-06 17:00:00",26899884,23698993,6503684
"2023-06-06 17:10:00",26782199,23696826,6484371
"2023-06-06 17:20:00",26711192,23694728,6477862
"2023-06-06 17:30:00",26645344,23692647,6465679
"2023-06-06 17:40:00",26597453,23690637,6457969
"2023-06-06 17:50:00",26546797,23688617,6459153
"2023-06-06 18:00:00",26457107,23686489,6446672
"2023-06-06 18:10:00",26450829,23684660,6460195
"2023-06-06 18:20:00",26416677,23682843,6481806
"2023-06-06 18:30:00",26384662,23681045,6483837
"2023-06-06 18:40:00",26347442,23679273,6488570
"2023-06-06 18:50:00",26298415,23677582,6486298
"2023-06-06 19:00:00",26230280,23675973,6477217
"2023-06-06 19:10:00",26142838,23674414,6461100
"2023-06-06 19:20:00",26042942,23672997,6456629
"2023-06-06 19:30:00",25918519,23671628,6432111
"2023-06-06 19:40:00",25762831,23670259,6389626
"2023-06-06 19:50:00",25589322,23668913,6336897
"2023-06-06 20:00:00",25374205,23667701,6272710
"2023-06-06 20:10:00",25096361,23666551,6189294
"2023-06-06 20:20:00",24828710,23665353,6108527
"2023-06-06 20:30:00",24533977,23664168,6027719
"2023-06-06 20:40:00",24238194,23663015,5941871
"2023-06-06 20:50:00",23946543,23662048,5860881
"2023-06-06 21:00:00",23612619,23660872,5755612
"2023-06-06 21:10:00",23276127,23660203,5655712
"2023-06-06 21:20:00",22923676,23659221,5547270
"2023-06-06 21:30:00",22634697,23658504,5454968
"2023-06-06 21:40:00",22314629,23657518,5295481
"2023-06-06 21:50:00",22008423,23656497,5229715
"2023-06-06 22:00:00",21741943,23655610,5157731
"2023-06-06 22:10:00",14585385,23610817,3490559
"2023-06-06 22:20:00",19207428,23600969,4179551
"2023-06-06 22:30:00",19446441,23591211,4228890
"2023-06-06 22:40:00",19458053,23582530,4226352
"2023-06-06 22:50:00",19398387,23574360,4211864
"2023-06-06 23:00:00",19301938,23566628,4185775
"2023-06-06 23:10:00",19160879,23558800,4139955
"2023-06-06 23:20:00",19141118,23551492,4126396
"2023-06-06 23:30:00",19111144,23544529,4118875
"2023-06-06 23:40:00",19082404,23537704,4111117
"2023-06-06 23:50:00",19073823,23530988,4104128
"2023-06-07 00:00:00",19158670,23524826,4145043
"2023-06-07 00:10:00",19314404,23519520,4253240
"2023-06-07 00:20:00",19489652,23515093,4368270
"2023-06-07 00:30:00",19624674,23511066,4437131
"2023-06-07 00:40:00",19700722,23507078,4462647
"2023-06-07 00:50:00",19772307,23503154,4490344
"2023-06-07 01:00:00",19861157,23499306,4510254
"2023-06-07 01:10:00",19926029,23496954,4532835
"2023-06-07 01:20:00",19990949,23494637,4558571
"2023-06-07 01:30:00",20048799,23492292,4580201
"2023-06-07 01:40:00",20098263,23489920,4600987
"2023-06-07 01:50:00",20146055,23487557,4616949
"2023-06-07 02:00:00",20186975,23485293,4639400
"2023-06-07 02:10:00",20241567,23483160,4673548
"2023-06-07 02:20:00",20291836,23481139,4702882
"2023-06-07 02:30:00",20300315,23479083,4718047
"2023-06-07 02:40:00",20306150,23477071,4721513
"2023-06-07 02:50:00",20293948,23475041,4717807
"2023-06-07 03:00:00",20266163,23473118,4696540
"2023-06-07 03:10:00",20196663,23471251,4654266
"2023-06-07 03:20:00",20138448,23469417,4618591
"2023-06-07 03:30:00",20075470,23467662,4583512
"2023-06-07 03:40:00",20008256,23465909,4544577
"2023-06-07 03:50:00",19967660,23464141,4515766
"2023-06-07 04:00:00",19946203,23462314,4488900
"2023-06-07 04:10:00",19959521,23460453,4482849
"2023-06-07 04:20:00",20002380,23458605,4497121
"2023-06-07 04:30:00",20010390,23456672,4505893
"2023-06-07 04:40:00",20005266,23454717,4521456
"2023-06-07 04:50:00",19982656,23452814,4521041
"2023-06-07 05:00:00",19927650,23450928,4504187
"2023-06-07 05:10:00",19851286,23449129,4473589
"2023-06-07 05:20:00",19780150,23447688,4451322
"2023-06-07 05:30:00",19704315,23446243,4415732
"2023-06-07 05:40:00",19658754,23444850,4392868
"2023-06-07 05:50:00",19618391,23443429,4366207
"2023-06-07 06:00:00",19626850,23442002,4331859
"2023-06-07 06:10:00",19664017,23440508,4328597
"2023-06-07 06:20:00",19722331,23438966,4330488
"2023-06-07 06:30:00",19795256,23437394,4348572
"2023-06-07 06:40:00",19888097,23435864,4364797
"2023-06-07 06:50:00",19974124,23434283,4376795
"2023-06-07 07:00:00",20072377,23432666,4388197
"2023-06-07 07:10:00",20175132,23431051,4413190
"2023-06-07 07:20:00",20278307,23429357,4442237
"2023-06-07 07:30:00",20385940,23427620,4468896
"2023-06-07 07:40:00",20517604,23425878,4504052
"2023-06-07 07:50:00",20677678,23424091,4552289
"2023-06-07 08:00:00",20832216,23422218,4593824
"2023-06-07 08:10:00",20992170,23420294,4639428
"2023-06-07 08:20:00",21159170,23418271,4690427
"2023-06-07 08:30:00",21321782,23416175,4738782
"2023-06-07 08:40:00",21491580,23414282,4782795
"2023-06-07 08:50:00",21633596,23412154,4817598
"2023-06-07 09:00:00",21744726,23409912,4833686
"2023-06-07 09:10:00",21899020,23407657,4860329
"2023-06-07 09:20:00",22067647,23405325,4880958
"2023-06-07 09:30:00",22210226,23402860,4910440
"2023-06-07 09:40:00",22374771,23400319,4944631
"2023-06-07 09:50:00",22574128,23397822,4968292
"2023-06-07 10:00:00",22730042,23395262,4991292
"2023-06-07 10:10:00",22917425,23392637,5029739
"2023-06-07 10:20:00",23176742,23390156,5093438
"2023-06-07 10:30:00",23500485,23388181,5208571
"2023-06-07 10:40:00",23796557,23386567,5293585
"2023-06-07 10:50:00",24073928,23384961,5377027
"2023-06-07 11:00:00",24379718,23383460,5460983
"2023-06-07 11:10:00",24693876,23381963,5572866
"2023-06-07 11:20:00",25025381,23380547,5695804
"2023-06-07 11:30:00",25340340,23379004,5817439
"2023-06-07 11:40:00",25709449,23377636,5969642
"2023-06-07 11:50:00",26046801,23376115,6102313
"2023-06-07 12:00:00",26413960,23374593,6243658
"2023-06-07 12:10:00",26745884,23372560,6384623
"2023-06-07 12:20:00",27112523,23370663,6534362
"2023-06-07 12:30:00",27455422,23368606,6681634
"2023-06-07 12:40:00",27843247,23366768,6848007
"2023-06-07 12:50:00",28161095,23364492,6980826
"2023-06-07 13:00:00",28481365,23361956,7111087
"2023-06-07 13:10:00",28796456,23359329,7252138
"2023-06-07 13:20:00",29080475,23356366,7377599
"2023-06-07 13:30:00",29313292,23353100,7468841
"2023-06-07 13:40:00",29528089,23349713,7558011
"2023-06-07 13:50:00",29689984,23346229,7622249
"2023-06-07 14:00:00",29772168,23342549,7640032
"2023-06-07 14:10:00",29836326,23338799,7672058
"2023-06-07 14:20:00",29859509,23335059,7677788
"2023-06-07 14:30:00",29837797,23331231,7663662
"2023-06-07 14:40:00",29747335,23327337,7616824
"2023-06-07 14:50:00",29634354,23323316,7550333
"2023-06-07 15:00:00",29450518,23319888,7440786
"2023-06-07 15:10:00",29119954,23316064,7317555
"2023-06-07 15:20:00",28915384,23312314,7229893
"2023-06-07 15:30:00",28668915,23308599,7124021
"2023-06-07 15:40:00",28371105,23304984,7011309
"2023-06-07 15:50:00",28119669,23301313,6910123
"2023-06-07 16:00:00",27854601,23297718,6794898
"2023-06-07 16:10:00",27518768,23294156,6668380
"2023-06-07 16:20:00",27286002,23290587,6594921
"2023-06-07 16:30:00",27111190,23287212,6543069
"2023-06-07 16:40:00",26931744,23283728,6489323
"2023-06-07 16:50:00",26781378,23280238,6440349
"2023-06-07 17:00:00",26650883,23276811,6392183
"2023-06-07 17:10:00",26517192,23273338,6357720
"2023-06-07 17:20:00",26427813,23269806,6346931
"2023-06-07 17:30:00",26359320,23266297,6339683
"2023-06-07 17:40:00",26293870,23262702,6330772
"2023-06-07 17:50:00",26242818,23259134,6325056
"2023-06-07 18:00:00",26167923,23255690,6319342
"2023-06-07 18:10:00",26146947,23252181,6353048
"2023-06-07 18:20:00",26117374,23248712,6375075
"2023-06-07 18:30:00",26098732,23245346,6389074
"2023-06-07 18:40:00",26031241,23241781,6387725
"2023-06-07 18:50:00",26014319,23238467,6400631
"2023-06-07 19:00:00",25947812,23235170,6380176
"2023-06-07 19:10:00",25861125,23231909,6365619
"2023-06-07 19:20:00",25788346,23228874,6354818
"2023-06-07 19:30:00",25642938,23225730,6340628
"2023-06-07 19:40:00",25540695,23223022,6324595
"2023-06-07 19:50:00",25414922,23220689,6301690
"2023-06-07 20:00:00",25238971,23218686,6254457
"2023-06-07 20:10:00",24997587,23217018,6191807
"2023-06-07 20:20:00",24793184,23215903,6147071
"2023-06-07 20:30:00",24566468,23215354,6081883
"2023-06-07 20:40:00",24307241,23215169,6003753
"2023-06-07 20:50:00",24008475,23215064,5914883
"2023-06-07 21:00:00",23737219,23215537,5812492
"2023-06-07 21:10:00",23421982,23216292,5724323
"2023-06-07 21:20:00",23106333,23217457,5637883
"2023-06-07 21:30:00",22798090,23218647,5546862
"2023-06-07 21:40:00",22533859,23220375,5468377
"2023-06-07 21:50:00",22248314,23222378,5381848
"2023-06-07 22:00:00",21967655,23224426,5280312
"2023-06-07 22:10:00",21695198,23274018,5182312
"2023-06-07 22:20:00",21435498,23290163,5100858
"2023-06-07 22:30:00",21210343,23303252,5023202
"2023-06-07 22:40:00",20979613,23314793,4944934
"2023-06-07 22:50:00",20793539,23325587,4887279
"2023-06-07 23:00:00",20635164,23336056,4835407
"2023-06-07 23:10:00",20466269,23346420,4780629
"2023-06-07 23:20:00",20336085,23356114,4745256
"2023-06-07 23:30:00",20232762,23365373,4712250
"2023-06-07 23:40:00",20153019,23374339,4689533
"2023-06-07 23:50:00",20091886,23382988,4662027
"2023-06-08 00:00:00",20075232,23390971,4639052
"2023-06-08 00:10:00",20062980,23397805,4620749
"2023-06-08 00:20:00",20099881,23403692,4633049
"2023-06-08 00:30:00",20152920,23408996,4638207
"2023-06-08 00:40:00",20216460,23414191,4652438
"2023-06-08 00:50:00",20244964,23419058,4662643