"DateTime","Players","Average Players","Flags"
"2015-08-01 00:00:00",11,,
"2015-08-02 00:00:00",,,
"2015-08-03 00:00:00",,,
"2015-08-04 00:00:00",,,
"2015-08-05 00:00:00",4,,
"2015-08-06 00:00:00",23,,
"2015-08-07 00:00:00",12,,
"2015-08-08 00:00:00",3,,
"2015-08-09 00:00:00",3,,
"2015-08-10 00:00:00",7,,
"2015-08-11 00:00:00",2,,
"2015-08-12 00:00:00",3,,
"2015-08-13 00:00:00",2,,
"2015-08-14 00:00:00",1,,
"2015-08-15 00:00:00",,,
"2015-08-16 00:00:00",,,
"2015-08-17 00:00:00",1,,
"2015-08-18 00:00:00",,,
"2015-08-19 00:00:00",,,
"2015-08-20 00:00:00",,,
"2015-08-21 00:00:00",,,
"2015-08-22 00:00:00",,,
"2015-08-23 00:00:00",,,
"2015-08-24 00:00:00",,,
"2015-08-25 00:00:00",,,
"2015-08-26 00:00:00",,,
"2015-08-27 00:00:00",,,
"2015-08-28 00:00:00",,,
"2015-08-29 00:00:00",,,
"2015-08-30 00:00:00",,,
"2015-08-31 00:00:00",1,,
"2015-09-01 00:00:00",,,
"2015-09-02 00:00:00",,,
"2015-09-03 00:00:00",,,
"2015-09-04 00:00:00",,,
"2015-09-05 00:00:00",,,
"2015-09-06 00:00:00",,,
"2015-09-07 00:00:00",,,
"2015-09-08 00:00:00",,,
"2015-09-09 00:00:00",,,
"2015-09-10 00:00:00",,,
"2015-09-11 00:00:00",,,
"2015-09-12 00:00:00",,,
"2015-09-13 00:00:00",,,
"2015-09-14 00:00:00",,,
"2015-09-15 00:00:00",,,
"2015-09-16 00:00:00",,,
"2015-09-17 00:00:00",,,
"2015-09-18 00:00:00",,,
"2015-09-19 00:00:00",,,
"2015-09-20 00:00:00",,,
"2015-09-21 00:00:00",,,
"2015-09-22 00:00:00",,,
"2015-09-23 00:00:00",,,
"2015-09-24 00:00:00",,,
"2015-09-25 00:00:00",,,
"2015-09-26 00:00:00",,,
"2015-09-27 00:00:00",,,
"2015-09-28 00:00:00",,,
"2015-09-29 00:00:00",,,
"2015-09-30 00:00:00",,,
"2015-10-01 00:00:00",,,
"2015-10-02 00:00:00",,,
"2015-10-03 00:00:00",,,
"2015-10-04 00:00:00",,,
"2015-10-05 00:00:00",,,
"2015-10-06 00:00:00",,,
"2015-10-07 00:00:00",,,
"2015-10-08 00:00:00",,,
"2015-10-09 00:00:00",,,
"2015-10-10 00:00:00",,,
"2015-10-11 00:00:00",,,
"2015-10-12 00:00:00",,,
"2015-10-13 00:00:00",,,
"2015-10-14 00:00:00",,,
"2015-10-15 00:00:00",,,
"2015-10-16 00:00:00",,,
"2015-10-17 00:00:00",,,
"2015-10-18 00:00:00",,,
"2015-10-19 00:00:00",,,
"2015-10-20 00:00:00",,,
"2015-10-21 00:00:00",,,
"2015-10-22 00:00:00",,,
"2015-10-23 00:00:00",,,
"2015-10-24 00:00:00",,,
"2015-10-25 00:00:00",,,
"2015-10-26 00:00:00",,,
"2015-10-27 00:00:00",,,
"2015-10-28 00:00:00",,,
"2015-10-29 00:00:00",,,
"2015-10-30 00:00:00",,,
"2015-10-31 00:00:00",,,
"2015-11-01 00:00:00",,,
"2015-11-02 00:00:00",,,
"2015-11-03 00:00:00",,,
"2015-11-04 00:00:00",,,
"2015-11-05 00:00:00",,,
"2015-11-06 00:00:00",,,
"2015-11-07 00:00:00",,,
"2015-11-08 00:00:00",,,
"2015-11-09 00:00:00",,,
"2015-11-10 00:00:00",,,
"2015-11-11 00:00:00",,,
"2015-11-12 00:00:00",,,
"2015-11-13 00:00:00",,,
"2015-11-14 00:00:00",,,
"2015-11-15 00:00:00",,,
"2015-11-16 00:00:00",,,
"2015-11-17 00:00:00",,,
"2015-11-18 00:00:00",,,
"2015-11-19 00:00:00",,,
"2015-11-20 00:00:00",,,
"2015-11-21 00:00:00",,,
"2015-11-22 00:00:00",,,
"2015-11-23 00:00:00",,,
"2015-11-24 00:00:00",,,
"2015-11-25 00:00:00",,,
"2015-11-26 00:00:00",,,
"2015-11-27 00:00:00",,,
"2015-11-28 00:00:00",,,
"2015-11-29 00:00:00",,,
"2015-11-30 00:00:00",,,
"2015-12-01 00:00:00",,,
"2015-12-02 00:00:00",,,
"2015-12-03 00:00:00",,,
"2015-12-04 00:00:00",,,
"2015-12-05 00:00:00",,,
"2015-12-06 00:00:00",,,
"2015-12-07 00:00:00",,,
"2015-12-08 00:00:00",,,
"2015-12-09 00:00:00",,,
"2015-12-10 00:00:00",,,
"2015-12-11 00:00:00",,,
"2015-12-12 00:00:00",,,
"2015-12-13 00:00:00",,,
"2015-12-14 00:00:00",,,
"2015-12-15 00:00:00",,,
"2015-12-16 00:00:00",,,
"2015-12-17 00:00:00",,,
"2015-12-18 00:00:00",,,
"2015-12-19 00:00:00",,,
"2015-12-20 00:00:00",,,
"2015-12-21 00:00:00",,,
"2015-12-22 00:00:00",,,
"2015-12-23 00:00:00",,,
"2015-12-24 00:00:00",,,
"2015-12-25 00:00:00",,,
"2015-12-26 00:00:00",,,
"2015-12-27 00:00:00",,,
"2015-12-28 00:00:00",,,
"2015-12-29 00:00:00",,,
"2015-12-30 00:00:00",,,
"2015-12-31 00:00:00",,,
"2016-01-01 00:00:00",,,
"2016-01-02 00:00:00",,,
"2016-01-03 00:00:00",,,
"2016-01-04 00:00:00",,,
"2016-01-05 00:00:00",,,
"2016-01-06 00:00:00",,,
"2016-01-07 00:00:00",,,
"2016-01-08 00:00:00",,,
"2016-01-09 00:00:00",,,
"2016-01-10 00:00:00",,,
"2016-01-11 00:00:00",,,
"2016-01-12 00:00:00",,,
"2016-01-13 00:00:00",,,
"2016-01-14 00:00:00",,,
"2016-01-15 00:00:00",,,
"2016-01-16 00:00:00",,,
"2016-01-17 00:00:00",,,
"2016-01-18 00:00:00",,,
"2016-01-19 00:00:00",,,
"2016-01-20 00:00:00",,,
"2016-01-21 00:00:00",,,
"2016-01-22 00:00:00",,,
"2016-01-23 00:00:00",,,
"2016-01-24 00:00:00",,,
"2016-01-25 00:00:00",,,
"2016-01-26 00:00:00",,,
"2016-01-27 00:00:00",,,
"2016-01-28 00:00:00",,,
"2016-01-29 00:00:00",,,
"2016-01-30 00:00:00",,,
"2016-01-31 00:00:00",,,
"2016-02-01 00:00:00",,,
"2016-02-02 00:00:00",,,
"2016-02-03 00:00:00",,,
"2016-02-04 00:00:00",,,
"2016-02-05 00:00:00",,,
"2016-02-06 00:00:00",,,
"2016-02-07 00:00:00",,,
"2016-02-08 00:00:00",,,
"2016-02-09 00:00:00",,,
"2016-02-10 00:00:00",,,
"2016-02-11 00:00:00",,,
"2016-02-12 00:00:00",,,
"2016-02-13 00:00:00",,,
"2016-02-14 00:00:00",,,
"2016-02-15 00:00:00",,,
"2016-02-16 00:00:00",,,
"2016-02-17 00:00:00",,,
"2016-02-18 00:00:00",,,
"2016-02-19 00:00:00",,,
"2016-02-20 00:00:00",,,
"2016-02-21 00:00:00",,,
"2016-02-22 00:00:00",,,
"2016-02-23 00:00:00",,,
"2016-02-24 00:00:00",,,
"2016-02-25 00:00:00",,,
"2016-02-26 00:00:00",,,
"2016-02-27 00:00:00",,,
"2016-02-28 00:00:00",,,
"2016-02-29 00:00:00",,,
"2016-03-01 00:00:00",2,,
"2016-03-02 00:00:00",,,
"2016-03-03 00:00:00",,,
"2016-03-04 00:00:00",,,
"2016-03-05 00:00:00",,,
"2016-03-06 00:00:00",,,
"2016-03-07 00:00:00",,,
"2016-03-08 00:00:00",,,
"2016-03-09 00:00:00",,,
"2016-03-10 00:00:00",,,
"2016-03-11 00:00:00",,,
"2016-03-12 00:00:00",,,
"2016-03-13 00:00:00",,,
"2016-03-14 00:00:00",,,
"2016-03-15 00:00:00",,,
"2016-03-16 00:00:00",,,
"2016-03-17 00:00:00",,,
"2016-03-18 00:00:00",,,
"2016-03-19 00:00:00",,,
"2016-03-20 00:00:00",,,
"2016-03-21 00:00:00",,,
"2016-03-22 00:00:00",,,
"2016-03-23 00:00:00",1,,
"2016-03-24 00:00:00",1,,
"2016-03-25 00:00:00",,,
"2016-03-26 00:00:00",,,
"2016-03-27 00:00:00",1,,
"2016-03-28 00:00:00",1,,
"2016-03-29 00:00:00",2,,
"2016-03-30 00:00:00",8,,
"2016-03-31 00:00:00",6,,
"2016-04-01 00:00:00",7,,
"2016-04-02 00:00:00",,,
"2016-04-03 00:00:00",,,
"2016-04-04 00:00:00",7,,
"2016-04-05 00:00:00",8,,
"2016-04-06 00:00:00",9,,
"2016-04-07 00:00:00",7,,
"2016-04-08 00:00:00",5,,
"2016-04-09 00:00:00",2,,
"2016-04-10 00:00:00",2,,
"2016-04-11 00:00:00",7,,
"2016-04-12 00:00:00",1,,
"2016-04-13 00:00:00",1,,
"2016-04-14 00:00:00",1,,
"2016-04-15 00:00:00",1,,
"2016-04-16 00:00:00",2,,
"2016-04-17 00:00:00",1,,
"2016-04-18 00:00:00",2,,
"2016-04-19 00:00:00",1,,
"2016-04-20 00:00:00",1,,
"2016-04-21 00:00:00",1,,
"2016-04-22 00:00:00",1,,
"2016-04-23 00:00:00",1,,
"2016-04-24 00:00:00",1,,
"2016-04-25 00:00:00",9,,
"2016-04-26 00:00:00",13,,
"2016-04-27 00:00:00",10,,
"2016-04-28 00:00:00",13,,
"2016-04-29 00:00:00",26,,
"2016-04-30 00:00:00",37,,
"2016-05-01 00:00:00",39,,
"2016-05-02 00:00:00",36,,
"2016-05-03 00:00:00",46,,
"2016-05-04 00:00:00",49,,
"2016-05-05 00:00:00",83,,
"2016-05-06 00:00:00",86,,
"2016-05-07 00:00:00",98,,
"2016-05-08 00:00:00",94,,
"2016-05-09 00:00:00",68014,,
"2016-05-10 00:00:00",68517,,
"2016-05-11 00:00:00",67579,,
"2016-05-12 00:00:00",63830,,
"2016-05-13 00:00:00",60812,,
"2016-05-14 00:00:00",67025,,
"2016-05-15 00:00:00",67802,,
"2016-05-16 00:00:00",61707,,
"2016-05-17 00:00:00",46135,,
"2016-05-18 00:00:00",41872,,
"2016-05-19 00:00:00",38344,,
"2016-05-20 00:00:00",37462,,
"2016-05-21 00:00:00",41223,,
"2016-05-22 00:00:00",41197,,
"2016-05-23 00:00:00",33761,,
"2016-05-24 00:00:00",25298,,
"2016-05-25 00:00:00",22651,,
"2016-05-26 00:00:00",19376,,
"2016-05-27 00:00:00",22228,,
"2016-05-28 00:00:00",24537,,
"2016-05-29 00:00:00",25125,,
"2016-05-30 00:00:00",22492,,
"2016-05-31 00:00:00",19133,,
"2016-06-01 00:00:00",18468,,
"2016-06-02 00:00:00",17994,,
"2016-06-03 00:00:00",17998,,
"2016-06-04 00:00:00",21268,,
"2016-06-05 00:00:00",21631,,
"2016-06-06 00:00:00",18138,,
"2016-06-07 00:00:00",13596,,
"2016-06-08 00:00:00",13249,,
"2016-06-09 00:00:00",12648,,
"2016-06-10 00:00:00",12407,,
"2016-06-11 00:00:00",14885,,
"2016-06-12 00:00:00",15170,,
"2016-06-13 00:00:00",12861,,
"2016-06-14 00:00:00",9337,,
"2016-06-15 00:00:00",10299,,
"2016-06-16 00:00:00",9607,,
"2016-06-17 00:00:00",10232,,
"2016-06-18 00:00:00",12173,,
"2016-06-19 00:00:00",12305,,
"2016-06-20 00:00:00",10252,,
"2016-06-21 00:00:00",9269,,
"2016-06-22 00:00:00",9043,,
"2016-06-23 00:00:00",8419,,
"2016-06-24 00:00:00",9616,,
"2016-06-25 00:00:00",12218,,
"2016-06-26 00:00:00",13018,,
"2016-06-27 00:00:00",11606,,
"2016-06-28 00:00:00",11880,,
"2016-06-29 00:00:00",11312,,
"2016-06-30 00:00:00",10774,,
"2016-07-01 00:00:00",11365,,
"2016-07-02 00:00:00",12567,,
"2016-07-03 00:00:00",13829,,
"2016-07-04 00:00:00",13677,,
"2016-07-05 00:00:00",11288,,
"2016-07-06 00:00:00",10097,,
"2016-07-07 00:00:00",9164,,
"2016-07-08 00:00:00",9985,,
"2016-07-09 00:00:00",11730,,
"2016-07-10 00:00:00",11791,,
"2016-07-11 00:00:00",10128,,
"2016-07-12 00:00:00",9061,,
"2016-07-13 00:00:00",8644,,
"2016-07-14 00:00:00",8398,,
"2016-07-15 00:00:00",8324,,
"2016-07-16 00:00:00",9844,,
"2016-07-17 00:00:00",10300,,
"2016-07-18 00:00:00",8863,,
"2016-07-19 00:00:00",7379,,
"2016-07-20 00:00:00",7201,,
"2016-07-21 00:00:00",6998,,
"2016-07-22 00:00:00",7128,,
"2016-07-23 00:00:00",8495,,
"2016-07-24 00:00:00",8987,,
"2016-07-25 00:00:00",7757,,
"2016-07-26 00:00:00",6910,,
"2016-07-27 00:00:00",6777,,
"2016-07-28 00:00:00",6569,,
"2016-07-29 00:00:00",6718,,
"2016-07-30 00:00:00",8189,,
"2016-07-31 00:00:00",8741,,
"2016-08-01 00:00:00",7693,,
"2016-08-02 00:00:00",6915,,
"2016-08-03 00:00:00",6696,,
"2016-08-04 00:00:00",7028,,
"2016-08-05 00:00:00",7303,,
"2016-08-06 00:00:00",8746,,
"2016-08-07 00:00:00",9235,,
"2016-08-08 00:00:00",8070,,
"2016-08-09 00:00:00",7200,,
"2016-08-10 00:00:00",6683,,
"2016-08-11 00:00:00",6548,,
"2016-08-12 00:00:00",6208,,
"2016-08-13 00:00:00",7392,,
"2016-08-14 00:00:00",8078,,
"2016-08-15 00:00:00",7116,,
"2016-08-16 00:00:00",6383,,
"2016-08-17 00:00:00",6169,,
"2016-08-18 00:00:00",6175,,
"2016-08-19 00:00:00",6180,,
"2016-08-20 00:00:00",7386,,
"2016-08-21 00:00:00",7910,,
"2016-08-22 00:00:00",6545,,
"2016-08-23 00:00:00",5534,,
"2016-08-24 00:00:00",5401,,
"2016-08-25 00:00:00",5325,,
"2016-08-26 00:00:00",5511,,
"2016-08-27 00:00:00",6760,,
"2016-08-28 00:00:00",7294,,
"2016-08-29 00:00:00",6244,,
"2016-08-30 00:00:00",5441,,
"2016-08-31 00:00:00",5348,,
"2016-09-01 00:00:00",5228,,
"2016-09-02 00:00:00",6300,,
"2016-09-03 00:00:00",8096,,
"2016-09-04 00:00:00",9168,,
"2016-09-05 00:00:00",9171,,
"2016-09-06 00:00:00",7587,,
"2016-09-07 00:00:00",6219,,
"2016-09-08 00:00:00",5992,,
"2016-09-09 00:00:00",6244,,
"2016-09-10 00:00:00",7950,,
"2016-09-11 00:00:00",7843,,
"2016-09-12 00:00:00",6401,,
"2016-09-13 00:00:00",5398,,
"2016-09-14 00:00:00",5241,,
"2016-09-15 00:00:00",5415,,
"2016-09-16 00:00:00",5903,,
"2016-09-17 00:00:00",7448,,
"2016-09-18 00:00:00",7434,,
"2016-09-19 00:00:00",6083,,
"2016-09-20 00:00:00",5269,,
"2016-09-21 00:00:00",4989,,
"2016-09-22 00:00:00",4845,,
"2016-09-23 00:00:00",5360,,
"2016-09-24 00:00:00",6611,,
"2016-09-25 00:00:00",6841,,
"2016-09-26 00:00:00",5556,,
"2016-09-27 00:00:00",4900,,
"2016-09-28 00:00:00",4625,,
"2016-09-29 00:00:00",4766,,
"2016-09-30 00:00:00",5117,,
"2016-10-01 00:00:00",6676,,
"2016-10-02 00:00:00",6916,,
"2016-10-03 00:00:00",5948,,
"2016-10-04 00:00:00",4780,,
"2016-10-05 00:00:00",4761,,
"2016-10-06 00:00:00",4683,,
"2016-10-07 00:00:00",5301,,
"2016-10-08 00:00:00",6782,,
"2016-10-09 00:00:00",6801,,
"2016-10-10 00:00:00",5615,,
"2016-10-11 00:00:00",4710,,
"2016-10-12 00:00:00",4624,,
"2016-10-13 00:00:00",4542,,
"2016-10-14 00:00:00",4928,,
"2016-10-15 00:00:00",6294,,
"2016-10-16 00:00:00",6387,,
"2016-10-17 00:00:00",5279,,
"2016-10-18 00:00:00",4569,,
"2016-10-19 00:00:00",4312,,
"2016-10-20 00:00:00",15200,,
"2016-10-21 00:00:00",15281,,
"2016-10-22 00:00:00",19108,,
"2016-10-23 00:00:00",20338,,
"2016-10-24 00:00:00",17599,,
"2016-10-25 00:00:00",13597,,
"2016-10-26 00:00:00",12539,,
"2016-10-27 00:00:00",12341,,
"2016-10-28 00:00:00",12359,,
"2016-10-29 00:00:00",14730,,
"2016-10-30 00:00:00",15040,,
"2016-10-31 00:00:00",12475,,
"2016-11-01 00:00:00",11084,,
"2016-11-02 00:00:00",10515,,
"2016-11-03 00:00:00",10165,,
"2016-11-04 00:00:00",10753,,
"2016-11-05 00:00:00",12622,,
"2016-11-06 00:00:00",12640,,
"2016-11-07 00:00:00",10275,,
"2016-11-08 00:00:00",8469,,
"2016-11-09 00:00:00",7723,,
"2016-11-10 00:00:00",8000,,
"2016-11-11 00:00:00",9264,,
"2016-11-12 00:00:00",10758,,
"2016-11-13 00:00:00",11038,,
"2016-11-14 00:00:00",8861,,
"2016-11-15 00:00:00",7496,,
"2016-11-16 00:00:00",7064,,
"2016-11-17 00:00:00",7033,,
"2016-11-18 00:00:00",7620,,
"2016-11-19 00:00:00",9457,,
"2016-11-20 00:00:00",9503,,
"2016-11-21 00:00:00",7978,,
"2016-11-22 00:00:00",6118,,
"2016-11-23 00:00:00",6943,,
"2016-11-24 00:00:00",7465,,
"2016-11-25 00:00:00",8438,,
"2016-11-26 00:00:00",9868,,
"2016-11-27 00:00:00",10284,,
"2016-11-28 00:00:00",8866,,
"2016-11-29 00:00:00",7438,,
"2016-11-30 00:00:00",6880,,
"2016-12-01 00:00:00",6708,,
"2016-12-02 00:00:00",7260,,
"2016-12-03 00:00:00",9091,,
"2016-12-04 00:00:00",9124,,
"2016-12-05 00:00:00",8082,,
"2016-12-06 00:00:00",8677,,
"2016-12-07 00:00:00",8565,,
"2016-12-08 00:00:00",8205,,
"2016-12-09 00:00:00",9154,,
"2016-12-10 00:00:00",11243,,
"2016-12-11 00:00:00",11274,,
"2016-12-12 00:00:00",9428,,
"2016-12-13 00:00:00",7932,,
"2016-12-14 00:00:00",7398,,
"2016-12-15 00:00:00",7378,,
"2016-12-16 00:00:00",7922,,
"2016-12-17 00:00:00",9615,,
"2016-12-18 00:00:00",9918,,
"2016-12-19 00:00:00",8498,,
"2016-12-20 00:00:00",7334,,
"2016-12-21 00:00:00",7080,,
"2016-12-22 00:00:00",7576,,
"2016-12-23 00:00:00",8097,,
"2016-12-24 00:00:00",8145,,
"2016-12-25 00:00:00",9363,,
"2016-12-26 00:00:00",10552,,
"2016-12-27 00:00:00",10461,,
"2016-12-28 00:00:00",10463,,
"2016-12-29 00:00:00",10577,,
"2016-12-30 00:00:00",10573,,
"2016-12-31 00:00:00",10206,,
"2017-01-01 00:00:00",11771,,
"2017-01-02 00:00:00",12264,,
"2017-01-03 00:00:00",10958,,
"2017-01-04 00:00:00",9497,,
"2017-01-05 00:00:00",9048,,
"2017-01-06 00:00:00",8201,,
"2017-01-07 00:00:00",11523,,
"2017-01-08 00:00:00",10992,,
"2017-01-09 00:00:00",7829,,
"2017-01-10 00:00:00",7714,,
"2017-01-11 00:00:00",7490,,
"2017-01-12 00:00:00",7480,,
"2017-01-13 00:00:00",8465,,
"2017-01-14 00:00:00",10432,,
"2017-01-15 00:00:00",10415,,
"2017-01-16 00:00:00",8980,,
"2017-01-17 00:00:00",7712,,
"2017-01-18 00:00:00",8669,,
"2017-01-19 00:00:00",8923,,
"2017-01-20 00:00:00",10660,,
"2017-01-21 00:00:00",10301,,
"2017-01-22 00:00:00",12497,,
"2017-01-23 00:00:00",10441,,
"2017-01-24 00:00:00",8696,,
"2017-01-25 00:00:00",7956,,
"2017-01-26 00:00:00",8086,,
"2017-01-27 00:00:00",8570,,
"2017-01-28 00:00:00",10726,,
"2017-01-29 00:00:00",10683,,
"2017-01-30 00:00:00",8897,,
"2017-01-31 00:00:00",7452,,
"2017-02-01 00:00:00",6910,,
"2017-02-02 00:00:00",7153,,
"2017-02-03 00:00:00",8309,,
"2017-02-04 00:00:00",10947,,
"2017-02-05 00:00:00",11064,,
"2017-02-06 00:00:00",8908,,
"2017-02-07 00:00:00",7826,,
"2017-02-08 00:00:00",7626,,
"2017-02-09 00:00:00",7971,,
"2017-02-10 00:00:00",8336,,
"2017-02-11 00:00:00",10546,,
"2017-02-12 00:00:00",10579,,
"2017-02-13 00:00:00",7824,,
"2017-02-14 00:00:00",6657,,
"2017-02-15 00:00:00",6750,,
"2017-02-16 00:00:00",6828,,
"2017-02-17 00:00:00",7836,,
"2017-02-18 00:00:00",9964,,
"2017-02-19 00:00:00",9764,,
"2017-02-20 00:00:00",8116,,
"2017-02-21 00:00:00",7254,,
"2017-02-22 00:00:00",7058,,
"2017-02-23 00:00:00",7281,,
"2017-02-24 00:00:00",8218,,
"2017-02-25 00:00:00",10288,,
"2017-02-26 00:00:00",10290,,
"2017-02-27 00:00:00",7604,,
"2017-02-28 00:00:00",7028,,
"2017-03-01 00:00:00",6924,,
"2017-03-02 00:00:00",6952,,
"2017-03-03 00:00:00",7823,,
"2017-03-04 00:00:00",9952,,
"2017-03-05 00:00:00",9935,,
"2017-03-06 00:00:00",8289,,
"2017-03-07 00:00:00",6760,,
"2017-03-08 00:00:00",6351,,
"2017-03-09 00:00:00",6428,,
"2017-03-10 00:00:00",7181,,
"2017-03-11 00:00:00",9403,,
"2017-03-12 00:00:00",9448,,
"2017-03-13 00:00:00",7752,,
"2017-03-14 00:00:00",7313,,
"2017-03-15 00:00:00",6667,,
"2017-03-16 00:00:00",6469,,
"2017-03-17 00:00:00",7045,,
"2017-03-18 00:00:00",8853,,
"2017-03-19 00:00:00",9156,,
"2017-03-20 00:00:00",6623,,
"2017-03-21 00:00:00",5386,,
"2017-03-22 00:00:00",2900,,
"2017-03-23 00:00:00",5602,,
"2017-03-24 00:00:00",6305,,
"2017-03-25 00:00:00",7521,,
"2017-03-26 00:00:00",7826,,
"2017-03-27 00:00:00",5945,,
"2017-03-28 00:00:00",5530,,
"2017-03-29 00:00:00",5408,,
"2017-03-30 00:00:00",5221,,
"2017-03-31 00:00:00",5900,,
"2017-04-01 00:00:00",7374,,
"2017-04-02 00:00:00",7733,,
"2017-04-03 00:00:00",5684,,
"2017-04-04 00:00:00",5676,,
"2017-04-05 00:00:00",5539,,
"2017-04-06 00:00:00",28934,,
"2017-04-07 00:00:00",32566,,
"2017-04-08 00:00:00",41286,,
"2017-04-09 00:00:00",43675,,
"2017-04-10 00:00:00",38035,,
"2017-04-11 00:00:00",30290,,
"2017-04-12 00:00:00",28527,,
"2017-04-13 00:00:00",29327,,
"2017-04-14 00:00:00",32287,,
"2017-04-15 00:00:00",33808,,
"2017-04-16 00:00:00",32820,,
"2017-04-17 00:00:00",28850,,
"2017-04-18 00:00:00",23679,,
"2017-04-19 00:00:00",22272,,
"2017-04-20 00:00:00",22225,,
"2017-04-21 00:00:00",23000,,
"2017-04-22 00:00:00",28083,,
"2017-04-23 00:00:00",26976,,
"2017-04-24 00:00:00",22502,,
"2017-04-25 00:00:00",18483,,
"2017-04-26 00:00:00",16313,,
"2017-04-27 00:00:00",16356,,
"2017-04-28 00:00:00",17871,,
"2017-04-29 00:00:00",21617,,
"2017-04-30 00:00:00",22334,,
"2017-05-01 00:00:00",19045,,
"2017-05-02 00:00:00",15820,,
"2017-05-03 00:00:00",15514,,
"2017-05-04 00:00:00",14917,,
"2017-05-05 00:00:00",16138,,
"2017-05-06 00:00:00",20781,,
"2017-05-07 00:00:00",21429,,
"2017-05-08 00:00:00",19295,,
"2017-05-09 00:00:00",18950,,
"2017-05-10 00:00:00",20112,,
"2017-05-11 00:00:00",21000,,
"2017-05-12 00:00:00",22829,,
"2017-05-13 00:00:00",28532,,
"2017-05-14 00:00:00",29046,,
"2017-05-15 00:00:00",25162,,
"2017-05-16 00:00:00",21107,,
"2017-05-17 00:00:00",19501,,
"2017-05-18 00:00:00",18850,,
"2017-05-19 00:00:00",19066,,
"2017-05-20 00:00:00",23467,,
"2017-05-21 00:00:00",23837,,
"2017-05-22 00:00:00",21043,,
"2017-05-23 00:00:00",17085,,
"2017-05-24 00:00:00",16728,,
"2017-05-25 00:00:00",17046,,
"2017-05-26 00:00:00",17403,,
"2017-05-27 00:00:00",20610,,
"2017-05-28 00:00:00",22021,,
"2017-05-29 00:00:00",21346,,
"2017-05-30 00:00:00",19378,,
"2017-05-31 00:00:00",15834,,
"2017-06-01 00:00:00",15597,,
"2017-06-02 00:00:00",16320,,
"2017-06-03 00:00:00",19409,,
"2017-06-04 00:00:00",20895,,
"2017-06-05 00:00:00",19918,,
"2017-06-06 00:00:00",15064,,
"2017-06-07 00:00:00",14109,,
"2017-06-08 00:00:00",13680,,
"2017-06-09 00:00:00",13762,,
"2017-06-10 00:00:00",16163,,
"2017-06-11 00:00:00",16668,,
"2017-06-12 00:00:00",15003,,
"2017-06-13 00:00:00",11993,,
"2017-06-14 00:00:00",11320,,
"2017-06-15 00:00:00",10893,,
"2017-06-16 00:00:00",11480,,
"2017-06-17 00:00:00",13546,,
"2017-06-18 00:00:00",13650,,
"2017-06-19 00:00:00",12241,,
"2017-06-20 00:00:00",10709,,
"2017-06-21 00:00:00",10189,,
"2017-06-22 00:00:00",9908,,
"2017-06-23 00:00:00",11306,,
"2017-06-24 00:00:00",13796,,
"2017-06-25 00:00:00",15168,,
"2017-06-26 00:00:00",13446,,
"2017-06-27 00:00:00",12020,,
"2017-06-28 00:00:00",11712,,
"2017-06-29 00:00:00",11369,,
"2017-06-30 00:00:00",11706,,
"2017-07-01 00:00:00",13417,,
"2017-07-02 00:00:00",14195,,
"2017-07-03 00:00:00",13008,,
"2017-07-04 00:00:00",13345,,
"2017-07-05 00:00:00",11861,,
"2017-07-06 00:00:00",10879,,
"2017-07-07 00:00:00",11097,,
"2017-07-08 00:00:00",13077,,
"2017-07-09 00:00:00",13501,,
"2017-07-10 00:00:00",12146,,
"2017-07-11 00:00:00",10300,,
"2017-07-12 00:00:00",10104,,
"2017-07-13 00:00:00",9924,,
"2017-07-14 00:00:00",10440,,
"2017-07-15 00:00:00",12179,,
"2017-07-16 00:00:00",12879,,
"2017-07-17 00:00:00",11508,,
"2017-07-18 00:00:00",9627,,
"2017-07-19 00:00:00",9437,,
"2017-07-20 00:00:00",9160,,
"2017-07-21 00:00:00",9201,,
"2017-07-22 00:00:00",10849,,
"2017-07-23 00:00:00",11585,,
"2017-07-24 00:00:00",9041,,
"2017-07-25 00:00:00",8729,,
"2017-07-26 00:00:00",8833,,
"2017-07-27 00:00:00",8550,,
"2017-07-28 00:00:00",8704,,
"2017-07-29 00:00:00",10305,,
"2017-07-30 00:00:00",10685,,
"2017-07-31 00:00:00",8456,,
"2017-08-01 00:00:00",8397,,
"2017-08-02 00:00:00",8241,,
"2017-08-03 00:00:00",8412,,
"2017-08-04 00:00:00",8831,,
"2017-08-05 00:00:00",10278,,
"2017-08-06 00:00:00",11295,,
"2017-08-07 00:00:00",9163,,
"2017-08-08 00:00:00",8672,,
"2017-08-09 00:00:00",8659,,
"2017-08-10 00:00:00",8590,,
"2017-08-11 00:00:00",8743,,
"2017-08-12 00:00:00",10283,,
"2017-08-13 00:00:00",10970,,
"2017-08-14 00:00:00",8410,,
"2017-08-15 00:00:00",8412,,
"2017-08-16 00:00:00",8193,,
"2017-08-17 00:00:00",7935,,
"2017-08-18 00:00:00",8054,,
"2017-08-19 00:00:00",9804,,
"2017-08-20 00:00:00",10168,,
"2017-08-21 00:00:00",7901,,
"2017-08-22 00:00:00",7874,,
"2017-08-23 00:00:00",7438,,
"2017-08-24 00:00:00",7527,,
"2017-08-25 00:00:00",7888,,
"2017-08-26 00:00:00",9483,,
"2017-08-27 00:00:00",10001,,
"2017-08-28 00:00:00",7464,,
"2017-08-29 00:00:00",7390,,
"2017-08-30 00:00:00",7322,,
"2017-08-31 00:00:00",7486,,
"2017-09-01 00:00:00",8163,,
"2017-09-02 00:00:00",9973,,
"2017-09-03 00:00:00",10263,,
"2017-09-04 00:00:00",10249,,
"2017-09-05 00:00:00",7544,,
"2017-09-06 00:00:00",7383,,
"2017-09-07 00:00:00",7717,,
"2017-09-08 00:00:00",8579,,
"2017-09-09 00:00:00",10939,,
"2017-09-10 00:00:00",10990,,
"2017-09-11 00:00:00",8163,,
"2017-09-12 00:00:00",7854,,
"2017-09-13 00:00:00",7867,,
"2017-09-14 00:00:00",7469,,
"2017-09-15 00:00:00",8081,,
"2017-09-16 00:00:00",10111,,
"2017-09-17 00:00:00",10277,,
"2017-09-18 00:00:00",7824,,
"2017-09-19 00:00:00",7709,,
"2017-09-20 00:00:00",7279,,
"2017-09-21 00:00:00",20153,,
"2017-09-22 00:00:00",24773,,
"2017-09-23 00:00:00",32476,,
"2017-09-24 00:00:00",34516,,
"2017-09-25 00:00:00",27151,,
"2017-09-26 00:00:00",24579,,
"2017-09-27 00:00:00",22489,,
"2017-09-28 00:00:00",20598,,
"2017-09-29 00:00:00",20922,,
"2017-09-30 00:00:00",25249,,
"2017-10-01 00:00:00",24905,,
"2017-10-02 00:00:00",18203,,
"2017-10-03 00:00:00",17248,,
"2017-10-04 00:00:00",15909,,
"2017-10-05 00:00:00",15377,,
"2017-10-06 00:00:00",16306,,
"2017-10-07 00:00:00",19805,,
"2017-10-08 00:00:00",19838,,
"2017-10-09 00:00:00",15610,,
"2017-10-10 00:00:00",12985,,
"2017-10-11 00:00:00",12928,,
"2017-10-12 00:00:00",12921,,
"2017-10-13 00:00:00",13896,,
"2017-10-14 00:00:00",17206,,
"2017-10-15 00:00:00",16908,,
"2017-10-16 00:00:00",12538,,
"2017-10-17 00:00:00",11907,,
"2017-10-18 00:00:00",11205,,
"2017-10-19 00:00:00",11234,,
"2017-10-20 00:00:00",12324,,
"2017-10-21 00:00:00",15149,,
"2017-10-22 00:00:00",15337,,
"2017-10-23 00:00:00",11188,,
"2017-10-24 00:00:00",10301,,
"2017-10-25 00:00:00",10070,,
"2017-10-26 00:00:00",9699,,
"2017-10-27 00:00:00",11019,,
"2017-10-28 00:00:00",14825,,
"2017-10-29 00:00:00",15744,,
"2017-10-30 00:00:00",11896,,
"2017-10-31 00:00:00",11580,,
"2017-11-01 00:00:00",12191,,
"2017-11-02 00:00:00",12205,,
"2017-11-03 00:00:00",13095,,
"2017-11-04 00:00:00",15533,,
"2017-11-05 00:00:00",15692,,
"2017-11-06 00:00:00",11300,,
"2017-11-07 00:00:00",10229,,
"2017-11-08 00:00:00",10077,,
"2017-11-09 00:00:00",9846,,
"2017-11-10 00:00:00",11334,,
"2017-11-11 00:00:00",13859,,
"2017-11-12 00:00:00",13682,,
"2017-11-13 00:00:00",9774,,
"2017-11-14 00:00:00",9047,,
"2017-11-15 00:00:00",8817,,
"2017-11-16 00:00:00",8830,,
"2017-11-17 00:00:00",9367,,
"2017-11-18 00:00:00",11959,,
"2017-11-19 00:00:00",11868,,
"2017-11-20 00:00:00",8924,,
"2017-11-21 00:00:00",8773,,
"2017-11-22 00:00:00",9393,,
"2017-11-23 00:00:00",10025,,
"2017-11-24 00:00:00",11615,,
"2017-11-25 00:00:00",13959,,
"2017-11-26 00:00:00",15176,,
"2017-11-27 00:00:00",11152,,
"2017-11-28 00:00:00",10858,,
"2017-11-29 00:00:00",10390,,
"2017-11-30 00:00:00",10024,,
"2017-12-01 00:00:00",10955,,
"2017-12-02 00:00:00",13875,,
"2017-12-03 00:00:00",13754,,
"2017-12-04 00:00:00",9913,,
"2017-12-05 00:00:00",9338,,
"2017-12-06 00:00:00",8972,,
"2017-12-07 00:00:00",10663,,
"2017-12-08 00:00:00",12466,,
"2017-12-09 00:00:00",16208,,
"2017-12-10 00:00:00",17368,,
"2017-12-11 00:00:00",12960,,
"2017-12-12 00:00:00",12010,,
"2017-12-13 00:00:00",11079,,
"2017-12-14 00:00:00",10806,,
"2017-12-15 00:00:00",11687,,
"2017-12-16 00:00:00",14264,,
"2017-12-17 00:00:00",14579,,
"2017-12-18 00:00:00",11214,,
"2017-12-19 00:00:00",10920,,
"2017-12-20 00:00:00",10881,,
"2017-12-21 00:00:00",11039,,
"2017-12-22 00:00:00",12119,,
"2017-12-23 00:00:00",13666,,
"2017-12-24 00:00:00",11748,,
"2017-12-25 00:00:00",13089,,
"2017-12-26 00:00:00",14198,,
"2017-12-27 00:00:00",14309,,
"2017-12-28 00:00:00",14548,,
"2017-12-29 00:00:00",14869,,
"2017-12-30 00:00:00",16453,,
"2017-12-31 00:00:00",14763,,
"2018-01-01 00:00:00",17666,,
"2018-01-02 00:00:00",15713,,
"2018-01-03 00:00:00",15188,,
"2018-01-04 00:00:00",15941,,
"2018-01-05 00:00:00",15664,,
"2018-01-06 00:00:00",18117,,
"2018-01-07 00:00:00",17946,,
"2018-01-08 00:00:00",13929,,
"2018-01-09 00:00:00",13190,,
"2018-01-10 00:00:00",13160,,
"2018-01-11 00:00:00",13658,,
"2018-01-12 00:00:00",15899,,
"2018-01-13 00:00:00",19654,,
"2018-01-14 00:00:00",19427,,
"2018-01-15 00:00:00",16418,,
"2018-01-16 00:00:00",14369,,
"2018-01-17 00:00:00",14121,,
"2018-01-18 00:00:00",13628,,
"2018-01-19 00:00:00",14867,,
"2018-01-20 00:00:00",18284,,
"2018-01-21 00:00:00",18359,,
"2018-01-22 00:00:00",13543,,
"2018-01-23 00:00:00",12455,,
"2018-01-24 00:00:00",12817,,
"2018-01-25 00:00:00",13495,,
"2018-01-26 00:00:00",15228,,
"2018-01-27 00:00:00",19268,,
"2018-01-28 00:00:00",19194,,
"2018-01-29 00:00:00",14473,,
"2018-01-30 00:00:00",13961,,
"2018-01-31 00:00:00",13250,,
"2018-02-01 00:00:00",12991,,
"2018-02-02 00:00:00",14542,,
"2018-02-03 00:00:00",18264,,
"2018-02-04 00:00:00",18261,,
"2018-02-05 00:00:00",13065,,
"2018-02-06 00:00:00",12576,,
"2018-02-07 00:00:00",12634,,
"2018-02-08 00:00:00",11672,,
"2018-02-09 00:00:00",13050,,
"2018-02-10 00:00:00",16127,,
"2018-02-11 00:00:00",15782,,
"2018-02-12 00:00:00",11840,,
"2018-02-13 00:00:00",10433,,
"2018-02-14 00:00:00",9501,,
"2018-02-15 00:00:00",10194,,
"2018-02-16 00:00:00",12384,,
"2018-02-17 00:00:00",15811,,
"2018-02-18 00:00:00",16189,,
"2018-02-19 00:00:00",14303,,
"2018-02-20 00:00:00",12019,,
"2018-02-21 00:00:00",11316,,
"2018-02-22 00:00:00",47874,,
"2018-02-23 00:00:00",49530,,
"2018-02-24 00:00:00",60474,,
"2018-02-25 00:00:00",61613,,
"2018-02-26 00:00:00",46313,,
"2018-02-27 00:00:00",42023,,
"2018-02-28 00:00:00",39020,,
"2018-03-01 00:00:00",37456,,
"2018-03-02 00:00:00",38522,,
"2018-03-03 00:00:00",43861,,
"2018-03-04 00:00:00",41521,,
"2018-03-05 00:00:00",29533,,
"2018-03-06 00:00:00",26989,,
"2018-03-07 00:00:00",26941,,
"2018-03-08 00:00:00",24629,,
"2018-03-09 00:00:00",26178,,
"2018-03-10 00:00:00",31398,,
"2018-03-11 00:00:00",30997,,
"2018-03-12 00:00:00",22929,,
"2018-03-13 00:00:00",21630,,
"2018-03-14 00:00:00",20321,,
"2018-03-15 00:00:00",19317,,
"2018-03-16 00:00:00",21214,,
"2018-03-17 00:00:00",25344,,
"2018-03-18 00:00:00",24653,,
"2018-03-19 00:00:00",18045,,
"2018-03-20 00:00:00",16724,,
"2018-03-21 00:00:00",16788,,
"2018-03-22 00:00:00",15769,,
"2018-03-23 00:00:00",16637,,
"2018-03-24 00:00:00",20362,,
"2018-03-25 00:00:00",20034,,
"2018-03-26 00:00:00",15229,,
"2018-03-27 00:00:00",14385,,
"2018-03-28 00:00:00",14129,,
"2018-03-29 00:00:00",14905,,
"2018-03-30 00:00:00",17687,,
"2018-03-31 00:00:00",18795,,
"2018-04-01 00:00:00",19070,,
"2018-04-02 00:00:00",16036,,
"2018-04-03 00:00:00",14077,,
"2018-04-04 00:00:00",13891,,
"2018-04-05 00:00:00",13360,,
"2018-04-06 00:00:00",14253,,
"2018-04-07 00:00:00",17681,,
"2018-04-08 00:00:00",17411,,
"2018-04-09 00:00:00",12821,,
"2018-04-10 00:00:00",12005,,
"2018-04-11 00:00:00",11739,,
"2018-04-12 00:00:00",11459,,
"2018-04-13 00:00:00",12350,,
"2018-04-14 00:00:00",15903,,
"2018-04-15 00:00:00",16412,,
"2018-04-16 00:00:00",12110,,
"2018-04-17 00:00:00",11679,,
"2018-04-18 00:00:00",11284,,
"2018-04-19 00:00:00",11147,,
"2018-04-20 00:00:00",12115,,
"2018-04-21 00:00:00",15412,,
"2018-04-22 00:00:00",15897,,
"2018-04-23 00:00:00",11988,,
"2018-04-24 00:00:00",11202,,
"2018-04-25 00:00:00",10690,,
"2018-04-26 00:00:00",10544,,
"2018-04-27 00:00:00",11679,,
"2018-04-28 00:00:00",14584,,
"2018-04-29 00:00:00",16065,,
"2018-04-30 00:00:00",12170,,
"2018-05-01 00:00:00",11865,,
"2018-05-02 00:00:00",11091,,
"2018-05-03 00:00:00",10733,,
"2018-05-04 00:00:00",11483,,
"2018-05-05 00:00:00",13786,,
"2018-05-06 00:00:00",14155,,
"2018-05-07 00:00:00",10849,,
"2018-05-08 00:00:00",10156,,
"2018-05-09 00:00:00",10241,,
"2018-05-10 00:00:00",10364,,
"2018-05-11 00:00:00",10981,,
"2018-05-12 00:00:00",13225,,
"2018-05-13 00:00:00",13222,,
"2018-05-14 00:00:00",10010,,
"2018-05-15 00:00:00",9770,,
"2018-05-16 00:00:00",9502,,
"2018-05-17 00:00:00",9658,,
"2018-05-18 00:00:00",12169,,
"2018-05-19 00:00:00",16384,,
"2018-05-20 00:00:00",18039,,
"2018-05-21 00:00:00",15472,,
"2018-05-22 00:00:00",22649,,
"2018-05-23 00:00:00",23791,,
"2018-05-24 00:00:00",23575,,
"2018-05-25 00:00:00",24744,,
"2018-05-26 00:00:00",27329,,
"2018-05-27 00:00:00",28470,,
"2018-05-28 00:00:00",26701,,
"2018-05-29 00:00:00",21500,,
"2018-05-30 00:00:00",20375,,
"2018-05-31 00:00:00",19206,,
"2018-06-01 00:00:00",19308,,
"2018-06-02 00:00:00",22632,,
"2018-06-03 00:00:00",23187,,
"2018-06-04 00:00:00",17473,,
"2018-06-05 00:00:00",16467,,
"2018-06-06 00:00:00",15699,,
"2018-06-07 00:00:00",15007,,
"2018-06-08 00:00:00",15591,,
"2018-06-09 00:00:00",18754,,
"2018-06-10 00:00:00",19652,,
"2018-06-11 00:00:00",15039,,
"2018-06-12 00:00:00",13784,,
"2018-06-13 00:00:00",13493,,
"2018-06-14 00:00:00",13432,,
"2018-06-15 00:00:00",13284,,
"2018-06-16 00:00:00",16374,,
"2018-06-17 00:00:00",17115,,
"2018-06-18 00:00:00",13510,,
"2018-06-19 00:00:00",12900,,
"2018-06-20 00:00:00",12322,,
"2018-06-21 00:00:00",11664,,
"2018-06-22 00:00:00",13250,,
"2018-06-23 00:00:00",16251,,
"2018-06-24 00:00:00",17159,,
"2018-06-25 00:00:00",13656,,
"2018-06-26 00:00:00",13191,,
"2018-06-27 00:00:00",12855,,
"2018-06-28 00:00:00",12643,,
"2018-06-29 00:00:00",13358,,
"2018-06-30 00:00:00",15673,,
"2018-07-01 00:00:00",16525,,
"2018-07-02 00:00:00",13746,,
"2018-07-03 00:00:00",13041,,
"2018-07-04 00:00:00",15211,,
"2018-07-05 00:00:00",13781,,
"2018-07-06 00:00:00",13653,,
"2018-07-07 00:00:00",15047,,
"2018-07-08 00:00:00",15892,,
"2018-07-09 00:00:00",12825,,
"2018-07-10 00:00:00",11987,,
"2018-07-11 00:00:00",11366,,
"2018-07-12 00:00:00",11735,,
"2018-07-13 00:00:00",12118,,
"2018-07-14 00:00:00",14246,,
"2018-07-15 00:00:00",15142,,
"2018-07-16 00:00:00",12100,,
"2018-07-17 00:00:00",11770,,
"2018-07-18 00:00:00",11488,,
"2018-07-19 00:00:00",11380,,
"2018-07-20 00:00:00",11856,,
"2018-07-21 00:00:00",14219,,
"2018-07-22 00:00:00",15220,,
"2018-07-23 00:00:00",12376,,
"2018-07-24 00:00:00",11526,,
"2018-07-25 00:00:00",11024,,
"2018-07-26 00:00:00",10678,,
"2018-07-27 00:00:00",10579,,
"2018-07-28 00:00:00",13182,,
"2018-07-29 00:00:00",14290,,
"2018-07-30 00:00:00",11348,,
"2018-07-31 00:00:00",10979,,
"2018-08-01 00:00:00",10508,,
"2018-08-02 00:00:00",9937,,
"2018-08-03 00:00:00",10057,,
"2018-08-04 00:00:00",11952,,
"2018-08-05 00:00:00",12719,,
"2018-08-06 00:00:00",10644,,
"2018-08-07 00:00:00",10189,,
"2018-08-08 00:00:00",10273,,
"2018-08-09 00:00:00",9972,,
"2018-08-10 00:00:00",10155,,
"2018-08-11 00:00:00",12145,,
"2018-08-12 00:00:00",13215,,
"2018-08-13 00:00:00",10609,,
"2018-08-14 00:00:00",9760,,
"2018-08-15 00:00:00",9548,,
"2018-08-16 00:00:00",9388,,
"2018-08-17 00:00:00",9642,,
"2018-08-18 00:00:00",11746,,
"2018-08-19 00:00:00",12422,,
"2018-08-20 00:00:00",9655,,
"2018-08-21 00:00:00",9434,,
"2018-08-22 00:00:00",9422,,
"2018-08-23 00:00:00",9246,,
"2018-08-24 00:00:00",9760,,
"2018-08-25 00:00:00",12030,,
"2018-08-26 00:00:00",12933,,
"2018-08-27 00:00:00",10063,,
"2018-08-28 00:00:00",9614,,
"2018-08-29 00:00:00",9405,,
"2018-08-30 00:00:00",9225,,
"2018-08-31 00:00:00",9992,,
"2018-09-01 00:00:00",11765,,
"2018-09-02 00:00:00",12368,,
"2018-09-03 00:00:00",11969,,
"2018-09-04 00:00:00",8877,,
"2018-09-05 00:00:00",8534,,
"2018-09-06 00:00:00",8742,,
"2018-09-07 00:00:00",11423,,
"2018-09-08 00:00:00",15732,,
"2018-09-09 00:00:00",17596,,
"2018-09-10 00:00:00",13804,,
"2018-09-11 00:00:00",12776,,
"2018-09-12 00:00:00",12153,,
"2018-09-13 00:00:00",11993,,
"2018-09-14 00:00:00",12557,,
"2018-09-15 00:00:00",15766,,
"2018-09-16 00:00:00",16081,,
"2018-09-17 00:00:00",11617,,
"2018-09-18 00:00:00",11158,,
"2018-09-19 00:00:00",10906,,
"2018-09-20 00:00:00",10468,,
"2018-09-21 00:00:00",11663,,
"2018-09-22 00:00:00",14740,,
"2018-09-23 00:00:00",15260,,
"2018-09-24 00:00:00",11087,,
"2018-09-25 00:00:00",10379,,
"2018-09-26 00:00:00",9811,,
"2018-09-27 00:00:00",9714,,
"2018-09-28 00:00:00",10546,,
"2018-09-29 00:00:00",13566,,
"2018-09-30 00:00:00",14285,,
"2018-10-01 00:00:00",10295,,
"2018-10-02 00:00:00",9954,,
"2018-10-03 00:00:00",9906,,
"2018-10-04 00:00:00",9531,,
"2018-10-05 00:00:00",10541,,
"2018-10-06 00:00:00",13023,,
"2018-10-07 00:00:00",13268,,
"2018-10-08 00:00:00",10742,,
"2018-10-09 00:00:00",9351,,
"2018-10-10 00:00:00",8928,,
"2018-10-11 00:00:00",9104,,
"2018-10-12 00:00:00",10061,,
"2018-10-13 00:00:00",12607,,
"2018-10-14 00:00:00",12827,,
"2018-10-15 00:00:00",9497,,
"2018-10-16 00:00:00",9175,,
"2018-10-17 00:00:00",8988,,
"2018-10-18 00:00:00",8927,,
"2018-10-19 00:00:00",10114,,
"2018-10-20 00:00:00",12785,,
"2018-10-21 00:00:00",12940,,
"2018-10-22 00:00:00",9807,,
"2018-10-23 00:00:00",9338,,
"2018-10-24 00:00:00",9431,,
"2018-10-25 00:00:00",9691,,
"2018-10-26 00:00:00",10860,,
"2018-10-27 00:00:00",13685,,
"2018-10-28 00:00:00",14032,,
"2018-10-29 00:00:00",10686,,
"2018-10-30 00:00:00",10730,,
"2018-10-31 00:00:00",10529,,
"2018-11-01 00:00:00",11769,,
"2018-11-02 00:00:00",12535,,
"2018-11-03 00:00:00",14601,,
"2018-11-04 00:00:00",14374,,
"2018-11-05 00:00:00",10483,,
"2018-11-06 00:00:00",9831,,
"2018-11-07 00:00:00",9453,,
"2018-11-08 00:00:00",9237,,
"2018-11-09 00:00:00",10966,,
"2018-11-10 00:00:00",13783,,
"2018-11-11 00:00:00",13553,,
"2018-11-12 00:00:00",10971,,
"2018-11-13 00:00:00",9202,,
"2018-11-14 00:00:00",8804,,
"2018-11-15 00:00:00",8959,,
"2018-11-16 00:00:00",9830,,
"2018-11-17 00:00:00",12662,,
"2018-11-18 00:00:00",12419,,
"2018-11-19 00:00:00",9231,,
"2018-11-20 00:00:00",9101,,
"2018-11-21 00:00:00",9963,,
"2018-11-22 00:00:00",10609,,
"2018-11-23 00:00:00",12878,,
"2018-11-24 00:00:00",14727,,
"2018-11-25 00:00:00",14652,,
"2018-11-26 00:00:00",11572,,
"2018-11-27 00:00:00",11109,,
"2018-11-28 00:00:00",10960,,
"2018-11-29 00:00:00",10697,,
"2018-11-30 00:00:00",11945,,
"2018-12-01 00:00:00",15321,,
"2018-12-02 00:00:00",14927,,
"2018-12-03 00:00:00",11088,,
"2018-12-04 00:00:00",10539,,
"2018-12-05 00:00:00",10395,,
"2018-12-06 00:00:00",44535,,
"2018-12-07 00:00:00",42136,,
"2018-12-08 00:00:00",50047,,
"2018-12-09 00:00:00",50262,,
"2018-12-10 00:00:00",37750,,
"2018-12-11 00:00:00",33828,,
"2018-12-12 00:00:00",30464,,
"2018-12-13 00:00:00",28754,,
"2018-12-14 00:00:00",29224,,
"2018-12-15 00:00:00",34941,,
"2018-12-16 00:00:00",33796,,
"2018-12-17 00:00:00",25040,,
"2018-12-18 00:00:00",23352,,
"2018-12-19 00:00:00",21902,,
"2018-12-20 00:00:00",22120,,
"2018-12-21 00:00:00",24866,,
"2018-12-22 00:00:00",28935,,
"2018-12-23 00:00:00",28463,,
"2018-12-24 00:00:00",23584,,
"2018-12-25 00:00:00",24277,,
"2018-12-26 00:00:00",25827,,
"2018-12-27 00:00:00",26077,,
"2018-12-28 00:00:00",25769,,
"2018-12-29 00:00:00",26837,,
"2018-12-30 00:00:00",27896,,
"2018-12-31 00:00:00",23988,,
"2019-01-01 00:00:00",27537,,
"2019-01-02 00:00:00",22836,,
"2019-01-03 00:00:00",22040,,
"2019-01-04 00:00:00",22145,,
"2019-01-05 00:00:00",24980,,
"2019-01-06 00:00:00",23326,,
"2019-01-07 00:00:00",17759,,
"2019-01-08 00:00:00",16183,,
"2019-01-09 00:00:00",15513,,
"2019-01-10 00:00:00",15335,,
"2019-01-11 00:00:00",16432,,
"2019-01-12 00:00:00",20993,,
"2019-01-13 00:00:00",20196,,
"2019-01-14 00:00:00",14641,,
"2019-01-15 00:00:00",13447,,
"2019-01-16 00:00:00",13072,,
"2019-01-17 00:00:00",12805,,
"2019-01-18 00:00:00",14932,,
"2019-01-19 00:00:00",19096,,
"2019-01-20 00:00:00",18972,,
"2019-01-21 00:00:00",15757,,
"2019-01-22 00:00:00",13515,,
"2019-01-23 00:00:00",12834,,
"2019-01-24 00:00:00",12376,,
"2019-01-25 00:00:00",13453,,
"2019-01-26 00:00:00",17110,,
"2019-01-27 00:00:00",17336,,
"2019-01-28 00:00:00",12658,,
"2019-01-29 00:00:00",12381,,
"2019-01-30 00:00:00",12361,,
"2019-01-31 00:00:00",11993,,
"2019-02-01 00:00:00",12449,,
"2019-02-02 00:00:00",15709,,
"2019-02-03 00:00:00",15614,,
"2019-02-04 00:00:00",11553,,
"2019-02-05 00:00:00",11579,,
"2019-02-06 00:00:00",11528,,
"2019-02-07 00:00:00",12504,,
"2019-02-08 00:00:00",14008,,
"2019-02-09 00:00:00",17874,,
"2019-02-10 00:00:00",18086,,
"2019-02-11 00:00:00",13084,,
"2019-02-12 00:00:00",12859,,
"2019-02-13 00:00:00",11842,,
"2019-02-14 00:00:00",10975,,
"2019-02-15 00:00:00",12341,,
"2019-02-16 00:00:00",15208,,
"2019-02-17 00:00:00",15064,,
"2019-02-18 00:00:00",12526,,
"2019-02-19 00:00:00",10673,,
"2019-02-20 00:00:00",10936,,
"2019-02-21 00:00:00",10500,,
"2019-02-22 00:00:00",11975,,
"2019-02-23 00:00:00",15141,,
"2019-02-24 00:00:00",15064,,
"2019-02-25 00:00:00",10951,,
"2019-02-26 00:00:00",10675,,
"2019-02-27 00:00:00",10173,,
"2019-02-28 00:00:00",9729,,
"2019-03-01 00:00:00",10638,,
"2019-03-02 00:00:00",13769,,
"2019-03-03 00:00:00",13701,,
"2019-03-04 00:00:00",10142,,
"2019-03-05 00:00:00",9577,,
"2019-03-06 00:00:00",9155,,
"2019-03-07 00:00:00",10476,,
"2019-03-08 00:00:00",11223,,
"2019-03-09 00:00:00",14567,,
"2019-03-10 00:00:00",15068,,
"2019-03-11 00:00:00",11275,,
"2019-03-12 00:00:00",10879,,
"2019-03-13 00:00:00",10795,,
"2019-03-14 00:00:00",11134,,
"2019-03-15 00:00:00",11949,,
"2019-03-16 00:00:00",14945,,
"2019-03-17 00:00:00",14724,,
"2019-03-18 00:00:00",11205,,
"2019-03-19 00:00:00",10737,,
"2019-03-20 00:00:00",10219,,
"2019-03-21 00:00:00",10723,,
"2019-03-22 00:00:00",11686,,
"2019-03-23 00:00:00",14394,,
"2019-03-24 00:00:00",14797,,
"2019-03-25 00:00:00",11161,,
"2019-03-26 00:00:00",10795,,
"2019-03-27 00:00:00",10441,,
"2019-03-28 00:00:00",10347,,
"2019-03-29 00:00:00",11047,,
"2019-03-30 00:00:00",13739,,
"2019-03-31 00:00:00",13937,,
"2019-04-01 00:00:00",10370,,
"2019-04-02 00:00:00",10032,,
"2019-04-03 00:00:00",10053,,
"2019-04-04 00:00:00",9991,,
"2019-04-05 00:00:00",11068,,
"2019-04-06 00:00:00",13970,,
"2019-04-07 00:00:00",14309,,
"2019-04-08 00:00:00",10693,,
"2019-04-09 00:00:00",10310,,
"2019-04-10 00:00:00",10117,,
"2019-04-11 00:00:00",10268,,
"2019-04-12 00:00:00",10934,,
"2019-04-13 00:00:00",14337,,
"2019-04-14 00:00:00",14636,,
"2019-04-15 00:00:00",10207,,
"2019-04-16 00:00:00",9919,,
"2019-04-17 00:00:00",9579,,
"2019-04-18 00:00:00",10149,,
"2019-04-19 00:00:00",11973,,
"2019-04-20 00:00:00",13426,,
"2019-04-21 00:00:00",13726,,
"2019-04-22 00:00:00",11195,,
"2019-04-23 00:00:00",10194,,
"2019-04-24 00:00:00",9832,,
"2019-04-25 00:00:00",9516,,
"2019-04-26 00:00:00",10554,,
"2019-04-27 00:00:00",13536,,
"2019-04-28 00:00:00",14153,,
"2019-04-29 00:00:00",9792,,
"2019-04-30 00:00:00",10543,,
"2019-05-01 00:00:00",10947,,
"2019-05-02 00:00:00",10387,,
"2019-05-03 00:00:00",11510,,
"2019-05-04 00:00:00",13962,,
"2019-05-05 00:00:00",14699,,
"2019-05-06 00:00:00",10415,,
"2019-05-07 00:00:00",10353,,
"2019-05-08 00:00:00",10377,,
"2019-05-09 00:00:00",12436,,
"2019-05-10 00:00:00",20628,,
"2019-05-11 00:00:00",29611,,
"2019-05-12 00:00:00",31222,,
"2019-05-13 00:00:00",20782,,
"2019-05-14 00:00:00",19675,,
"2019-05-15 00:00:00",18750,,
"2019-05-16 00:00:00",17552,,
"2019-05-17 00:00:00",18354,,
"2019-05-18 00:00:00",21527,,
"2019-05-19 00:00:00",21399,,
"2019-05-20 00:00:00",15232,,
"2019-05-21 00:00:00",14496,,
"2019-05-22 00:00:00",14029,,
"2019-05-23 00:00:00",13364,,
"2019-05-24 00:00:00",14382,,
"2019-05-25 00:00:00",16710,,
"2019-05-26 00:00:00",16741,,
"2019-05-27 00:00:00",16118,,
"2019-05-28 00:00:00",13268,,
"2019-05-29 00:00:00",13106,,
"2019-05-30 00:00:00",13504,,
"2019-05-31 00:00:00",15343,,
"2019-06-01 00:00:00",18882,,
"2019-06-02 00:00:00",20870,,
"2019-06-03 00:00:00",16575,,
"2019-06-04 00:00:00",26651,,
"2019-06-05 00:00:00",25604,,
"2019-06-06 00:00:00",25899,,
"2019-06-07 00:00:00",26511,,
"2019-06-08 00:00:00",29258,,
"2019-06-09 00:00:00",29545,,
"2019-06-10 00:00:00",22450,,
"2019-06-11 00:00:00",20569,,
"2019-06-12 00:00:00",19650,,
"2019-06-13 00:00:00",19125,,
"2019-06-14 00:00:00",19566,,
"2019-06-15 00:00:00",23423,,
"2019-06-16 00:00:00",23753,,
"2019-06-17 00:00:00",18626,,
"2019-06-18 00:00:00",17331,,
"2019-06-19 00:00:00",16590,,
"2019-06-20 00:00:00",16887,,
"2019-06-21 00:00:00",16168,,
"2019-06-22 00:00:00",19060,,
"2019-06-23 00:00:00",19458,,
"2019-06-24 00:00:00",15215,,
"2019-06-25 00:00:00",14101,,
"2019-06-26 00:00:00",13782,,
"2019-06-27 00:00:00",13994,,
"2019-06-28 00:00:00",14210,,
"2019-06-29 00:00:00",16959,,
"2019-06-30 00:00:00",18207,,
"2019-07-01 00:00:00",15038,,
"2019-07-02 00:00:00",14285,,
"2019-07-03 00:00:00",14083,,
"2019-07-04 00:00:00",15545,,
"2019-07-05 00:00:00",15074,,
"2019-07-06 00:00:00",16675,,
"2019-07-07 00:00:00",17829,,
"2019-07-08 00:00:00",14580,,
"2019-07-09 00:00:00",14321,,
"2019-07-10 00:00:00",13331,,
"2019-07-11 00:00:00",13171,,
"2019-07-12 00:00:00",13658,,
"2019-07-13 00:00:00",16264,,
"2019-07-14 00:00:00",17482,,
"2019-07-15 00:00:00",13548,,
"2019-07-16 00:00:00",13157,,
"2019-07-17 00:00:00",12484,,
"2019-07-18 00:00:00",12355,,
"2019-07-19 00:00:00",13306,,
"2019-07-20 00:00:00",16335,,
"2019-07-21 00:00:00",17667,,
"2019-07-22 00:00:00",14112,,
"2019-07-23 00:00:00",13020,,
"2019-07-24 00:00:00",12567,,
"2019-07-25 00:00:00",11863,,
"2019-07-26 00:00:00",11900,,
"2019-07-27 00:00:00",14618,,
"2019-07-28 00:00:00",15392,,
"2019-07-29 00:00:00",12318,,
"2019-07-30 00:00:00",11834,,
"2019-07-31 00:00:00",11830,,
"2019-08-01 00:00:00",11501,,
"2019-08-02 00:00:00",11840,,
"2019-08-03 00:00:00",13900,,
"2019-08-04 00:00:00",14801,,
"2019-08-05 00:00:00",12254,,
"2019-08-06 00:00:00",11666,,
"2019-08-07 00:00:00",11366,,
"2019-08-08 00:00:00",11195,,
"2019-08-09 00:00:00",11468,,
"2019-08-10 00:00:00",13467,,
"2019-08-11 00:00:00",14511,,
"2019-08-12 00:00:00",11769,,
"2019-08-13 00:00:00",11362,,
"2019-08-14 00:00:00",9928,,
"2019-08-15 00:00:00",10856,,
"2019-08-16 00:00:00",10995,,
"2019-08-17 00:00:00",13384,,
"2019-08-18 00:00:00",14133,,
"2019-08-19 00:00:00",10942,,
"2019-08-20 00:00:00",10481,,
"2019-08-21 00:00:00",10222,,
"2019-08-22 00:00:00",10014,,
"2019-08-23 00:00:00",10322,,
"2019-08-24 00:00:00",12419,,
"2019-08-25 00:00:00",13087,,
"2019-08-26 00:00:00",10216,,
"2019-08-27 00:00:00",9449,,
"2019-08-28 00:00:00",9327,,
"2019-08-29 00:00:00",9158,,
"2019-08-30 00:00:00",10107,,
"2019-08-31 00:00:00",12261,,
"2019-09-01 00:00:00",12830,,
"2019-09-02 00:00:00",12571,,
"2019-09-03 00:00:00",9388,,
"2019-09-04 00:00:00",9242,,
"2019-09-05 00:00:00",9029,,
"2019-09-06 00:00:00",9808,,
"2019-09-07 00:00:00",12854,,
"2019-09-08 00:00:00",13037,,
"2019-09-09 00:00:00",9340,,
"2019-09-10 00:00:00",8741,,
"2019-09-11 00:00:00",8383,,
"2019-09-12 00:00:00",8730,,
"2019-09-13 00:00:00",9291,,
"2019-09-14 00:00:00",11773,,
"2019-09-15 00:00:00",12027,,
"2019-09-16 00:00:00",9093,,
"2019-09-17 00:00:00",8749,,
"2019-09-18 00:00:00",8365,,
"2019-09-19 00:00:00",8382,,
"2019-09-20 00:00:00",9350,,
"2019-09-21 00:00:00",11672,,
"2019-09-22 00:00:00",12090,,
"2019-09-23 00:00:00",9029,,
"2019-09-24 00:00:00",8714,,
"2019-09-25 00:00:00",8562,,
"2019-09-26 00:00:00",8777,,
"2019-09-27 00:00:00",9659,,
"2019-09-28 00:00:00",12378,,
"2019-09-29 00:00:00",12749,,
"2019-09-30 00:00:00",9642,,
"2019-10-01 00:00:00",9155,,
"2019-10-02 00:00:00",9171,,
"2019-10-03 00:00:00",9382,,
"2019-10-04 00:00:00",10054,,
"2019-10-05 00:00:00",12530,,
"2019-10-06 00:00:00",13032,,
"2019-10-07 00:00:00",9294,,
"2019-10-08 00:00:00",9279,,
"2019-10-09 00:00:00",8778,,
"2019-10-10 00:00:00",8724,,
"2019-10-11 00:00:00",9822,,
"2019-10-12 00:00:00",12375,,
"2019-10-13 00:00:00",12717,,
"2019-10-14 00:00:00",10425,,
"2019-10-15 00:00:00",9316,,
"2019-10-16 00:00:00",8940,,
"2019-10-17 00:00:00",9098,,
"2019-10-18 00:00:00",11812,,
"2019-10-19 00:00:00",17185,,
"2019-10-20 00:00:00",18966,,
"2019-10-21 00:00:00",14790,,
"2019-10-22 00:00:00",14213,,
"2019-10-23 00:00:00",13856,,
"2019-10-24 00:00:00",18001,,
"2019-10-25 00:00:00",17690,,
"2019-10-26 00:00:00",20629,,
"2019-10-27 00:00:00",20163,,
"2019-10-28 00:00:00",14445,,
"2019-10-29 00:00:00",13657,,
"2019-10-30 00:00:00",13295,,
"2019-10-31 00:00:00",12497,,
"2019-11-01 00:00:00",14028,,
"2019-11-02 00:00:00",16896,,
"2019-11-03 00:00:00",17057,,
"2019-11-04 00:00:00",12185,,
"2019-11-05 00:00:00",11438,,
"2019-11-06 00:00:00",10815,,
"2019-11-07 00:00:00",10812,,
"2019-11-08 00:00:00",11982,,
"2019-11-09 00:00:00",15066,,
"2019-11-10 00:00:00",14902,,
"2019-11-11 00:00:00",11839,,
"2019-11-12 00:00:00",10137,,
"2019-11-13 00:00:00",9772,,
"2019-11-14 00:00:00",9888,,
"2019-11-15 00:00:00",10972,,
"2019-11-16 00:00:00",13974,,
"2019-11-17 00:00:00",13876,,
"2019-11-18 00:00:00",10241,,
"2019-11-19 00:00:00",9808,,
"2019-11-20 00:00:00",9640,,
"2019-11-21 00:00:00",9440,,
"2019-11-22 00:00:00",10913,,
"2019-11-23 00:00:00",13429,,
"2019-11-24 00:00:00",13168,,
"2019-11-25 00:00:00",9907,,
"2019-11-26 00:00:00",9712,,
"2019-11-27 00:00:00",10919,,
"2019-11-28 00:00:00",11654,,
"2019-11-29 00:00:00",13233,,
"2019-11-30 00:00:00",14943,,
"2019-12-01 00:00:00",15048,,
"2019-12-02 00:00:00",11381,,
"2019-12-03 00:00:00",10731,,
"2019-12-04 00:00:00",10145,,
"2019-12-05 00:00:00",10230,,
"2019-12-06 00:00:00",11429,,
"2019-12-07 00:00:00",13910,,
"2019-12-08 00:00:00",13965,,
"2019-12-09 00:00:00",10522,,
"2019-12-10 00:00:00",9933,,
"2019-12-11 00:00:00",9326,,
"2019-12-12 00:00:00",9080,,
"2019-12-13 00:00:00",9654,,
"2019-12-14 00:00:00",12573,,
"2019-12-15 00:00:00",12309,,
"2019-12-16 00:00:00",9648,,
"2019-12-17 00:00:00",9325,,
"2019-12-18 00:00:00",9234,,
"2019-12-19 00:00:00",9306,,
"2019-12-20 00:00:00",10142,,
"2019-12-21 00:00:00",12318,,
"2019-12-22 00:00:00",13189,,
"2019-12-23 00:00:00",12214,,
"2019-12-24 00:00:00",10759,,
"2019-12-25 00:00:00",12360,,
"2019-12-26 00:00:00",13263,,
"2019-12-27 00:00:00",13647,,
"2019-12-28 00:00:00",15032,,
"2019-12-29 00:00:00",15664,,
"2019-12-30 00:00:00",14516,,
"2019-12-31 00:00:00",12650,,
"2020-01-01 00:00:00",16769,,
"2020-01-02 00:00:00",14486,,
"2020-01-03 00:00:00",14241,,
"2020-01-04 00:00:00",15807,,
"2020-01-05 00:00:00",15426,,
"2020-01-06 00:00:00",12482,,
"2020-01-07 00:00:00",11346,,
"2020-01-08 00:00:00",10820,,
"2020-01-09 00:00:00",10564,,
"2020-01-10 00:00:00",11611,,
"2020-01-11 00:00:00",14994,,
"2020-01-12 00:00:00",14301,,
"2020-01-13 00:00:00",10936,,
"2020-01-14 00:00:00",10248,,
"2020-01-15 00:00:00",9818,,
"2020-01-16 00:00:00",9734,,
"2020-01-17 00:00:00",11069,,
"2020-01-18 00:00:00",14492,,
"2020-01-19 00:00:00",14229,,
"2020-01-20 00:00:00",12082,,
"2020-01-21 00:00:00",10179,,
"2020-01-22 00:00:00",10057,,
"2020-01-23 00:00:00",9901,,
"2020-01-24 00:00:00",11634,,
"2020-01-25 00:00:00",15117,,
"2020-01-26 00:00:00",15662,,
"2020-01-27 00:00:00",11464,,
"2020-01-28 00:00:00",11171,,
"2020-01-29 00:00:00",10607,,
"2020-01-30 00:00:00",10422,,
"2020-01-31 00:00:00",11718,,
"2020-02-01 00:00:00",14627,,
"2020-02-02 00:00:00",15009,,
"2020-02-03 00:00:00",11019,,
"2020-02-04 00:00:00",10600,,
"2020-02-05 00:00:00",10437,,
"2020-02-06 00:00:00",10200,,
"2020-02-07 00:00:00",11341,,
"2020-02-08 00:00:00",14467,,
"2020-02-09 00:00:00",14635,,
"2020-02-10 00:00:00",10519,,
"2020-02-11 00:00:00",10125,,
"2020-02-12 00:00:00",9795,,
"2020-02-13 00:00:00",9616,,
"2020-02-14 00:00:00",10307,,
"2020-02-15 00:00:00",13943,,
"2020-02-16 00:00:00",14126,,
"2020-02-17 00:00:00",12088,,
"2020-02-18 00:00:00",10123,,
"2020-02-19 00:00:00",10047,,
"2020-02-20 00:00:00",10077,,
"2020-02-21 00:00:00",11124,,
"2020-02-22 00:00:00",13899,,
"2020-02-23 00:00:00",14442,,
"2020-02-24 00:00:00",10529,,
"2020-02-25 00:00:00",9916,,
"2020-02-26 00:00:00",9606,,
"2020-02-27 00:00:00",9737,,
"2020-02-28 00:00:00",11282,,
"2020-02-29 00:00:00",14625,,
"2020-03-01 00:00:00",14802,,
"2020-03-02 00:00:00",10802,,
"2020-03-03 00:00:00",10650,,
"2020-03-04 00:00:00",10403,,
"2020-03-05 00:00:00",10274,,
"2020-03-06 00:00:00",11519,,
"2020-03-07 00:00:00",14543,,
"2020-03-08 00:00:00",14840,,
"2020-03-09 00:00:00",11150,,
"2020-03-10 00:00:00",10815,,
"2020-03-11 00:00:00",10660,,
"2020-03-12 00:00:00",11090,,
"2020-03-13 00:00:00",12631,,
"2020-03-14 00:00:00",16262,,
"2020-03-15 00:00:00",16651,,
"2020-03-16 00:00:00",14398,,
"2020-03-17 00:00:00",54932,,
"2020-03-18 00:00:00",56401,,
"2020-03-19 00:00:00",57183,,
"2020-03-20 00:00:00",57985,,
"2020-03-21 00:00:00",64120,,
"2020-03-22 00:00:00",59715,,
"2020-03-23 00:00:00",48570,,
"2020-03-24 00:00:00",46404,,
"2020-03-25 00:00:00",44321,,
"2020-03-26 00:00:00",41791,,
"2020-03-27 00:00:00",42168,,
"2020-03-28 00:00:00",47410,,
"2020-03-29 00:00:00",44114,,
"2020-03-30 00:00:00",33855,,
"2020-03-31 00:00:00",30584,,
"2020-04-01 00:00:00",28320,,
"2020-04-02 00:00:00",27793,,
"2020-04-03 00:00:00",29026,,
"2020-04-04 00:00:00",33122,,
"2020-04-05 00:00:00",30751,,
"2020-04-06 00:00:00",24883,,
"2020-04-07 00:00:00",24159,,
"2020-04-08 00:00:00",24140,,
"2020-04-09 00:00:00",25093,,
"2020-04-10 00:00:00",26709,,
"2020-04-11 00:00:00",29000,,
"2020-04-12 00:00:00",29482,,
"2020-04-13 00:00:00",24815,,
"2020-04-14 00:00:00",22688,,
"2020-04-15 00:00:00",22019,,
"2020-04-16 00:00:00",22026,,
"2020-04-17 00:00:00",22805,,
"2020-04-18 00:00:00",25955,,
"2020-04-19 00:00:00",24655,,
"2020-04-20 00:00:00",20194,,
"2020-04-21 00:00:00",20162,,
"2020-04-22 00:00:00",19390,,
"2020-04-23 00:00:00",18811,,
"2020-04-24 00:00:00",19818,,
"2020-04-25 00:00:00",22690,,
"2020-04-26 00:00:00",21771,,
"2020-04-27 00:00:00",17673,,
"2020-04-28 00:00:00",17540,,
"2020-04-29 00:00:00",17189,,
"2020-04-30 00:00:00",17560,,
"2020-05-01 00:00:00",18447,,
"2020-05-02 00:00:00",19846,,
"2020-05-03 00:00:00",19487,,
"2020-05-04 00:00:00",16596,,
"2020-05-05 00:00:00",16307,,
"2020-05-06 00:00:00",15865,,
"2020-05-07 00:00:00",15856,,
"2020-05-08 00:00:00",16990,,
"2020-05-09 00:00:00",18937,,
"2020-05-10 00:00:00",18143,,
"2020-05-11 00:00:00",15731,,
"2020-05-12 00:00:00",27186,,
"2020-05-13 00:00:00",31689,,
"2020-05-14 00:00:00",33795,,
"2020-05-15 00:00:00",37136,,
"2020-05-16 00:00:00",41021,,
"2020-05-17 00:00:00",41907,,
"2020-05-18 00:00:00",33945,,
"2020-05-19 00:00:00",30677,,
"2020-05-20 00:00:00",28414,,
"2020-05-21 00:00:00",26084,,
"2020-05-22 00:00:00",26523,,
"2020-05-23 00:00:00",28604,,
"2020-05-24 00:00:00",27614,,
"2020-05-25 00:00:00",25289,,
"2020-05-26 00:00:00",21502,,
"2020-05-27 00:00:00",20629,,
"2020-05-28 00:00:00",19826,,
"2020-05-29 00:00:00",19841,,
"2020-05-30 00:00:00",22124,,
"2020-05-31 00:00:00",21914,,
"2020-06-01 00:00:00",17777,,
"2020-06-02 00:00:00",16840,,
"2020-06-03 00:00:00",16834,,
"2020-06-04 00:00:00",16734,,
"2020-06-05 00:00:00",17244,,
"2020-06-06 00:00:00",19220,,
"2020-06-07 00:00:00",19386,,
"2020-06-08 00:00:00",16020,,
"2020-06-09 00:00:00",15458,,
"2020-06-10 00:00:00",15044,,
"2020-06-11 00:00:00",14868,,
"2020-06-12 00:00:00",14716,,
"2020-06-13 00:00:00",16600,,
"2020-06-14 00:00:00",17240,,
"2020-06-15 00:00:00",14016,,
"2020-06-16 00:00:00",13868,,
"2020-06-17 00:00:00",13186,,
"2020-06-18 00:00:00",13279,,
"2020-06-19 00:00:00",13850,,
"2020-06-20 00:00:00",15638,,
"2020-06-21 00:00:00",15635,,
"2020-06-22 00:00:00",13257,,
"2020-06-23 00:00:00",13042,,
"2020-06-24 00:00:00",12686,,
"2020-06-25 00:00:00",12252,,
"2020-06-26 00:00:00",13678,,
"2020-06-27 00:00:00",16440,,
"2020-06-28 00:00:00",17771,,
"2020-06-29 00:00:00",15314,,
"2020-06-30 00:00:00",15159,,
"2020-07-01 00:00:00",15512,,
"2020-07-02 00:00:00",15860,,
"2020-07-03 00:00:00",17331,,
"2020-07-04 00:00:00",18739,,
"2020-07-05 00:00:00",19038,,
"2020-07-06 00:00:00",16279,,
"2020-07-07 00:00:00",15809,,
"2020-07-08 00:00:00",15746,,
"2020-07-09 00:00:00",15657,,
"2020-07-10 00:00:00",15694,,
"2020-07-11 00:00:00",18400,,
"2020-07-12 00:00:00",18212,,
"2020-07-13 00:00:00",14788,,
"2020-07-14 00:00:00",14685,,
"2020-07-15 00:00:00",14163,,
"2020-07-16 00:00:00",13872,,
"2020-07-17 00:00:00",14063,,
"2020-07-18 00:00:00",16468,,
"2020-07-19 00:00:00",16558,,
"2020-07-20 00:00:00",14266,,
"2020-07-21 00:00:00",14026,,
"2020-07-22 00:00:00",13583,,
"2020-07-23 00:00:00",13584,,
"2020-07-24 00:00:00",14329,,
"2020-07-25 00:00:00",16246,,
"2020-07-26 00:00:00",16714,,
"2020-07-27 00:00:00",14195,,
"2020-07-28 00:00:00",13640,,
"2020-07-29 00:00:00",13435,,
"2020-07-30 00:00:00",13266,,
"2020-07-31 00:00:00",12942,,
"2020-08-01 00:00:00",15284,,
"2020-08-02 00:00:00",16237,,
"2020-08-03 00:00:00",14124,,
"2020-08-04 00:00:00",13636,,
"2020-08-05 00:00:00",12830,,
"2020-08-06 00:00:00",12856,,
"2020-08-07 00:00:00",12656,,
"2020-08-08 00:00:00",14796,,
"2020-08-09 00:00:00",15328,,
"2020-08-10 00:00:00",12765,,
"2020-08-11 00:00:00",12040,,
"2020-08-12 00:00:00",11972,,
"2020-08-13 00:00:00",11977,,
"2020-08-14 00:00:00",12329,,
"2020-08-15 00:00:00",14345,,
"2020-08-16 00:00:00",15046,,
"2020-08-17 00:00:00",12768,,
"2020-08-18 00:00:00",12524,,
"2020-08-19 00:00:00",13373,,
"2020-08-20 00:00:00",13459,,
"2020-08-21 00:00:00",14030,,
"2020-08-22 00:00:00",16248,,
"2020-08-23 00:00:00",16523,,
"2020-08-24 00:00:00",13936,,
"2020-08-25 00:00:00",13505,,
"2020-08-26 00:00:00",13307,,
"2020-08-27 00:00:00",13224,,
"2020-08-28 00:00:00",13527,,
"2020-08-29 00:00:00",15892,,
"2020-08-30 00:00:00",16039,,
"2020-08-31 00:00:00",13177,,
"2020-09-01 00:00:00",11641,,
"2020-09-02 00:00:00",11143,,
"2020-09-03 00:00:00",10996,,
"2020-09-04 00:00:00",11650,,
"2020-09-05 00:00:00",13636,,
"2020-09-06 00:00:00",13677,,
"2020-09-07 00:00:00",13392,,
"2020-09-08 00:00:00",11275,,
"2020-09-09 00:00:00",10805,,
"2020-09-10 00:00:00",10920,,
"2020-09-11 00:00:00",11597,,
"2020-09-12 00:00:00",13918,,
"2020-09-13 00:00:00",13835,,
"2020-09-14 00:00:00",11303,,
"2020-09-15 00:00:00",10800,,
"2020-09-16 00:00:00",10699,,
"2020-09-17 00:00:00",10720,,
"2020-09-18 00:00:00",11470,,
"2020-09-19 00:00:00",13646,,
"2020-09-20 00:00:00",13739,,
"2020-09-21 00:00:00",11188,,
"2020-09-22 00:00:00",10932,,
"2020-09-23 00:00:00",11081,,
"2020-09-24 00:00:00",11438,,
"2020-09-25 00:00:00",14470,,
"2020-09-26 00:00:00",17979,,
"2020-09-27 00:00:00",19338,,
"2020-09-28 00:00:00",15915,,
"2020-09-29 00:00:00",14998,,
"2020-09-30 00:00:00",14649,,
"2020-10-01 00:00:00",14091,,
"2020-10-02 00:00:00",14716,,
"2020-10-03 00:00:00",17651,,
"2020-10-04 00:00:00",17531,,
"2020-10-05 00:00:00",13610,,
"2020-10-06 00:00:00",12996,,
"2020-10-07 00:00:00",12645,,
"2020-10-08 00:00:00",12462,,
"2020-10-09 00:00:00",13171,,
"2020-10-10 00:00:00",16119,,
"2020-10-11 00:00:00",15733,,
"2020-10-12 00:00:00",13897,,
"2020-10-13 00:00:00",12666,,
"2020-10-14 00:00:00",12210,,
"2020-10-15 00:00:00",11776,,
"2020-10-16 00:00:00",12702,,
"2020-10-17 00:00:00",15401,,
"2020-10-18 00:00:00",14979,,
"2020-10-19 00:00:00",11907,,
"2020-10-20 00:00:00",11705,,
"2020-10-21 00:00:00",11576,,
"2020-10-22 00:00:00",11451,,
"2020-10-23 00:00:00",12651,,
"2020-10-24 00:00:00",15196,,
"2020-10-25 00:00:00",14967,,
"2020-10-26 00:00:00",12170,,
"2020-10-27 00:00:00",12187,,
"2020-10-28 00:00:00",11549,,
"2020-10-29 00:00:00",18943,,
"2020-10-30 00:00:00",21205,,
"2020-10-31 00:00:00",25120,,
"2020-11-01 00:00:00",25486,,
"2020-11-02 00:00:00",21168,,
"2020-11-03 00:00:00",20563,,
"2020-11-04 00:00:00",18701,,
"2020-11-05 00:00:00",18764,,
"2020-11-06 00:00:00",20095,,
"2020-11-07 00:00:00",23323,,
"2020-11-08 00:00:00",21927,,
"2020-11-09 00:00:00",17365,,
"2020-11-10 00:00:00",16366,,
"2020-11-11 00:00:00",16295,,
"2020-11-12 00:00:00",15252,,
"2020-11-13 00:00:00",16563,,
"2020-11-14 00:00:00",19473,,
"2020-11-15 00:00:00",18804,,
"2020-11-16 00:00:00",14846,,
"2020-11-17 00:00:00",14263,,
"2020-11-18 00:00:00",14091,,
"2020-11-19 00:00:00",14233,,
"2020-11-20 00:00:00",15357,,
"2020-11-21 00:00:00",18031,,
"2020-11-22 00:00:00",17627,,
"2020-11-23 00:00:00",13889,,
"2020-11-24 00:00:00",13487,,
"2020-11-25 00:00:00",13572,,
"2020-11-26 00:00:00",14938,,
"2020-11-27 00:00:00",16729,,
"2020-11-28 00:00:00",18863,,
"2020-11-29 00:00:00",18211,,
"2020-11-30 00:00:00",15121,,
"2020-12-01 00:00:00",14763,,
"2020-12-02 00:00:00",14339,,
"2020-12-03 00:00:00",13808,,
"2020-12-04 00:00:00",15163,,
"2020-12-05 00:00:00",17734,,
"2020-12-06 00:00:00",16689,,
"2020-12-07 00:00:00",13596,,
"2020-12-08 00:00:00",13034,,
"2020-12-09 00:00:00",12159,,
"2020-12-10 00:00:00",10951,,
"2020-12-11 00:00:00",12037,,
"2020-12-12 00:00:00",14602,,
"2020-12-13 00:00:00",14038,,
"2020-12-14 00:00:00",11362,,
"2020-12-15 00:00:00",11543,,
"2020-12-16 00:00:00",11370,,
"2020-12-17 00:00:00",11883,,
"2020-12-18 00:00:00",12770,,
"2020-12-19 00:00:00",15560,,
"2020-12-20 00:00:00",15637,,
"2020-12-21 00:00:00",14087,,
"2020-12-22 00:00:00",14404,,
"2020-12-23 00:00:00",15272,,
"2020-12-24 00:00:00",13715,,
"2020-12-25 00:00:00",16114,,
"2020-12-26 00:00:00",19486,,
"2020-12-27 00:00:00",20029,,
"2020-12-28 00:00:00",19177,,
"2020-12-29 00:00:00",19176,,
"2020-12-30 00:00:00",19208,,
"2020-12-31 00:00:00",17924,,
"2021-01-01 00:00:00",21786,,
"2021-01-02 00:00:00",22286,,
"2021-01-03 00:00:00",21135,,
"2021-01-04 00:00:00",17797,,
"2021-01-05 00:00:00",17669,,
"2021-01-06 00:00:00",16502,,
"2021-01-07 00:00:00",16203,,
"2021-01-08 00:00:00",17282,,
"2021-01-09 00:00:00",20036,,
"2021-01-10 00:00:00",18879,,
"2021-01-11 00:00:00",14989,,
"2021-01-12 00:00:00",14909,,
"2021-01-13 00:00:00",14491,,
"2021-01-14 00:00:00",14499,,
"2021-01-15 00:00:00",15577,,
"2021-01-16 00:00:00",19005,,
"2021-01-17 00:00:00",18033,,
"2021-01-18 00:00:00",15590,,
"2021-01-19 00:00:00",14128,,
"2021-01-20 00:00:00",14040,,
"2021-01-21 00:00:00",14024,,
"2021-01-22 00:00:00",15561,,
"2021-01-23 00:00:00",18968,,
"2021-01-24 00:00:00",18310,,
"2021-01-25 00:00:00",14635,,
"2021-01-26 00:00:00",14538,,
"2021-01-27 00:00:00",14150,,
"2021-01-28 00:00:00",13992,,
"2021-01-29 00:00:00",15344,,
"2021-01-30 00:00:00",18198,,
"2021-01-31 00:00:00",17656,,
"2021-02-01 00:00:00",14111,,
"2021-02-02 00:00:00",13680,,
"2021-02-03 00:00:00",13113,,
"2021-02-04 00:00:00",13854,,
"2021-02-05 00:00:00",18282,,
"2021-02-06 00:00:00",24936,,
"2021-02-07 00:00:00",26378,,
"2021-02-08 00:00:00",21088,,
"2021-02-09 00:00:00",21041,,
"2021-02-10 00:00:00",20465,,
"2021-02-11 00:00:00",20758,,
"2021-02-12 00:00:00",21619,,
"2021-02-13 00:00:00",25315,,
"2021-02-14 00:00:00",25070,,
"2021-02-15 00:00:00",21860,,
"2021-02-16 00:00:00",19699,,
"2021-02-17 00:00:00",18338,,
"2021-02-18 00:00:00",18172,,
"2021-02-19 00:00:00",18853,,
"2021-02-20 00:00:00",21448,,
"2021-02-21 00:00:00",21244,,
"2021-02-22 00:00:00",16611,,
"2021-02-23 00:00:00",15703,,
"2021-02-24 00:00:00",15310,,
"2021-02-25 00:00:00",14964,,
"2021-02-26 00:00:00",16149,,
"2021-02-27 00:00:00",19272,,
"2021-02-28 00:00:00",18452,,
"2021-03-01 00:00:00",14612,,
"2021-03-02 00:00:00",14327,,
"2021-03-03 00:00:00",13780,,
"2021-03-04 00:00:00",13988,,
"2021-03-05 00:00:00",15170,,
"2021-03-06 00:00:00",18154,,
"2021-03-07 00:00:00",17447,,
"2021-03-08 00:00:00",13591,,
"2021-03-09 00:00:00",13562,,
"2021-03-10 00:00:00",13356,,
"2021-03-11 00:00:00",14896,,
"2021-03-12 00:00:00",17351,,
"2021-03-13 00:00:00",21597,,
"2021-03-14 00:00:00",21414,,
"2021-03-15 00:00:00",18163,,
"2021-03-16 00:00:00",17810,,
"2021-03-17 00:00:00",17332,,
"2021-03-18 00:00:00",17073,,
"2021-03-19 00:00:00",18855,,
"2021-03-20 00:00:00",21842,,
"2021-03-21 00:00:00",21430,,
"2021-03-22 00:00:00",17453,,
"2021-03-23 00:00:00",17498,,
"2021-03-24 00:00:00",16988,,
"2021-03-25 00:00:00",16996,,
"2021-03-26 00:00:00",18380,,
"2021-03-27 00:00:00",21341,,
"2021-03-28 00:00:00",21004,,
"2021-03-29 00:00:00",16742,,
"2021-03-30 00:00:00",15686,,
"2021-03-31 00:00:00",15477,,
"2021-04-01 00:00:00",16226,,
"2021-04-02 00:00:00",18421,,
"2021-04-03 00:00:00",20038,,
"2021-04-04 00:00:00",19587,,
"2021-04-05 00:00:00",17784,,
"2021-04-06 00:00:00",15303,,
"2021-04-07 00:00:00",15047,,
"2021-04-08 00:00:00",15191,,
"2021-04-09 00:00:00",16098,,
"2021-04-10 00:00:00",19702,,
"2021-04-11 00:00:00",19514,,
"2021-04-12 00:00:00",15259,,
"2021-04-13 00:00:00",14535,,
"2021-04-14 00:00:00",13975,,
"2021-04-15 00:00:00",49932,,
"2021-04-16 00:00:00",51005,,
"2021-04-17 00:00:00",57270,,
"2021-04-18 00:00:00",55227,,
"2021-04-19 00:00:00",44609,,
"2021-04-20 00:00:00",40991,,
"2021-04-21 00:00:00",39258,,
"2021-04-22 00:00:00",36992,,
"2021-04-23 00:00:00",37704,,
"2021-04-24 00:00:00",42996,,
"2021-04-25 00:00:00",40876,,
"2021-04-26 00:00:00",31409,,
"2021-04-27 00:00:00",29480,,
"2021-04-28 00:00:00",27928,,
"2021-04-29 00:00:00",27508,,
"2021-04-30 00:00:00",28355,,
"2021-05-01 00:00:00",32492,,
"2021-05-02 00:00:00",32520,,
"2021-05-03 00:00:00",27016,,
"2021-05-04 00:00:00",25496,,
"2021-05-05 00:00:00",24115,,
"2021-05-06 00:00:00",23672,,
"2021-05-07 00:00:00",24737,,
"2021-05-08 00:00:00",29197,,
"2021-05-09 00:00:00",27272,,
"2021-05-10 00:00:00",22530,,
"2021-05-11 00:00:00",22114,,
"2021-05-12 00:00:00",22141,,
"2021-05-13 00:00:00",22027,,
"2021-05-14 00:00:00",21681,,
"2021-05-15 00:00:00",25038,,
"2021-05-16 00:00:00",24774,,
"2021-05-17 00:00:00",19698,,
"2021-05-18 00:00:00",19007,,
"2021-05-19 00:00:00",18144,,
"2021-05-20 00:00:00",18699,,
"2021-05-21 00:00:00",23130,,
"2021-05-22 00:00:00",29246,,
"2021-05-23 00:00:00",30491,,
"2021-05-24 00:00:00",25965,,
"2021-05-25 00:00:00",22163,,
"2021-05-26 00:00:00",21023,,
"2021-05-27 00:00:00",19786,,
"2021-05-28 00:00:00",21047,,
"2021-05-29 00:00:00",23394,,
"2021-05-30 00:00:00",22065,,
"2021-05-31 00:00:00",20569,,
"2021-06-01 00:00:00",17111,,
"2021-06-02 00:00:00",16741,,
"2021-06-03 00:00:00",16568,,
"2021-06-04 00:00:00",17238,,
"2021-06-05 00:00:00",20004,,
"2021-06-06 00:00:00",19883,,
"2021-06-07 00:00:00",15896,,
"2021-06-08 00:00:00",15169,,
"2021-06-09 00:00:00",14488,,
"2021-06-10 00:00:00",14236,,
"2021-06-11 00:00:00",15038,,
"2021-06-12 00:00:00",18469,,
"2021-06-13 00:00:00",19021,,
"2021-06-14 00:00:00",14566,,
"2021-06-15 00:00:00",13789,,
"2021-06-16 00:00:00",13657,,
"2021-06-17 00:00:00",13646,,
"2021-06-18 00:00:00",14727,,
"2021-06-19 00:00:00",17512,,
"2021-06-20 00:00:00",17539,,
"2021-06-21 00:00:00",13914,,
"2021-06-22 00:00:00",13759,,
"2021-06-23 00:00:00",12858,,
"2021-06-24 00:00:00",13533,,
"2021-06-25 00:00:00",15005,,
"2021-06-26 00:00:00",18947,,
"2021-06-27 00:00:00",19124,,
"2021-06-28 00:00:00",15163,,
"2021-06-29 00:00:00",15327,,
"2021-06-30 00:00:00",15311,,
"2021-07-01 00:00:00",15255,,
"2021-07-02 00:00:00",16331,,
"2021-07-03 00:00:00",19250,,
"2021-07-04 00:00:00",19577,,
"2021-07-05 00:00:00",17759,,
"2021-07-06 00:00:00",15859,,
"2021-07-07 00:00:00",15498,,
"2021-07-08 00:00:00",15702,,
"2021-07-09 00:00:00",16346,,
"2021-07-10 00:00:00",19124,,
"2021-07-11 00:00:00",19241,,
"2021-07-12 00:00:00",15103,,
"2021-07-13 00:00:00",14720,,
"2021-07-14 00:00:00",14590,,
"2021-07-15 00:00:00",14034,,
"2021-07-16 00:00:00",14617,,
"2021-07-17 00:00:00",17188,,
"2021-07-18 00:00:00",17405,,
"2021-07-19 00:00:00",14153,,
"2021-07-20 00:00:00",14073,,
"2021-07-21 00:00:00",13236,,
"2021-07-22 00:00:00",13229,,
"2021-07-23 00:00:00",13381,,
"2021-07-24 00:00:00",15786,,
"2021-07-25 00:00:00",16218,,
"2021-07-26 00:00:00",12925,,
"2021-07-27 00:00:00",12926,,
"2021-07-28 00:00:00",12864,,
"2021-07-29 00:00:00",12844,,
"2021-07-30 00:00:00",13509,,
"2021-07-31 00:00:00",16128,,
"2021-08-01 00:00:00",16249,,
"2021-08-02 00:00:00",13274,,
"2021-08-03 00:00:00",12977,,
"2021-08-04 00:00:00",12931,,
"2021-08-05 00:00:00",12933,,
"2021-08-06 00:00:00",13683,,
"2021-08-07 00:00:00",16190,,
"2021-08-08 00:00:00",16801,,
"2021-08-09 00:00:00",13650,,
"2021-08-10 00:00:00",13426,,
"2021-08-11 00:00:00",13329,,
"2021-08-12 00:00:00",12775,,
"2021-08-13 00:00:00",13583,,
"2021-08-14 00:00:00",15946,,
"2021-08-15 00:00:00",16570,,
"2021-08-16 00:00:00",13600,,
"2021-08-17 00:00:00",13256,,
"2021-08-18 00:00:00",12624,,
"2021-08-19 00:00:00",12584,,
"2021-08-20 00:00:00",13220,,
"2021-08-21 00:00:00",16016,,
"2021-08-22 00:00:00",17028,,
"2021-08-23 00:00:00",12935,,
"2021-08-24 00:00:00",12760,,
"2021-08-25 00:00:00",12405,,
"2021-08-26 00:00:00",12108,,
"2021-08-27 00:00:00",13039,,
"2021-08-28 00:00:00",15785,,
"2021-08-29 00:00:00",16470,,
"2021-08-30 00:00:00",13161,,
"2021-08-31 00:00:00",12394,,
"2021-09-01 00:00:00",11717,,
"2021-09-02 00:00:00",11505,,
"2021-09-03 00:00:00",12215,,
"2021-09-04 00:00:00",14904,,
"2021-09-05 00:00:00",14919,,
"2021-09-06 00:00:00",14155,,
"2021-09-07 00:00:00",10948,,
"2021-09-08 00:00:00",10610,,
"2021-09-09 00:00:00",10737,,
"2021-09-10 00:00:00",11729,,
"2021-09-11 00:00:00",14864,,
"2021-09-12 00:00:00",14485,,
"2021-09-13 00:00:00",11000,,
"2021-09-14 00:00:00",18494,,
"2021-09-15 00:00:00",19415,,
"2021-09-16 00:00:00",20466,,
"2021-09-17 00:00:00",22897,,
"2021-09-18 00:00:00",28643,,
"2021-09-19 00:00:00",31688,,
"2021-09-20 00:00:00",24050,,
"2021-09-21 00:00:00",21415,,
"2021-09-22 00:00:00",20148,,
"2021-09-23 00:00:00",19273,,
"2021-09-24 00:00:00",20236,,
"2021-09-25 00:00:00",24002,,
"2021-09-26 00:00:00",23836,,
"2021-09-27 00:00:00",18316,,
"2021-09-28 00:00:00",17249,,
"2021-09-29 00:00:00",16620,,
"2021-09-30 00:00:00",16787,,
"2021-10-01 00:00:00",17646,,
"2021-10-02 00:00:00",21952,,
"2021-10-03 00:00:00",22156,,
"2021-10-04 00:00:00",16463,,
"2021-10-05 00:00:00",16059,,
"2021-10-06 00:00:00",15061,,
"2021-10-07 00:00:00",14643,,
"2021-10-08 00:00:00",15990,,
"2021-10-09 00:00:00",19450,,
"2021-10-10 00:00:00",19433,,
"2021-10-11 00:00:00",16204,,
"2021-10-12 00:00:00",14838,,
"2021-10-13 00:00:00",14402,,
"2021-10-14 00:00:00",14217,,
"2021-10-15 00:00:00",15416,,
"2021-10-16 00:00:00",18920,,
"2021-10-17 00:00:00",18723,,
"2021-10-18 00:00:00",14507,,
"2021-10-19 00:00:00",14408,,
"2021-10-20 00:00:00",14749,,
"2021-10-21 00:00:00",15067,,
"2021-10-22 00:00:00",16301,,
"2021-10-23 00:00:00",19609,,
"2021-10-24 00:00:00",19771,,
"2021-10-25 00:00:00",15631,,
"2021-10-26 00:00:00",15312,,
"2021-10-27 00:00:00",14736,,
"2021-10-28 00:00:00",14628,,
"2021-10-29 00:00:00",16393,,
"2021-10-30 00:00:00",21030,,
"2021-10-31 00:00:00",20745,,
"2021-11-01 00:00:00",17140,,
"2021-11-02 00:00:00",16546,,
"2021-11-03 00:00:00",16117,,
"2021-11-04 00:00:00",15730,,
"2021-11-05 00:00:00",16502,,
"2021-11-06 00:00:00",20012,,
"2021-11-07 00:00:00",19338,,
"2021-11-08 00:00:00",14631,,
"2021-11-09 00:00:00",14137,,
"2021-11-10 00:00:00",14152,,
"2021-11-11 00:00:00",15086,,
"2021-11-12 00:00:00",15578,,
"2021-11-13 00:00:00",18714,,
"2021-11-14 00:00:00",18510,,
"2021-11-15 00:00:00",14160,,
"2021-11-16 00:00:00",13400,,
"2021-11-17 00:00:00",13171,,
"2021-11-18 00:00:00",13221,,
"2021-11-19 00:00:00",14365,,
"2021-11-20 00:00:00",17243,,
"2021-11-21 00:00:00",16748,,
"2021-11-22 00:00:00",22691,,
"2021-11-23 00:00:00",22192,,
"2021-11-24 00:00:00",23794,,
"2021-11-25 00:00:00",24090,,
"2021-11-26 00:00:00",27527,,
"2021-11-27 00:00:00",30363,,
"2021-11-28 00:00:00",29908,,
"2021-11-29 00:00:00",22924,,
"2021-11-30 00:00:00",21898,,
"2021-12-01 00:00:00",20538,,
"2021-12-02 00:00:00",20287,,
"2021-12-03 00:00:00",21758,,
"2021-12-04 00:00:00",26968,,
"2021-12-05 00:00:00",26033,,
"2021-12-06 00:00:00",19421,,
"2021-12-07 00:00:00",18210,,
"2021-12-08 00:00:00",17723,,
"2021-12-09 00:00:00",16982,,
"2021-12-10 00:00:00",18584,,
"2021-12-11 00:00:00",23525,,
"2021-12-12 00:00:00",21995,,
"2021-12-13 00:00:00",17010,,
"2021-12-14 00:00:00",16939,,
"2021-12-15 00:00:00",16327,,
"2021-12-16 00:00:00",16054,,
"2021-12-17 00:00:00",16776,,
"2021-12-18 00:00:00",20480,,
"2021-12-19 00:00:00",19916,,
"2021-12-20 00:00:00",17157,,
"2021-12-21 00:00:00",17297,,
"2021-12-22 00:00:00",17305,,
"2021-12-23 00:00:00",18183,,
"2021-12-24 00:00:00",18849,,
"2021-12-25 00:00:00",19938,,
"2021-12-26 00:00:00",21796,,
"2021-12-27 00:00:00",22192,,
"2021-12-28 00:00:00",22645,,
"2021-12-29 00:00:00",22932,,
"2021-12-30 00:00:00",22938,,
"2021-12-31 00:00:00",22573,,
"2022-01-01 00:00:00",26393,,
"2022-01-02 00:00:00",25913,,
"2022-01-03 00:00:00",22422,,
"2022-01-04 00:00:00",20957,,
"2022-01-05 00:00:00",20419,,
"2022-01-06 00:00:00",20606,,
"2022-01-07 00:00:00",21362,,
"2022-01-08 00:00:00",24792,,
"2022-01-09 00:00:00",23573,,
"2022-01-10 00:00:00",18104,,
"2022-01-11 00:00:00",17944,,
"2022-01-12 00:00:00",17163,,
"2022-01-13 00:00:00",17399,,
"2022-01-14 00:00:00",19196,,
"2022-01-15 00:00:00",23168,,
"2022-01-16 00:00:00",22834,,
"2022-01-17 00:00:00",20167,,
"2022-01-18 00:00:00",17035,,
"2022-01-19 00:00:00",16783,,
"2022-01-20 00:00:00",17102,,
"2022-01-21 00:00:00",18827,,
"2022-01-22 00:00:00",22898,,
"2022-01-23 00:00:00",22433,,
"2022-01-24 00:00:00",16974,,
"2022-01-25 00:00:00",16453,,
"2022-01-26 00:00:00",16104,,
"2022-01-27 00:00:00",15816,,
"2022-01-28 00:00:00",17701,,
"2022-01-29 00:00:00",23071,,
"2022-01-30 00:00:00",24039,,
"2022-01-31 00:00:00",18252,,
"2022-02-01 00:00:00",18537,,
"2022-02-02 00:00:00",18697,,
"2022-02-03 00:00:00",19345,,
"2022-02-04 00:00:00",19505,,
"2022-02-05 00:00:00",23382,,
"2022-02-06 00:00:00",23559,,
"2022-02-07 00:00:00",17042,,
"2022-02-08 00:00:00",16496,,
"2022-02-09 00:00:00",15755,,
"2022-02-10 00:00:00",15501,,
"2022-02-11 00:00:00",16578,,
"2022-02-12 00:00:00",20429,,
"2022-02-13 00:00:00",20591,,
"2022-02-14 00:00:00",15059,,
"2022-02-15 00:00:00",14948,,
"2022-02-16 00:00:00",14237,,
"2022-02-17 00:00:00",13275,,
"2022-02-18 00:00:00",14764,,
"2022-02-19 00:00:00",17864,,
"2022-02-20 00:00:00",17523,,
"2022-02-21 00:00:00",13785,,
"2022-02-22 00:00:00",12456,,
"2022-02-23 00:00:00",15175,,
"2022-02-24 00:00:00",14549,,
"2022-02-25 00:00:00",15722,,
"2022-02-26 00:00:00",19937,,
"2022-02-27 00:00:00",19142,,
"2022-02-28 00:00:00",14300,,
"2022-03-01 00:00:00",13666,,
"2022-03-02 00:00:00",13498,,
"2022-03-03 00:00:00",13545,,
"2022-03-04 00:00:00",15077,,
"2022-03-05 00:00:00",19581,,
"2022-03-06 00:00:00",18781,,
"2022-03-07 00:00:00",14382,,
"2022-03-08 00:00:00",13485,,
"2022-03-09 00:00:00",13309,,
"2022-03-10 00:00:00",13306,,
"2022-03-11 00:00:00",15203,,
"2022-03-12 00:00:00",19432,,
"2022-03-13 00:00:00",19095,,
"2022-03-14 00:00:00",14521,,
"2022-03-15 00:00:00",13327,,
"2022-03-16 00:00:00",13176,,
"2022-03-17 00:00:00",14418,,
"2022-03-18 00:00:00",17183,,
"2022-03-19 00:00:00",21201,,
"2022-03-20 00:00:00",21438,,
"2022-03-21 00:00:00",16524,,
"2022-03-22 00:00:00",16027,,
"2022-03-23 00:00:00",15720,,
"2022-03-24 00:00:00",15850,,
"2022-03-25 00:00:00",17498,,
"2022-03-26 00:00:00",21908,,
"2022-03-27 00:00:00",21754,,
"2022-03-28 00:00:00",16324,,
"2022-03-29 00:00:00",16053,,
"2022-03-30 00:00:00",16161,,
"2022-03-31 00:00:00",16410,,
"2022-04-01 00:00:00",17283,,
"2022-04-02 00:00:00",22894,,
"2022-04-03 00:00:00",23987,,
"2022-04-04 00:00:00",17658,,
"2022-04-05 00:00:00",16313,,
"2022-04-06 00:00:00",16129,,
"2022-04-07 00:00:00",16309,,
"2022-04-08 00:00:00",18332,,
"2022-04-09 00:00:00",23867,,
"2022-04-10 00:00:00",23143,,
"2022-04-11 00:00:00",17327,,
"2022-04-12 00:00:00",16586,,
"2022-04-13 00:00:00",16576,,
"2022-04-14 00:00:00",16900,,
"2022-04-15 00:00:00",20479,,
"2022-04-16 00:00:00",22377,,
"2022-04-17 00:00:00",21296,,
"2022-04-18 00:00:00",19645,,
"2022-04-19 00:00:00",16329,,
"2022-04-20 00:00:00",15757,,
"2022-04-21 00:00:00",15941,,
"2022-04-22 00:00:00",17906,,
"2022-04-23 00:00:00",21366,,
"2022-04-24 00:00:00",22002,,
"2022-04-25 00:00:00",16625,,
"2022-04-26 00:00:00",15888,,
"2022-04-27 00:00:00",15530,,
"2022-04-28 00:00:00",15351,,
"2022-04-29 00:00:00",17354,,
"2022-04-30 00:00:00",22059,,
"2022-05-01 00:00:00",22552,,
"2022-05-02 00:00:00",17797,,
"2022-05-03 00:00:00",16374,,
"2022-05-04 00:00:00",15246,,
"2022-05-05 00:00:00",15265,,
"2022-05-06 00:00:00",16454,,
"2022-05-07 00:00:00",21215,,
"2022-05-08 00:00:00",20942,,
"2022-05-09 00:00:00",16085,,
"2022-05-10 00:00:00",15442,,
"2022-05-11 00:00:00",14521,,
"2022-05-12 00:00:00",37198,,
"2022-05-13 00:00:00",40560,,
"2022-05-14 00:00:00",48260,,
"2022-05-15 00:00:00",48821,,
"2022-05-16 00:00:00",38377,,
"2022-05-17 00:00:00",35432,,
"2022-05-18 00:00:00",34777,,
"2022-05-19 00:00:00",35173,,
"2022-05-20 00:00:00",40786,,
"2022-05-21 00:00:00",52039,,
"2022-05-22 00:00:00",52075,,
"2022-05-23 00:00:00",39385,,
"2022-05-24 00:00:00",34931,,
"2022-05-25 00:00:00",33440,,
"2022-05-26 00:00:00",34892,,
"2022-05-27 00:00:00",34268,,
"2022-05-28 00:00:00",39059,,
"2022-05-29 00:00:00",36828,,
"2022-05-30 00:00:00",32621,,
"2022-05-31 00:00:00",26534,,
"2022-06-01 00:00:00",24275,,
"2022-06-02 00:00:00",25267,,
"2022-06-03 00:00:00",26012,,
"2022-06-04 00:00:00",30468,,
"2022-06-05 00:00:00",30202,,
"2022-06-06 00:00:00",24857,,
"2022-06-07 00:00:00",21754,,
"2022-06-08 00:00:00",20991,,
"2022-06-09 00:00:00",20586,,
"2022-06-10 00:00:00",21614,,
"2022-06-11 00:00:00",26757,,
"2022-06-12 00:00:00",26439,,
"2022-06-13 00:00:00",20683,,
"2022-06-14 00:00:00",19469,,
"2022-06-15 00:00:00",18551,,
"2022-06-16 00:00:00",19195,,
"2022-06-17 00:00:00",20183,,
"2022-06-18 00:00:00",24238,,
"2022-06-19 00:00:00",24103,,
"2022-06-20 00:00:00",19619,,
"2022-06-21 00:00:00",18606,,
"2022-06-22 00:00:00",18037,,
"2022-06-23 00:00:00",17866,,
"2022-06-24 00:00:00",19739,,
"2022-06-25 00:00:00",23844,,
"2022-06-26 00:00:00",24460,,
"2022-06-27 00:00:00",18947,,
"2022-06-28 00:00:00",18803,,
"2022-06-29 00:00:00",18357,,
"2022-06-30 00:00:00",18125,,
"2022-07-01 00:00:00",19462,,
"2022-07-02 00:00:00",22910,,
"2022-07-03 00:00:00",22860,,
"2022-07-04 00:00:00",20450,,
"2022-07-05 00:00:00",17784,,
"2022-07-06 00:00:00",17487,,
"2022-07-07 00:00:00",17687,,
"2022-07-08 00:00:00",18158,,
"2022-07-09 00:00:00",21309,,
"2022-07-10 00:00:00",21773,,
"2022-07-11 00:00:00",16937,,
"2022-07-12 00:00:00",16409,,
"2022-07-13 00:00:00",15827,,
"2022-07-14 00:00:00",16017,,
"2022-07-15 00:00:00",16765,,
"2022-07-16 00:00:00",19925,,
"2022-07-17 00:00:00",20493,,
"2022-07-18 00:00:00",16140,,
"2022-07-19 00:00:00",15957,,
"2022-07-20 00:00:00",15453,,
"2022-07-21 00:00:00",15439,,
"2022-07-22 00:00:00",16302,,
"2022-07-23 00:00:00",19515,,
"2022-07-24 00:00:00",19645,,
"2022-07-25 00:00:00",15676,,
"2022-07-26 00:00:00",15514,,
"2022-07-27 00:00:00",15111,,
"2022-07-28 00:00:00",14704,,
"2022-07-29 00:00:00",15631,,
"2022-07-30 00:00:00",18241,,
"2022-07-31 00:00:00",18576,,
"2022-08-01 00:00:00",14985,,
"2022-08-02 00:00:00",14330,,
"2022-08-03 00:00:00",14179,,
"2022-08-04 00:00:00",13961,,
"2022-08-05 00:00:00",14957,,
"2022-08-06 00:00:00",17550,,
"2022-08-07 00:00:00",18111,,
"2022-08-08 00:00:00",14239,,
"2022-08-09 00:00:00",14256,,
"2022-08-10 00:00:00",13724,,
"2022-08-11 00:00:00",13510,,
"2022-08-12 00:00:00",14427,,
"2022-08-13 00:00:00",16610,,
"2022-08-14 00:00:00",17253,,
"2022-08-15 00:00:00",14391,,
"2022-08-16 00:00:00",13667,,
"2022-08-17 00:00:00",13652,,
"2022-08-18 00:00:00",13406,,
"2022-08-19 00:00:00",13798,,
"2022-08-20 00:00:00",16845,,
"2022-08-21 00:00:00",17350,,
"2022-08-22 00:00:00",13429,,
"2022-08-23 00:00:00",12762,,
"2022-08-24 00:00:00",12030,,
"2022-08-25 00:00:00",12208,,
"2022-08-26 00:00:00",13051,,
"2022-08-27 00:00:00",15814,,
"2022-08-28 00:00:00",15998,,
"2022-08-29 00:00:00",13085,,
"2022-08-30 00:00:00",12410,,
"2022-08-31 00:00:00",12143,,
"2022-09-01 00:00:00",11928,,
"2022-09-02 00:00:00",13787,,
"2022-09-03 00:00:00",17105,,
"2022-09-04 00:00:00",17030,,
"2022-09-05 00:00:00",16038,,
"2022-09-06 00:00:00",12558,,
"2022-09-07 00:00:00",12438,,
"2022-09-08 00:00:00",12408,,
"2022-09-09 00:00:00",14011,,
"2022-09-10 00:00:00",17626,,
"2022-09-11 00:00:00",17719,,
"2022-09-12 00:00:00",12494,,
"2022-09-13 00:00:00",12149,,
"2022-09-14 00:00:00",11934,,
"2022-09-15 00:00:00",11650,,
"2022-09-16 00:00:00",13343,,
"2022-09-17 00:00:00",16701,,
"2022-09-18 00:00:00",16717,,
"2022-09-19 00:00:00",12489,,
"2022-09-20 00:00:00",19438,,
"2022-09-21 00:00:00",19026,,
"2022-09-22 00:00:00",19478,,
"2022-09-23 00:00:00",21161,16863,
"2022-09-24 00:00:00",27008,21134,
"2022-09-25 00:00:00",26388,21344,
"2022-09-26 00:00:00",19067,15444,
"2022-09-27 00:00:00",17907,14315,
"2022-09-28 00:00:00",17460,13806,
"2022-09-29 00:00:00",17165,13652,
"2022-09-30 00:00:00",19085,15102,
"2022-10-01 00:00:00",24580,19395,
"2022-10-02 00:00:00",24546,19777,
"2022-10-03 00:00:00",18111,15310,
"2022-10-04 00:00:00",16686,13798,
"2022-10-05 00:00:00",16147,13412,
"2022-10-06 00:00:00",15754,13039,
"2022-10-07 00:00:00",16497,13399,
"2022-10-08 00:00:00",20442,16045,
"2022-10-09 00:00:00",21072,16476,
"2022-10-10 00:00:00",16181,12843,
"2022-10-11 00:00:00",14863,11740,
"2022-10-12 00:00:00",14779,11750,
"2022-10-13 00:00:00",15450,11982,
"2022-10-14 00:00:00",16548,13245,
"2022-10-15 00:00:00",21379,16862,
"2022-10-16 00:00:00",20710,17016,
"2022-10-17 00:00:00",15485,12383,
"2022-10-18 00:00:00",14968,11924,
"2022-10-19 00:00:00",14486,11714,
"2022-10-20 00:00:00",14654,11648,
"2022-10-21 00:00:00",15974,12638,
"2022-10-22 00:00:00",20091,15873,
"2022-10-23 00:00:00",19345,15820,
"2022-10-24 00:00:00",13744,11370,
"2022-10-25 00:00:00",12998,10550,
"2022-10-26 00:00:00",12986,10531,
"2022-10-27 00:00:00",13482,10884,
"2022-10-28 00:00:00",15755,12056,
"2022-10-29 00:00:00",20044,15572,
"2022-10-30 00:00:00",19229,16002,
"2022-10-31 00:00:00",15142,12393,
"2022-11-01 00:00:00",15651,12351,
"2022-11-02 00:00:00",13795,11339,
"2022-11-03 00:00:00",13637,11479,
"2022-11-04 00:00:00",15013,12130,
"2022-11-05 00:00:00",18966,15119,
"2022-11-06 00:00:00",18105,15002,
"2022-11-07 00:00:00",12764,10740,
"2022-11-08 00:00:00",12302,10237,
"2022-11-09 00:00:00",11837,9876,
"2022-11-10 00:00:00",11933,9988,
"2022-11-11 00:00:00",14219,11540,
"2022-11-12 00:00:00",17379,14443,
"2022-11-13 00:00:00",16777,14336,
"2022-11-14 00:00:00",11874,10268,
"2022-11-15 00:00:00",11687,9669,
"2022-11-16 00:00:00",11221,9571,
"2022-11-17 00:00:00",11215,9477,
"2022-11-18 00:00:00",12532,10235,
"2022-11-19 00:00:00",15964,13156,
"2022-11-20 00:00:00",15847,13524,
"2022-11-21 00:00:00",11703,9872,
"2022-11-22 00:00:00",11482,9667,
"2022-11-23 00:00:00",12376,10385,
"2022-11-24 00:00:00",12755,11006,
"2022-11-25 00:00:00",14853,12226,
"2022-11-26 00:00:00",18435,15308,
"2022-11-27 00:00:00",18017,15540,
"2022-11-28 00:00:00",13274,11765,
"2022-11-29 00:00:00",15698,12199,
"2022-11-30 00:00:00",15620,13592,
"2022-12-01 00:00:00",15548,13488,
"2022-12-02 00:00:00",17318,14552,
"2022-12-03 00:00:00",22201,18525,
"2022-12-04 00:00:00",22057,18765,
"2022-12-05 00:00:00",16162,14226,
"2022-12-06 00:00:00",17851,14240,
"2022-12-07 00:00:00",15178,12882,
"2022-12-08 00:00:00",14942,12850,
"2022-12-09 00:00:00",16242,13470,
"2022-12-10 00:00:00",20489,16816,
"2022-12-11 00:00:00",20176,17317,
"2022-12-12 00:00:00",14553,13035,
"2022-12-13 00:00:00",14646,12630,
"2022-12-14 00:00:00",14014,12349,
"2022-12-15 00:00:00",14018,12232,
"2022-12-16 00:00:00",15232,13039,
"2022-12-17 00:00:00",18611,15837,
"2022-12-18 00:00:00",18398,16214,
"2022-12-19 00:00:00",15004,13233,
"2022-12-20 00:00:00",15111,12942,
"2022-12-21 00:00:00",15037,13043,
"2022-12-22 00:00:00",15796,13273,
"2022-12-23 00:00:00",17791,14802,
"2022-12-24 00:00:00",17632,15510,
"2022-12-25 00:00:00",17044,15381,
"2022-12-26 00:00:00",19243,16305,
"2022-12-27 00:00:00",18724,16593,
"2022-12-28 00:00:00",18743,16556,
"2022-12-29 00:00:00",18968,16777,
"2022-12-30 00:00:00",19880,17428,
"2022-12-31 00:00:00",20563,17451,
"2023-01-01 00:00:00",21624,18560,
"2023-01-02 00:00:00",21243,18923,
"2023-01-03 00:00:00",18419,16558,
"2023-01-04 00:00:00",18453,16146,
"2023-01-05 00:00:00",18128,15644,
"2023-01-06 00:00:00",19161,16241,
"2023-01-07 00:00:00",22149,18792,
"2023-01-08 00:00:00",22219,19130,
"2023-01-09 00:00:00",16286,14802,
"2023-01-10 00:00:00",15669,13903,
"2023-01-11 00:00:00",16103,13857,
"2023-01-12 00:00:00",15437,13779,
"2023-01-13 00:00:00",17001,14755,
"2023-01-14 00:00:00",21460,18030,
"2023-01-15 00:00:00",21498,18516,
"2023-01-16 00:00:00",17580,15167,
"2023-01-17 00:00:00",15716,13827,
"2023-01-18 00:00:00",15791,13968,
"2023-01-19 00:00:00",16133,14208,
"2023-01-20 00:00:00",17241,15033,
"2023-01-21 00:00:00",21643,17990,
"2023-01-22 00:00:00",22150,18696,
"2023-01-23 00:00:00",16144,14406,
"2023-01-24 00:00:00",15750,13796,
"2023-01-25 00:00:00",15834,13808,
"2023-01-26 00:00:00",15873,13927,
"2023-01-27 00:00:00",16817,14602,
"2023-01-28 00:00:00",21284,17475,
"2023-01-29 00:00:00",21217,17891,
"2023-01-30 00:00:00",15848,13829,
"2023-01-31 00:00:00",15521,13277,
"2023-02-01 00:00:00",15228,13081,
"2023-02-02 00:00:00",14999,13011,
"2023-02-03 00:00:00",16722,14042,
"2023-02-04 00:00:00",21052,17354,
"2023-02-05 00:00:00",20702,17746,
"2023-02-06 00:00:00",15199,13190,
"2023-02-07 00:00:00",14254,12304,
"2023-02-08 00:00:00",13708,11876,
"2023-02-09 00:00:00",14294,11967,
"2023-02-10 00:00:00",15601,12943,
"2023-02-11 00:00:00",19784,16276,
"2023-02-12 00:00:00",19600,16790,
"2023-02-13 00:00:00",14557,12441,
"2023-02-14 00:00:00",13565,11656,
"2023-02-15 00:00:00",13791,11486,
"2023-02-16 00:00:00",13895,11569,
"2023-02-17 00:00:00",15643,12643,
"2023-02-18 00:00:00",19264,15961,
"2023-02-19 00:00:00",18413,16183,
"2023-02-20 00:00:00",16158,12826,
"2023-02-21 00:00:00",13990,11620,
"2023-02-22 00:00:00",14343,11709,
"2023-02-23 00:00:00",14201,12090,
"2023-02-24 00:00:00",15223,12675,
"2023-02-25 00:00:00",18973,15907,
"2023-02-26 00:00:00",18524,16140,
"2023-02-27 00:00:00",13819,11744,
"2023-02-28 00:00:00",13082,11109,
"2023-03-01 00:00:00",12704,10783,
"2023-03-02 00:00:00",13284,10886,
"2023-03-03 00:00:00",14638,12031,
"2023-03-04 00:00:00",18832,15688,
"2023-03-05 00:00:00",18303,15722,
"2023-03-06 00:00:00",13515,11341,
"2023-03-07 00:00:00",13337,10818,
"2023-03-08 00:00:00",12889,11018,
"2023-03-09 00:00:00",13155,10791,
"2023-03-10 00:00:00",14826,12038,
"2023-03-11 00:00:00",18713,15518,
"2023-03-12 00:00:00",18260,15771,
"2023-03-13 00:00:00",13719,11218,
"2023-03-14 00:00:00",24426,12990,
"2023-03-15 00:00:00",24482,18861,
"2023-03-16 00:00:00",25006,19685,
"2023-03-17 00:00:00",27223,21553,
"2023-03-18 00:00:00",34116,27530,
"2023-03-19 00:00:00",35050,28949,
"2023-03-20 00:00:00",26790,21377,
"2023-03-21 00:00:00",25786,20827,
"2023-03-22 00:00:00",24736,20269,
"2023-03-23 00:00:00",24406,19696,
"2023-03-24 00:00:00",26546,20875,
"2023-03-25 00:00:00",32538,25755,
"2023-03-26 00:00:00",31810,25596,
"2023-03-27 00:00:00",22855,18415,
"2023-03-28 00:00:00",21670,17264,
"2023-03-29 00:00:00",21312,16906,
"2023-03-30 00:00:00",21179,16870,
"2023-03-31 00:00:00",24068,18540,
"2023-04-01 00:00:00",29844,23297,
"2023-04-02 00:00:00",28902,23136,
"2023-04-03 00:00:00",20911,16892,
"2023-04-04 00:00:00",21716,16555,
"2023-04-05 00:00:00",20235,17213,
"2023-04-06 00:00:00",20595,16155,
"2023-04-07 00:00:00",25197,18824,
"2023-04-08 00:00:00",26597,21005,
"2023-04-09 00:00:00",25098,20915,
"2023-04-10 00:00:00",22997,17664,
"2023-04-11 00:00:00",19328,15131,
"2023-04-12 00:00:00",19191,14914,
"2023-04-13 00:00:00",18506,14422,
"2023-04-14 00:00:00",20328,15586,
"2023-04-15 00:00:00",25300,19737,
"2023-04-16 00:00:00",24312,19773,
"2023-04-17 00:00:00",17320,14075,
"2023-04-18 00:00:00",16829,13465,
"2023-04-19 00:00:00",16538,13010,
"2023-04-20 00:00:00",16694,13215,
"2023-04-21 00:00:00",19283,14671,
"2023-04-22 00:00:00",22834,18271,
"2023-04-23 00:00:00",23258,18162,
"2023-04-24 00:00:00",16948,13579,
"2023-04-25 00:00:00",16300,13118,
"2023-04-26 00:00:00",15812,12683,
"2023-04-27 00:00:00",15770,12619,
"2023-04-28 00:00:00",17534,13722,
"2023-04-29 00:00:00",21945,17625,
"2023-04-30 00:00:00",22750,18589,
"2023-05-01 00:00:00",20540,16294,
"2023-05-02 00:00:00",16266,13502,
"2023-05-03 00:00:00",15041,12726,
"2023-05-04 00:00:00",14871,11830,
"2023-05-05 00:00:00",16270,13010,
"2023-05-06 00:00:00",21187,16000,
"2023-05-07 00:00:00",20326,16870,
"2023-05-08 00:00:00",16308,12642,
"2023-05-09 00:00:00",23988,14467,
"2023-05-10 00:00:00",24102,18601,
"2023-05-11 00:00:00",23704,18794,
"2023-05-12 00:00:00",26739,20465,
"2023-05-13 00:00:00",33650,26276,
"2023-05-14 00:00:00",33914,27102,
"2023-05-15 00:00:00",26037,20411,
"2023-05-16 00:00:00",25426,19687,
"2023-05-17 00:00:00",24899,19607,
"2023-05-18 00:00:00",27507,20377,
"2023-05-19 00:00:00",27611,20569,
"2023-05-20 00:00:00",31355,24498,
"2023-05-21 00:00:00",29517,23896,
"2023-05-22 00:00:00",22065,17575,
"2023-05-23 00:00:00",21091,16214,
"2023-05-24 00:00:00",20548,15759,
"2023-05-25 00:00:00",19709,15322,
"2023-05-26 00:00:00",21974,16472,
"2023-05-27 00:00:00",25500,19966,
"2023-05-28 00:00:00",24208,20005,
"2023-05-29 00:00:00",22768,17489,
"2023-05-30 00:00:00",17550,14159,
"2023-05-31 00:00:00",18254,14269,
"2023-06-01 00:00:00",17944,14142,
"2023-06-02 00:00:00",20172,15088,
"2023-06-03 00:00:00",23955,18662,
"2023-06-04 00:00:00",23000,18696,
"2023-06-05 00:00:00",17912,14252,
"2023-06-06 00:00:00",17230,13539,
"2023-06-07 00:00:00",16834,13274,
"2023-06-08 00:00:00",12362,13274,