"DateTime","Players","Players Trend"
"2023-05-25 00:50:00",1824,1539
"2023-05-25 01:00:00",1819,1540
"2023-05-25 01:10:00",1817,1540
"2023-05-25 01:20:00",1836,1541
"2023-05-25 01:30:00",1825,1541
"2023-05-25 01:40:00",1827,1542
"2023-05-25 01:50:00",1838,1542
"2023-05-25 02:00:00",1814,1543
"2023-05-25 02:10:00",1806,1543
"2023-05-25 02:20:00",1803,1543
"2023-05-25 02:30:00",1797,1544
"2023-05-25 02:40:00",1799,1544
"2023-05-25 02:50:00",1795,1543
"2023-05-25 03:00:00",1748,1543
"2023-05-25 03:10:00",1718,1543
"2023-05-25 03:20:00",1691,1543
"2023-05-25 03:30:00",1673,1543
"2023-05-25 03:40:00",1657,1543
"2023-05-25 03:50:00",1622,1542
"2023-05-25 04:00:00",1581,1542
"2023-05-25 04:10:00",1537,1542
"2023-05-25 04:20:00",1490,1542
"2023-05-25 04:30:00",1447,1542
"2023-05-25 04:40:00",1415,1542
"2023-05-25 04:50:00",1361,1542
"2023-05-25 05:00:00",1333,1543
"2023-05-25 05:10:00",1294,1543
"2023-05-25 05:20:00",1242,1542
"2023-05-25 05:30:00",1215,1542
"2023-05-25 05:40:00",1199,1542
"2023-05-25 05:50:00",1188,1543
"2023-05-25 06:00:00",1169,1543
"2023-05-25 06:10:00",1162,1543
"2023-05-25 06:20:00",1148,1543
"2023-05-25 06:30:00",1158,1544
"2023-05-25 06:40:00",1157,1544
"2023-05-25 06:50:00",1145,1543
"2023-05-25 07:00:00",1129,1543
"2023-05-25 07:10:00",1113,1543
"2023-05-25 07:20:00",1089,1543
"2023-05-25 07:30:00",1088,1543
"2023-05-25 07:40:00",1081,1543
"2023-05-25 07:50:00",1071,1543
"2023-05-25 08:00:00",1058,1543
"2023-05-25 08:10:00",1062,1543
"2023-05-25 08:20:00",1038,1544
"2023-05-25 08:30:00",1034,1544
"2023-05-25 08:40:00",1022,1544
"2023-05-25 08:50:00",1030,1545
"2023-05-25 09:00:00",1032,1545
"2023-05-25 09:10:00",1038,1546
"2023-05-25 09:20:00",1051,1546
"2023-05-25 09:30:00",1047,1546
"2023-05-25 09:40:00",1064,1546
"2023-05-25 09:50:00",1081,1546
"2023-05-25 10:00:00",1085,1547
"2023-05-25 10:10:00",1086,1547
"2023-05-25 10:20:00",1082,1547
"2023-05-25 10:30:00",1085,1547
"2023-05-25 10:40:00",1094,1548
"2023-05-25 10:50:00",1104,1548
"2023-05-25 11:00:00",1131,1548
"2023-05-25 11:10:00",1127,1548
"2023-05-25 11:20:00",1133,1549
"2023-05-25 11:30:00",1149,1549
"2023-05-25 11:40:00",1155,1549
"2023-05-25 11:50:00",1162,1550
"2023-05-25 12:00:00",1173,1550
"2023-05-25 12:10:00",1185,1551
"2023-05-25 12:20:00",1219,1551
"2023-05-25 12:30:00",1225,1552
"2023-05-25 12:40:00",1260,1553
"2023-05-25 12:50:00",1286,1553
"2023-05-25 13:00:00",1281,1554
"2023-05-25 13:10:00",1329,1555
"2023-05-25 13:20:00",1355,1555
"2023-05-25 13:30:00",1382,1556
"2023-05-25 13:40:00",1388,1556
"2023-05-25 13:50:00",1392,1557
"2023-05-25 14:00:00",1409,1558
"2023-05-25 14:10:00",1421,1558
"2023-05-25 14:20:00",1449,1559
"2023-05-25 14:30:00",1455,1559
"2023-05-25 14:40:00",1461,1560
"2023-05-25 14:50:00",1502,1561
"2023-05-25 15:00:00",1517,1562
"2023-05-25 15:10:00",1559,1563
"2023-05-25 15:20:00",1576,1564
"2023-05-25 15:30:00",1591,1565
"2023-05-25 15:40:00",1617,1565
"2023-05-25 15:50:00",1643,1566
"2023-05-25 16:00:00",1659,1567
"2023-05-25 16:10:00",1685,1567
"2023-05-25 16:20:00",1696,1568
"2023-05-25 16:30:00",1737,1569
"2023-05-25 16:40:00",1778,1569
"2023-05-25 16:50:00",1788,1569
"2023-05-25 17:00:00",1791,1570
"2023-05-25 17:10:00",1798,1570
"2023-05-25 17:20:00",1816,1570
"2023-05-25 17:30:00",1814,1571
"2023-05-25 17:40:00",1851,1571
"2023-05-25 17:50:00",1888,1572
"2023-05-25 18:00:00",1875,1572
"2023-05-25 18:10:00",1887,1572
"2023-05-25 18:20:00",1894,1573
"2023-05-25 18:30:00",1934,1573
"2023-05-25 18:40:00",1984,1574
"2023-05-25 18:50:00",1992,1574
"2023-05-25 19:00:00",2008,1574
"2023-05-25 19:10:00",2018,1575
"2023-05-25 19:20:00",2012,1575
"2023-05-25 19:30:00",1994,1576
"2023-05-25 19:40:00",1998,1576
"2023-05-25 19:50:00",2006,1577
"2023-05-25 20:00:00",2006,1578
"2023-05-25 20:10:00",1977,1579
"2023-05-25 20:20:00",1985,1580
"2023-05-25 20:30:00",1969,1581
"2023-05-25 20:40:00",1949,1582
"2023-05-25 20:50:00",1921,1583
"2023-05-25 21:00:00",1919,1585
"2023-05-25 21:10:00",1906,1586
"2023-05-25 21:20:00",1879,1588
"2023-05-25 21:30:00",1876,1589
"2023-05-25 21:40:00",1869,1591
"2023-05-25 21:50:00",1842,1592
"2023-05-25 22:00:00",1822,1593
"2023-05-25 22:10:00",1798,1595
"2023-05-25 22:20:00",1783,1597
"2023-05-25 22:30:00",1760,1598
"2023-05-25 22:40:00",1764,1600
"2023-05-25 22:50:00",1773,1601
"2023-05-25 23:00:00",1766,1603
"2023-05-25 23:10:00",1773,1605
"2023-05-25 23:20:00",1781,1607
"2023-05-25 23:30:00",1797,1608
"2023-05-25 23:40:00",1810,1610
"2023-05-25 23:50:00",1798,1612
"2023-05-26 00:00:00",1774,1613
"2023-05-26 00:10:00",1797,1615
"2023-05-26 00:20:00",1822,1617
"2023-05-26 00:30:00",1849,1618
"2023-05-26 00:40:00",1856,1619
"2023-05-26 00:50:00",1843,1620
"2023-05-26 01:00:00",1856,1621
"2023-05-26 01:10:00",1868,1622
"2023-05-26 01:20:00",1891,1623
"2023-05-26 01:30:00",1888,1624
"2023-05-26 01:40:00",1877,1625
"2023-05-26 01:50:00",1894,1626
"2023-05-26 02:00:00",1870,1626
"2023-05-26 02:10:00",1824,1627
"2023-05-26 02:20:00",1804,1628
"2023-05-26 02:30:00",1772,1629
"2023-05-26 02:40:00",1776,1630
"2023-05-26 02:50:00",1755,1632
"2023-05-26 03:00:00",1730,1633
"2023-05-26 03:10:00",1700,1634
"2023-05-26 03:20:00",1658,1635
"2023-05-26 03:30:00",1613,1637
"2023-05-26 03:40:00",1600,1638
"2023-05-26 03:50:00",1575,1640
"2023-05-26 04:00:00",1564,1642
"2023-05-26 04:10:00",1539,1643
"2023-05-26 04:20:00",1500,1645
"2023-05-26 04:30:00",1482,1646
"2023-05-26 04:40:00",1455,1648
"2023-05-26 04:50:00",1407,1650
"2023-05-26 05:00:00",1343,1651
"2023-05-26 05:10:00",1295,1653
"2023-05-26 05:20:00",1270,1655
"2023-05-26 05:30:00",1244,1658
"2023-05-26 05:40:00",1245,1660
"2023-05-26 05:50:00",1247,1662
"2023-05-26 06:00:00",1239,1664
"2023-05-26 06:10:00",1223,1666
"2023-05-26 06:20:00",1204,1668
"2023-05-26 06:30:00",1186,1670
"2023-05-26 06:40:00",1169,1672
"2023-05-26 06:50:00",1150,1673
"2023-05-26 07:00:00",1152,1675
"2023-05-26 07:10:00",1139,1677
"2023-05-26 07:20:00",1137,1678
"2023-05-26 07:30:00",1134,1680
"2023-05-26 07:40:00",1112,1682
"2023-05-26 07:50:00",1103,1684
"2023-05-26 08:00:00",1105,1686
"2023-05-26 08:10:00",1125,1687
"2023-05-26 08:20:00",1128,1689
"2023-05-26 08:30:00",1127,1690
"2023-05-26 08:40:00",1123,1692
"2023-05-26 08:50:00",1124,1694
"2023-05-26 09:00:00",1117,1695
"2023-05-26 09:10:00",1114,1697
"2023-05-26 09:20:00",1114,1699
"2023-05-26 09:30:00",1126,1700
"2023-05-26 09:40:00",1125,1702
"2023-05-26 09:50:00",1131,1703
"2023-05-26 10:00:00",1132,1705
"2023-05-26 10:10:00",1151,1706
"2023-05-26 10:20:00",1178,1708
"2023-05-26 10:30:00",1173,1709
"2023-05-26 10:40:00",1172,1710
"2023-05-26 10:50:00",1177,1712
"2023-05-26 11:00:00",1184,1713
"2023-05-26 11:10:00",1194,1715
"2023-05-26 11:20:00",1212,1716
"2023-05-26 11:30:00",1239,1718
"2023-05-26 11:40:00",1245,1720
"2023-05-26 11:50:00",1265,1721
"2023-05-26 12:00:00",1282,1723
"2023-05-26 12:10:00",1309,1725
"2023-05-26 12:20:00",1320,1726
"2023-05-26 12:30:00",1342,1728
"2023-05-26 12:40:00",1369,1730
"2023-05-26 12:50:00",1393,1732
"2023-05-26 13:00:00",1415,1734
"2023-05-26 13:10:00",1430,1736
"2023-05-26 13:20:00",1461,1738
"2023-05-26 13:30:00",1465,1740
"2023-05-26 13:40:00",1490,1742
"2023-05-26 13:50:00",1508,1744
"2023-05-26 14:00:00",1510,1746
"2023-05-26 14:10:00",1521,1748
"2023-05-26 14:20:00",1567,1750
"2023-05-26 14:30:00",1585,1753
"2023-05-26 14:40:00",1641,1755
"2023-05-26 14:50:00",1651,1757
"2023-05-26 15:00:00",1646,1759
"2023-05-26 15:10:00",1660,1761
"2023-05-26 15:20:00",1699,1764
"2023-05-26 15:30:00",1702,1766
"2023-05-26 15:40:00",1721,1768
"2023-05-26 15:50:00",1739,1770
"2023-05-26 16:00:00",1736,1772
"2023-05-26 16:10:00",1755,1774
"2023-05-26 16:20:00",1778,1777
"2023-05-26 16:30:00",1788,1779
"2023-05-26 16:40:00",1807,1781
"2023-05-26 16:50:00",1827,1783
"2023-05-26 17:00:00",1825,1785
"2023-05-26 17:10:00",1844,1787
"2023-05-26 17:20:00",1847,1789
"2023-05-26 17:30:00",1867,1791
"2023-05-26 17:40:00",1898,1793
"2023-05-26 17:50:00",1914,1795
"2023-05-26 18:00:00",1923,1797
"2023-05-26 18:10:00",1930,1799
"2023-05-26 18:20:00",1940,1801
"2023-05-26 18:30:00",1980,1802
"2023-05-26 18:40:00",1993,1804
"2023-05-26 18:50:00",1999,1805
"2023-05-26 19:00:00",2048,1807
"2023-05-26 19:10:00",2042,1809
"2023-05-26 19:20:00",2044,1810
"2023-05-26 19:30:00",2048,1812
"2023-05-26 19:40:00",2088,1814
"2023-05-26 19:50:00",2104,1816
"2023-05-26 20:00:00",2116,1817
"2023-05-26 20:10:00",2120,1819
"2023-05-26 20:20:00",2130,1821
"2023-05-26 20:30:00",2127,1823
"2023-05-26 20:40:00",2113,1825
"2023-05-26 20:50:00",2108,1827
"2023-05-26 21:00:00",2106,1829
"2023-05-26 21:10:00",2097,1831
"2023-05-26 21:20:00",2094,1833
"2023-05-26 21:30:00",2063,1835
"2023-05-26 21:40:00",2059,1837
"2023-05-26 21:50:00",2054,1839
"2023-05-26 22:00:00",2060,1841
"2023-05-26 22:10:00",2034,1842
"2023-05-26 22:20:00",2018,1844
"2023-05-26 22:30:00",2009,1846
"2023-05-26 22:40:00",1981,1847
"2023-05-26 22:50:00",1991,1848
"2023-05-26 23:00:00",2022,1849
"2023-05-26 23:10:00",2045,1850
"2023-05-26 23:20:00",2047,1851
"2023-05-26 23:30:00",2036,1852
"2023-05-26 23:40:00",2052,1852
"2023-05-26 23:50:00",2058,1853
"2023-05-27 00:00:00",2041,1853
"2023-05-27 00:10:00",2024,1854
"2023-05-27 00:20:00",1993,1854
"2023-05-27 00:30:00",1999,1855
"2023-05-27 00:40:00",1993,1856
"2023-05-27 00:50:00",2006,1856
"2023-05-27 01:00:00",2031,1857
"2023-05-27 01:10:00",2041,1857
"2023-05-27 01:20:00",2026,1857
"2023-05-27 01:30:00",2011,1857
"2023-05-27 01:40:00",2008,1858
"2023-05-27 01:50:00",1997,1858
"2023-05-27 02:00:00",1997,1859
"2023-05-27 02:10:00",1985,1859
"2023-05-27 02:20:00",1982,1859
"2023-05-27 02:30:00",1985,1860
"2023-05-27 02:40:00",1971,1860
"2023-05-27 02:50:00",1941,1861
"2023-05-27 03:00:00",1941,1861
"2023-05-27 03:10:00",1917,1862
"2023-05-27 03:20:00",1888,1862
"2023-05-27 03:30:00",1882,1863
"2023-05-27 03:40:00",1878,1863
"2023-05-27 03:50:00",1857,1863
"2023-05-27 04:00:00",1821,1864
"2023-05-27 04:10:00",1792,1864
"2023-05-27 04:20:00",1754,1865
"2023-05-27 04:30:00",1729,1865
"2023-05-27 04:40:00",1698,1866
"2023-05-27 04:50:00",1686,1866
"2023-05-27 05:00:00",1666,1867
"2023-05-27 05:10:00",1635,1868
"2023-05-27 05:20:00",1617,1868
"2023-05-27 05:30:00",1623,1869
"2023-05-27 05:40:00",1594,1870
"2023-05-27 05:50:00",1574,1870
"2023-05-27 06:00:00",1548,1871
"2023-05-27 06:10:00",1528,1871
"2023-05-27 06:20:00",1496,1872
"2023-05-27 06:30:00",1477,1872
"2023-05-27 06:40:00",1450,1873
"2023-05-27 06:50:00",1434,1873
"2023-05-27 07:00:00",1421,1874
"2023-05-27 07:10:00",1416,1874
"2023-05-27 07:20:00",1422,1875
"2023-05-27 07:30:00",1410,1875
"2023-05-27 07:40:00",1416,1876
"2023-05-27 07:50:00",1405,1876
"2023-05-27 08:00:00",1387,1876
"2023-05-27 08:10:00",1379,1876
"2023-05-27 08:20:00",1392,1876
"2023-05-27 08:30:00",1385,1876
"2023-05-27 08:40:00",1389,1876
"2023-05-27 08:50:00",1384,1877
"2023-05-27 09:00:00",1393,1877
"2023-05-27 09:10:00",1373,1877
"2023-05-27 09:20:00",1361,1877
"2023-05-27 09:30:00",1367,1878
"2023-05-27 09:40:00",1373,1878
"2023-05-27 09:50:00",1379,1879
"2023-05-27 10:00:00",1391,1879
"2023-05-27 10:10:00",1386,1880
"2023-05-27 10:20:00",1388,1880
"2023-05-27 10:30:00",1387,1881
"2023-05-27 10:40:00",1414,1881
"2023-05-27 10:50:00",1425,1882
"2023-05-27 11:00:00",1443,1882
"2023-05-27 11:10:00",1469,1883
"2023-05-27 11:20:00",1479,1883
"2023-05-27 11:30:00",1482,1884
"2023-05-27 11:40:00",1509,1884
"2023-05-27 11:50:00",1530,1885
"2023-05-27 12:00:00",1574,1886
"2023-05-27 12:10:00",1597,1886
"2023-05-27 12:20:00",1624,1886
"2023-05-27 12:30:00",1654,1887
"2023-05-27 12:40:00",1691,1887
"2023-05-27 12:50:00",1715,1888
"2023-05-27 13:00:00",1724,1888
"2023-05-27 13:10:00",1749,1888
"2023-05-27 13:20:00",1771,1889
"2023-05-27 13:30:00",1786,1889
"2023-05-27 13:40:00",1809,1890
"2023-05-27 13:50:00",1834,1890
"2023-05-27 14:00:00",1865,1891
"2023-05-27 14:10:00",1896,1891
"2023-05-27 14:20:00",1928,1892
"2023-05-27 14:30:00",1943,1893
"2023-05-27 14:40:00",1954,1893
"2023-05-27 14:50:00",1986,1894
"2023-05-27 15:00:00",2018,1895
"2023-05-27 15:10:00",2050,1895
"2023-05-27 15:20:00",2064,1896
"2023-05-27 15:30:00",2059,1897
"2023-05-27 15:40:00",2097,1898
"2023-05-27 15:50:00",2098,1899
"2023-05-27 16:00:00",2093,1899
"2023-05-27 16:10:00",2107,1900
"2023-05-27 16:20:00",2114,1901
"2023-05-27 16:30:00",2152,1902
"2023-05-27 16:40:00",2170,1903
"2023-05-27 16:50:00",2185,1904
"2023-05-27 17:00:00",2205,1905
"2023-05-27 17:10:00",2191,1906
"2023-05-27 17:20:00",2206,1907
"2023-05-27 17:30:00",2197,1908
"2023-05-27 17:40:00",2198,1909
"2023-05-27 17:50:00",2227,1910
"2023-05-27 18:00:00",2230,1911
"2023-05-27 18:10:00",2262,1912
"2023-05-27 18:20:00",2256,1913
"2023-05-27 18:30:00",2261,1914
"2023-05-27 18:40:00",2254,1915
"2023-05-27 18:50:00",2282,1916
"2023-05-27 19:00:00",2301,1917
"2023-05-27 19:10:00",2322,1918
"2023-05-27 19:20:00",2330,1919
"2023-05-27 19:30:00",2371,1921
"2023-05-27 19:40:00",2405,1922
"2023-05-27 19:50:00",2418,1922
"2023-05-27 20:00:00",2426,1923
"2023-05-27 20:10:00",2448,1924
"2023-05-27 20:20:00",2441,1924
"2023-05-27 20:30:00",2440,1925
"2023-05-27 20:40:00",2429,1925
"2023-05-27 20:50:00",2429,1926
"2023-05-27 21:00:00",2441,1927
"2023-05-27 21:10:00",2414,1927
"2023-05-27 21:20:00",2415,1928
"2023-05-27 21:30:00",2392,1928
"2023-05-27 21:40:00",2378,1929
"2023-05-27 21:50:00",2340,1929
"2023-05-27 22:00:00",2319,1930
"2023-05-27 22:10:00",2285,1930
"2023-05-27 22:20:00",2251,1930
"2023-05-27 22:30:00",2206,1930
"2023-05-27 22:40:00",2197,1931
"2023-05-27 22:50:00",2188,1931
"2023-05-27 23:00:00",2175,1931
"2023-05-27 23:10:00",2163,1931
"2023-05-27 23:20:00",2154,1931
"2023-05-27 23:30:00",2095,1931
"2023-05-27 23:40:00",2114,1932
"2023-05-27 23:50:00",2118,1932
"2023-05-28 00:00:00",2111,1932
"2023-05-28 00:10:00",2094,1933
"2023-05-28 00:20:00",2099,1933
"2023-05-28 00:30:00",2092,1934
"2023-05-28 00:40:00",2080,1934
"2023-05-28 00:50:00",2086,1935
"2023-05-28 01:00:00",2076,1935
"2023-05-28 01:10:00",2076,1936
"2023-05-28 01:20:00",2059,1936
"2023-05-28 01:30:00",2082,1937
"2023-05-28 01:40:00",2077,1937
"2023-05-28 01:50:00",2070,1938
"2023-05-28 02:00:00",2062,1938
"2023-05-28 02:10:00",2052,1939
"2023-05-28 02:20:00",2028,1939
"2023-05-28 02:30:00",2046,1939
"2023-05-28 02:40:00",2034,1939
"2023-05-28 02:50:00",2011,1940
"2023-05-28 03:00:00",1996,1940
"2023-05-28 03:10:00",1971,1940
"2023-05-28 03:20:00",1940,1940
"2023-05-28 03:30:00",1935,1941
"2023-05-28 03:40:00",1927,1941
"2023-05-28 03:50:00",1913,1941
"2023-05-28 04:00:00",1883,1942
"2023-05-28 04:10:00",1828,1942
"2023-05-28 04:20:00",1826,1942
"2023-05-28 04:30:00",1798,1942
"2023-05-28 04:40:00",1765,1942
"2023-05-28 04:50:00",1748,1942
"2023-05-28 05:00:00",1732,1941
"2023-05-28 05:10:00",1707,1941
"2023-05-28 05:20:00",1686,1941
"2023-05-28 05:30:00",1675,1940
"2023-05-28 05:40:00",1648,1940
"2023-05-28 05:50:00",1621,1939
"2023-05-28 06:00:00",1600,1939
"2023-05-28 06:10:00",1569,1938
"2023-05-28 06:20:00",1548,1937
"2023-05-28 06:30:00",1541,1937
"2023-05-28 06:40:00",1515,1936
"2023-05-28 06:50:00",1491,1935
"2023-05-28 07:00:00",1486,1935
"2023-05-28 07:10:00",1461,1934
"2023-05-28 07:20:00",1446,1933
"2023-05-28 07:30:00",1420,1932
"2023-05-28 07:40:00",1411,1932
"2023-05-28 07:50:00",1403,1931
"2023-05-28 08:00:00",1393,1931
"2023-05-28 08:10:00",1362,1930
"2023-05-28 08:20:00",1358,1930
"2023-05-28 08:30:00",1364,1929
"2023-05-28 08:40:00",1381,1929
"2023-05-28 08:50:00",1392,1929
"2023-05-28 09:00:00",1389,1928
"2023-05-28 09:10:00",1390,1928
"2023-05-28 09:20:00",1407,1928
"2023-05-28 09:30:00",1420,1927
"2023-05-28 09:40:00",1414,1927
"2023-05-28 09:50:00",1421,1926
"2023-05-28 10:00:00",1436,1926
"2023-05-28 10:10:00",1439,1926
"2023-05-28 10:20:00",1445,1925
"2023-05-28 10:30:00",1452,1925
"2023-05-28 10:40:00",1484,1924
"2023-05-28 10:50:00",1499,1924
"2023-05-28 11:00:00",1495,1924
"2023-05-28 11:10:00",1515,1923
"2023-05-28 11:20:00",1530,1923
"2023-05-28 11:30:00",1518,1923
"2023-05-28 11:40:00",1563,1923
"2023-05-28 11:50:00",1589,1923
"2023-05-28 12:00:00",1619,1923
"2023-05-28 12:10:00",1623,1922
"2023-05-28 12:20:00",1642,1922
"2023-05-28 12:30:00",1674,1922
"2023-05-28 12:40:00",1695,1921
"2023-05-28 12:50:00",1691,1921
"2023-05-28 13:00:00",1727,1920
"2023-05-28 13:10:00",1775,1920
"2023-05-28 13:20:00",1802,1920
"2023-05-28 13:30:00",1810,1920
"2023-05-28 13:40:00",1830,1920
"2023-05-28 13:50:00",1873,1921
"2023-05-28 14:00:00",1914,1921
"2023-05-28 14:10:00",1948,1921
"2023-05-28 14:20:00",1957,1921
"2023-05-28 14:30:00",1980,1921
"2023-05-28 14:40:00",2017,1921
"2023-05-28 14:50:00",2059,1921
"2023-05-28 15:00:00",2086,1920
"2023-05-28 15:10:00",2101,1920
"2023-05-28 15:20:00",2115,1920
"2023-05-28 15:30:00",2141,1921
"2023-05-28 15:40:00",2174,1921
"2023-05-28 15:50:00",2177,1921
"2023-05-28 16:00:00",2176,1921
"2023-05-28 16:10:00",2200,1921
"2023-05-28 16:20:00",2234,1921
"2023-05-28 16:30:00",2242,1922
"2023-05-28 16:40:00",2255,1922
"2023-05-28 16:50:00",2260,1922
"2023-05-28 17:00:00",2272,1922
"2023-05-28 17:10:00",2281,1922
"2023-05-28 17:20:00",2320,1923
"2023-05-28 17:30:00",2328,1923
"2023-05-28 17:40:00",2323,1924
"2023-05-28 17:50:00",2341,1924
"2023-05-28 18:00:00",2357,1924
"2023-05-28 18:10:00",2372,1925
"2023-05-28 18:20:00",2371,1925
"2023-05-28 18:30:00",2376,1925
"2023-05-28 18:40:00",2387,1926
"2023-05-28 18:50:00",2418,1926
"2023-05-28 19:00:00",2465,1927
"2023-05-28 19:10:00",2477,1927
"2023-05-28 19:20:00",2478,1928
"2023-05-28 19:30:00",2473,1928
"2023-05-28 19:40:00",2463,1929
"2023-05-28 19:50:00",2470,1929
"2023-05-28 20:00:00",2478,1929
"2023-05-28 20:10:00",2470,1930
"2023-05-28 20:20:00",2456,1930
"2023-05-28 20:30:00",2471,1931
"2023-05-28 20:40:00",2467,1931
"2023-05-28 20:50:00",2468,1932
"2023-05-28 21:00:00",2455,1932
"2023-05-28 21:10:00",2463,1932
"2023-05-28 21:20:00",2438,1932
"2023-05-28 21:30:00",2415,1932
"2023-05-28 21:40:00",2381,1932
"2023-05-28 21:50:00",2366,1932
"2023-05-28 22:00:00",2323,1932
"2023-05-28 22:10:00",2274,1932
"2023-05-28 22:20:00",2224,1932
"2023-05-28 22:30:00",2188,1932
"2023-05-28 22:40:00",2194,1932
"2023-05-28 22:50:00",2178,1933
"2023-05-28 23:00:00",2186,1933
"2023-05-28 23:10:00",2165,1933
"2023-05-28 23:20:00",2142,1933
"2023-05-28 23:30:00",2146,1933
"2023-05-28 23:40:00",2165,1934
"2023-05-28 23:50:00",2172,1934
"2023-05-29 00:00:00",2152,1934
"2023-05-29 00:10:00",2165,1934
"2023-05-29 00:20:00",2157,1935
"2023-05-29 00:30:00",2168,1935
"2023-05-29 00:40:00",2168,1935
"2023-05-29 00:50:00",2155,1935
"2023-05-29 01:00:00",2159,1936
"2023-05-29 01:10:00",2175,1936
"2023-05-29 01:20:00",2166,1936
"2023-05-29 01:30:00",2166,1936
"2023-05-29 01:40:00",2144,1936
"2023-05-29 01:50:00",2131,1936
"2023-05-29 02:00:00",2106,1936
"2023-05-29 02:10:00",2090,1936
"2023-05-29 02:20:00",2090,1936
"2023-05-29 02:30:00",2074,1935
"2023-05-29 02:40:00",2069,1935
"2023-05-29 02:50:00",2056,1934
"2023-05-29 03:00:00",2020,1934
"2023-05-29 03:10:00",1996,1933
"2023-05-29 03:20:00",1994,1932
"2023-05-29 03:30:00",2002,1931
"2023-05-29 03:40:00",1960,1930
"2023-05-29 03:50:00",1937,1929
"2023-05-29 04:00:00",1884,1928
"2023-05-29 04:10:00",1842,1926
"2023-05-29 04:20:00",1808,1925
"2023-05-29 04:30:00",1772,1924
"2023-05-29 04:40:00",1744,1922
"2023-05-29 04:50:00",1694,1921
"2023-05-29 05:00:00",1676,1919
"2023-05-29 05:10:00",1633,1918
"2023-05-29 05:20:00",1583,1916
"2023-05-29 05:30:00",1551,1915
"2023-05-29 05:40:00",1518,1914
"2023-05-29 05:50:00",1499,1913
"2023-05-29 06:00:00",1451,1911
"2023-05-29 06:10:00",1434,1910
"2023-05-29 06:20:00",1415,1909
"2023-05-29 06:30:00",1384,1907
"2023-05-29 06:40:00",1368,1906
"2023-05-29 06:50:00",1360,1905
"2023-05-29 07:00:00",1341,1903
"2023-05-29 07:10:00",1309,1902
"2023-05-29 07:20:00",1293,1901
"2023-05-29 07:30:00",1296,1899
"2023-05-29 07:40:00",1318,1898
"2023-05-29 07:50:00",1316,1897
"2023-05-29 08:00:00",1319,1895
"2023-05-29 08:10:00",1312,1894
"2023-05-29 08:20:00",1306,1892
"2023-05-29 08:30:00",1306,1891
"2023-05-29 08:40:00",1309,1890
"2023-05-29 08:50:00",1309,1888
"2023-05-29 09:00:00",1309,1887
"2023-05-29 09:10:00",1311,1885
"2023-05-29 09:20:00",1311,1884
"2023-05-29 09:30:00",1326,1882
"2023-05-29 09:40:00",1326,1881
"2023-05-29 09:50:00",1335,1879
"2023-05-29 10:00:00",1352,1878
"2023-05-29 10:10:00",1359,1876
"2023-05-29 10:20:00",1356,1875
"2023-05-29 10:30:00",1351,1873
"2023-05-29 10:40:00",1389,1872
"2023-05-29 10:50:00",1414,1871
"2023-05-29 11:00:00",1447,1869
"2023-05-29 11:10:00",1452,1868
"2023-05-29 11:20:00",1481,1866
"2023-05-29 11:30:00",1502,1864
"2023-05-29 11:40:00",1528,1863
"2023-05-29 11:50:00",1539,1861
"2023-05-29 12:00:00",1538,1859
"2023-05-29 12:10:00",1552,1857
"2023-05-29 12:20:00",1562,1855
"2023-05-29 12:30:00",1578,1853
"2023-05-29 12:40:00",1621,1851
"2023-05-29 12:50:00",1645,1850
"2023-05-29 13:00:00",1696,1848
"2023-05-29 13:10:00",1738,1846
"2023-05-29 13:20:00",1791,1844
"2023-05-29 13:30:00",1840,1841
"2023-05-29 13:40:00",1872,1839
"2023-05-29 13:50:00",1873,1837
"2023-05-29 14:00:00",1884,1835
"2023-05-29 14:10:00",1920,1832
"2023-05-29 14:20:00",1969,1830
"2023-05-29 14:30:00",1976,1828
"2023-05-29 14:40:00",1974,1825
"2023-05-29 14:50:00",1993,1823
"2023-05-29 15:00:00",2048,1821
"2023-05-29 15:10:00",2097,1818
"2023-05-29 15:20:00",2109,1816
"2023-05-29 15:30:00",2138,1813
"2023-05-29 15:40:00",2176,1811
"2023-05-29 15:50:00",2182,1808
"2023-05-29 16:00:00",2199,1806
"2023-05-29 16:10:00",2196,1803
"2023-05-29 16:20:00",2207,1801
"2023-05-29 16:30:00",2238,1798
"2023-05-29 16:40:00",2279,1796
"2023-05-29 16:50:00",2274,1794
"2023-05-29 17:00:00",2288,1791
"2023-05-29 17:10:00",2309,1789
"2023-05-29 17:20:00",2352,1787
"2023-05-29 17:30:00",2378,1784
"2023-05-29 17:40:00",2372,1782
"2023-05-29 17:50:00",2366,1779
"2023-05-29 18:00:00",2381,1777
"2023-05-29 18:10:00",2371,1775
"2023-05-29 18:20:00",2388,1773
"2023-05-29 18:30:00",2424,1771
"2023-05-29 18:40:00",2442,1769
"2023-05-29 18:50:00",2476,1767
"2023-05-29 19:00:00",2495,1765
"2023-05-29 19:10:00",2506,1763
"2023-05-29 19:20:00",2498,1761
"2023-05-29 19:30:00",2532,1759
"2023-05-29 19:40:00",2539,1757
"2023-05-29 19:50:00",2542,1755
"2023-05-29 20:00:00",2563,1754
"2023-05-29 20:10:00",2532,1752
"2023-05-29 20:20:00",2518,1750
"2023-05-29 20:30:00",2531,1749
"2023-05-29 20:40:00",2536,1747
"2023-05-29 20:50:00",2518,1745
"2023-05-29 21:00:00",2507,1743
"2023-05-29 21:10:00",2454,1741
"2023-05-29 21:20:00",2417,1739
"2023-05-29 21:30:00",2387,1737
"2023-05-29 21:40:00",2370,1735
"2023-05-29 21:50:00",2346,1732
"2023-05-29 22:00:00",2329,1730
"2023-05-29 22:10:00",2287,1728
"2023-05-29 22:20:00",2260,1718
"2023-05-29 22:30:00",2249,1710
"2023-05-29 22:40:00",2228,1706
"2023-05-29 22:50:00",2205,1704
"2023-05-29 23:00:00",2195,1702
"2023-05-29 23:10:00",2216,1700
"2023-05-29 23:20:00",2196,1698
"2023-05-29 23:30:00",2205,1696
"2023-05-29 23:40:00",2180,1694
"2023-05-29 23:50:00",2171,1693
"2023-05-30 00:00:00",2179,1691
"2023-05-30 00:10:00",2207,1690
"2023-05-30 00:20:00",2211,1688
"2023-05-30 00:30:00",2178,1686
"2023-05-30 00:40:00",2175,1685
"2023-05-30 00:50:00",2180,1683
"2023-05-30 01:00:00",2158,1682
"2023-05-30 01:10:00",2131,1681
"2023-05-30 01:20:00",2115,1680
"2023-05-30 01:30:00",2113,1679
"2023-05-30 01:40:00",2111,1678
"2023-05-30 01:50:00",2105,1677
"2023-05-30 02:00:00",2081,1676
"2023-05-30 02:10:00",2056,1675
"2023-05-30 02:20:00",2007,1674
"2023-05-30 02:30:00",1961,1673
"2023-05-30 02:40:00",1932,1673
"2023-05-30 02:50:00",1895,1672
"2023-05-30 03:00:00",1853,1671
"2023-05-30 03:10:00",1828,1670
"2023-05-30 03:20:00",1811,1669
"2023-05-30 03:30:00",1755,1668
"2023-05-30 03:40:00",1695,1667
"2023-05-30 03:50:00",1654,1667
"2023-05-30 04:00:00",1618,1666
"2023-05-30 04:10:00",1562,1665
"2023-05-30 04:20:00",1516,1664
"2023-05-30 04:30:00",1484,1663
"2023-05-30 04:40:00",1464,1662
"2023-05-30 04:50:00",1430,1662
"2023-05-30 05:00:00",1407,1661
"2023-05-30 05:10:00",1380,1660
"2023-05-30 05:20:00",1370,1660
"2023-05-30 05:30:00",1332,1659
"2023-05-30 05:40:00",1308,1658
"2023-05-30 05:50:00",1292,1657
"2023-05-30 06:00:00",1268,1657
"2023-05-30 06:10:00",1238,1656
"2023-05-30 06:20:00",1181,1655
"2023-05-30 06:30:00",1175,1655
"2023-05-30 06:40:00",1143,1654
"2023-05-30 06:50:00",1119,1654
"2023-05-30 07:00:00",1117,1653
"2023-05-30 07:10:00",1090,1653
"2023-05-30 07:20:00",1090,1652
"2023-05-30 07:30:00",1065,1652
"2023-05-30 07:40:00",1055,1651
"2023-05-30 07:50:00",1039,1650
"2023-05-30 08:00:00",1025,1650
"2023-05-30 08:10:00",1028,1649
"2023-05-30 08:20:00",1029,1649
"2023-05-30 08:30:00",1035,1648
"2023-05-30 08:40:00",1041,1648
"2023-05-30 08:50:00",1034,1647
"2023-05-30 09:00:00",1022,1647
"2023-05-30 09:10:00",1023,1646
"2023-05-30 09:20:00",1041,1646
"2023-05-30 09:30:00",1059,1645
"2023-05-30 09:40:00",1073,1645
"2023-05-30 09:50:00",1074,1644
"2023-05-30 10:00:00",1070,1644
"2023-05-30 10:10:00",1078,1643
"2023-05-30 10:20:00",1079,1642
"2023-05-30 10:30:00",1108,1641
"2023-05-30 10:40:00",1115,1641
"2023-05-30 10:50:00",1117,1640
"2023-05-30 11:00:00",1121,1639
"2023-05-30 11:10:00",1134,1638
"2023-05-30 11:20:00",1143,1637
"2023-05-30 11:30:00",1145,1636
"2023-05-30 11:40:00",1172,1635
"2023-05-30 11:50:00",1167,1634
"2023-05-30 12:00:00",1162,1633
"2023-05-30 12:10:00",1167,1632
"2023-05-30 12:20:00",1195,1631
"2023-05-30 12:30:00",1213,1630
"2023-05-30 12:40:00",1238,1629
"2023-05-30 12:50:00",1248,1628
"2023-05-30 13:00:00",1276,1627
"2023-05-30 13:10:00",1276,1625
"2023-05-30 13:20:00",1316,1624
"2023-05-30 13:30:00",1332,1623
"2023-05-30 13:40:00",1363,1622
"2023-05-30 13:50:00",1396,1620
"2023-05-30 14:00:00",1400,1619
"2023-05-30 14:10:00",1408,1617
"2023-05-30 14:20:00",1436,1616
"2023-05-30 14:30:00",1466,1614
"2023-05-30 14:40:00",1494,1613
"2023-05-30 14:50:00",1517,1611
"2023-05-30 15:00:00",1539,1609
"2023-05-30 15:10:00",1556,1608
"2023-05-30 15:20:00",1560,1606
"2023-05-30 15:30:00",1562,1604
"2023-05-30 15:40:00",1587,1602
"2023-05-30 15:50:00",1606,1600
"2023-05-30 16:00:00",1640,1599
"2023-05-30 16:10:00",1666,1597
"2023-05-30 16:20:00",1688,1595
"2023-05-30 16:30:00",1714,1594
"2023-05-30 16:40:00",1714,1592
"2023-05-30 16:50:00",1738,1590
"2023-05-30 17:00:00",1743,1588
"2023-05-30 17:10:00",1767,1586
"2023-05-30 17:20:00",1782,1584
"2023-05-30 17:30:00",1802,1582
"2023-05-30 17:40:00",1826,1581
"2023-05-30 17:50:00",1830,1579
"2023-05-30 18:00:00",1873,1577
"2023-05-30 18:10:00",1889,1576
"2023-05-30 18:20:00",1914,1574
"2023-05-30 18:30:00",1940,1573
"2023-05-30 18:40:00",1970,1571
"2023-05-30 18:50:00",1984,1569
"2023-05-30 19:00:00",2025,1568
"2023-05-30 19:10:00",2041,1566
"2023-05-30 19:20:00",2045,1564
"2023-05-30 19:30:00",2053,1563
"2023-05-30 19:40:00",2084,1561
"2023-05-30 19:50:00",2103,1559
"2023-05-30 20:00:00",2088,1558
"2023-05-30 20:10:00",2095,1556
"2023-05-30 20:20:00",2111,1554
"2023-05-30 20:30:00",2094,1553
"2023-05-30 20:40:00",2079,1551
"2023-05-30 20:50:00",2064,1549
"2023-05-30 21:00:00",2034,1547
"2023-05-30 21:10:00",1971,1545
"2023-05-30 21:20:00",1905,1543
"2023-05-30 21:30:00",1894,1541
"2023-05-30 21:40:00",1841,1539
"2023-05-30 21:50:00",1841,1537
"2023-05-30 22:00:00",1791,1535
"2023-05-30 22:10:00",,1529
"2023-05-30 22:20:00",417,1530
"2023-05-30 22:30:00",1347,1533
"2023-05-30 22:40:00",1679,1532
"2023-05-30 22:50:00",1687,1531
"2023-05-30 23:00:00",1705,1530
"2023-05-30 23:10:00",1734,1528
"2023-05-30 23:20:00",1741,1527
"2023-05-30 23:30:00",1750,1525
"2023-05-30 23:40:00",1759,1524
"2023-05-30 23:50:00",1758,1522
"2023-05-31 00:00:00",1755,1521
"2023-05-31 00:10:00",1775,1519
"2023-05-31 00:20:00",1793,1518
"2023-05-31 00:30:00",1804,1517
"2023-05-31 00:40:00",1819,1515
"2023-05-31 00:50:00",1853,1514
"2023-05-31 01:00:00",1875,1513
"2023-05-31 01:10:00",1859,1512
"2023-05-31 01:20:00",1856,1511
"2023-05-31 01:30:00",1876,1510
"2023-05-31 01:40:00",1890,1509
"2023-05-31 01:50:00",1892,1508
"2023-05-31 02:00:00",1872,1508
"2023-05-31 02:10:00",1842,1507
"2023-05-31 02:20:00",1814,1506
"2023-05-31 02:30:00",1799,1505
"2023-05-31 02:40:00",1795,1505
"2023-05-31 02:50:00",1751,1504
"2023-05-31 03:00:00",1753,1504
"2023-05-31 03:10:00",1716,1503
"2023-05-31 03:20:00",1669,1502
"2023-05-31 03:30:00",1642,1502
"2023-05-31 03:40:00",1624,1502
"2023-05-31 03:50:00",1568,1501
"2023-05-31 04:00:00",1522,1501
"2023-05-31 04:10:00",1470,1501
"2023-05-31 04:20:00",1467,1500
"2023-05-31 04:30:00",1443,1500
"2023-05-31 04:40:00",1417,1500
"2023-05-31 04:50:00",1384,1499
"2023-05-31 05:00:00",1342,1499
"2023-05-31 05:10:00",1303,1498
"2023-05-31 05:20:00",1282,1497
"2023-05-31 05:30:00",1248,1497
"2023-05-31 05:40:00",1226,1496
"2023-05-31 05:50:00",1222,1496
"2023-05-31 06:00:00",1191,1495
"2023-05-31 06:10:00",1178,1495
"2023-05-31 06:20:00",1152,1494
"2023-05-31 06:30:00",1140,1494
"2023-05-31 06:40:00",1109,1493
"2023-05-31 06:50:00",1096,1493
"2023-05-31 07:00:00",1071,1493
"2023-05-31 07:10:00",1041,1492
"2023-05-31 07:20:00",1041,1492
"2023-05-31 07:30:00",1046,1492
"2023-05-31 07:40:00",1054,1492
"2023-05-31 07:50:00",1055,1491
"2023-05-31 08:00:00",1044,1491
"2023-05-31 08:10:00",1040,1491
"2023-05-31 08:20:00",1051,1491
"2023-05-31 08:30:00",1044,1491
"2023-05-31 08:40:00",1049,1491
"2023-05-31 08:50:00",1044,1490
"2023-05-31 09:00:00",1038,1490
"2023-05-31 09:10:00",1039,1490
"2023-05-31 09:20:00",1047,1490
"2023-05-31 09:30:00",1050,1490
"2023-05-31 09:40:00",1052,1490
"2023-05-31 09:50:00",1041,1489
"2023-05-31 10:00:00",1030,1489
"2023-05-31 10:10:00",1035,1489
"2023-05-31 10:20:00",1054,1489
"2023-05-31 10:30:00",1066,1489
"2023-05-31 10:40:00",1075,1489
"2023-05-31 10:50:00",1080,1489
"2023-05-31 11:00:00",1075,1488
"2023-05-31 11:10:00",1065,1488
"2023-05-31 11:20:00",1092,1488
"2023-05-31 11:30:00",1086,1488
"2023-05-31 11:40:00",1097,1488
"2023-05-31 11:50:00",1110,1488
"2023-05-31 12:00:00",1122,1488
"2023-05-31 12:10:00",1145,1488
"2023-05-31 12:20:00",1171,1488
"2023-05-31 12:30:00",1175,1488
"2023-05-31 12:40:00",1213,1488
"2023-05-31 12:50:00",1230,1488
"2023-05-31 13:00:00",1244,1488
"2023-05-31 13:10:00",1264,1488
"2023-05-31 13:20:00",1292,1488
"2023-05-31 13:30:00",1310,1488
"2023-05-31 13:40:00",1313,1487
"2023-05-31 13:50:00",1332,1487
"2023-05-31 14:00:00",1358,1487
"2023-05-31 14:10:00",1366,1487
"2023-05-31 14:20:00",1381,1487
"2023-05-31 14:30:00",1377,1486
"2023-05-31 14:40:00",1401,1486
"2023-05-31 14:50:00",1421,1486
"2023-05-31 15:00:00",1432,1485
"2023-05-31 15:10:00",1463,1485
"2023-05-31 15:20:00",1463,1485
"2023-05-31 15:30:00",1483,1485
"2023-05-31 15:40:00",1513,1485
"2023-05-31 15:50:00",1544,1484
"2023-05-31 16:00:00",1559,1484
"2023-05-31 16:10:00",1578,1484
"2023-05-31 16:20:00",1611,1483
"2023-05-31 16:30:00",1597,1483
"2023-05-31 16:40:00",1616,1482
"2023-05-31 16:50:00",1636,1482
"2023-05-31 17:00:00",1647,1482
"2023-05-31 17:10:00",1672,1482
"2023-05-31 17:20:00",1701,1481
"2023-05-31 17:30:00",1734,1481
"2023-05-31 17:40:00",1754,1481
"2023-05-31 17:50:00",1772,1480
"2023-05-31 18:00:00",1788,1480
"2023-05-31 18:10:00",1806,1479
"2023-05-31 18:20:00",1825,1479
"2023-05-31 18:30:00",1839,1478
"2023-05-31 18:40:00",1864,1478
"2023-05-31 18:50:00",1913,1477
"2023-05-31 19:00:00",1913,1477
"2023-05-31 19:10:00",1934,1476
"2023-05-31 19:20:00",1962,1475
"2023-05-31 19:30:00",1974,1475
"2023-05-31 19:40:00",1965,1474
"2023-05-31 19:50:00",1970,1473
"2023-05-31 20:00:00",1980,1472
"2023-05-31 20:10:00",1968,1471
"2023-05-31 20:20:00",1948,1470
"2023-05-31 20:30:00",1928,1469
"2023-05-31 20:40:00",1905,1469
"2023-05-31 20:50:00",1899,1468
"2023-05-31 21:00:00",1871,1467
"2023-05-31 21:10:00",1842,1466
"2023-05-31 21:20:00",1788,1466
"2023-05-31 21:30:00",1769,1465
"2023-05-31 21:40:00",1739,1465
"2023-05-31 21:50:00",1745,1465
"2023-05-31 22:00:00",1737,1464
"2023-05-31 22:10:00",1704,1470
"2023-05-31 22:20:00",1692,1474
"2023-05-31 22:30:00",1692,1475
"2023-05-31 22:40:00",1687,1475
"2023-05-31 22:50:00",1672,1475
"2023-05-31 23:00:00",1672,1475
"2023-05-31 23:10:00",1681,1474
"2023-05-31 23:20:00",1689,1474
"2023-05-31 23:30:00",1696,1473
"2023-05-31 23:40:00",1700,1473
"2023-05-31 23:50:00",1707,1473
"2023-06-01 00:00:00",1716,1472
"2023-06-01 00:10:00",1715,1472
"2023-06-01 00:20:00",1750,1472
"2023-06-01 00:30:00",1757,1471
"2023-06-01 00:40:00",1758,1471
"2023-06-01 00:50:00",1772,1470
"2023-06-01 01:00:00",1771,1470
"2023-06-01 01:10:00",1804,1469
"2023-06-01 01:20:00",1817,1469
"2023-06-01 01:30:00",1825,1468
"2023-06-01 01:40:00",1829,1468
"2023-06-01 01:50:00",1811,1467
"2023-06-01 02:00:00",1790,1467
"2023-06-01 02:10:00",1784,1466
"2023-06-01 02:20:00",1761,1466
"2023-06-01 02:30:00",1753,1466
"2023-06-01 02:40:00",1739,1465
"2023-06-01 02:50:00",1727,1465
"2023-06-01 03:00:00",1709,1465
"2023-06-01 03:10:00",1685,1465
"2023-06-01 03:20:00",1652,1464
"2023-06-01 03:30:00",1601,1464
"2023-06-01 03:40:00",1574,1464
"2023-06-01 03:50:00",1528,1463
"2023-06-01 04:00:00",1502,1463
"2023-06-01 04:10:00",1468,1463
"2023-06-01 04:20:00",1419,1463
"2023-06-01 04:30:00",1367,1462
"2023-06-01 04:40:00",1316,1462
"2023-06-01 04:50:00",1281,1461
"2023-06-01 05:00:00",1251,1461
"2023-06-01 05:10:00",1217,1459
"2023-06-01 05:20:00",1193,1459
"2023-06-01 05:30:00",1155,1458
"2023-06-01 05:40:00",1135,1458
"2023-06-01 05:50:00",1117,1457
"2023-06-01 06:00:00",1096,1457
"2023-06-01 06:10:00",1069,1456
"2023-06-01 06:20:00",1063,1456
"2023-06-01 06:30:00",1063,1455
"2023-06-01 06:40:00",1046,1455
"2023-06-01 06:50:00",1041,1455
"2023-06-01 07:00:00",1040,1455
"2023-06-01 07:10:00",1007,1454
"2023-06-01 07:20:00",988,1454
"2023-06-01 07:30:00",985,1454
"2023-06-01 07:40:00",981,1454
"2023-06-01 07:50:00",976,1454
"2023-06-01 08:00:00",971,1453
"2023-06-01 08:10:00",985,1453
"2023-06-01 08:20:00",993,1453
"2023-06-01 08:30:00",993,1453
"2023-06-01 08:40:00",1008,1453
"2023-06-01 08:50:00",1002,1453
"2023-06-01 09:00:00",1007,1453
"2023-06-01 09:10:00",991,1452
"2023-06-01 09:20:00",1000,1452
"2023-06-01 09:30:00",993,1452
"2023-06-01 09:40:00",1011,1452
"2023-06-01 09:50:00",1011,1452
"2023-06-01 10:00:00",1020,1452
"2023-06-01 10:10:00",1039,1452
"2023-06-01 10:20:00",1042,1452
"2023-06-01 10:30:00",1039,1452
"2023-06-01 10:40:00",1070,1452
"2023-06-01 10:50:00",1071,1452
"2023-06-01 11:00:00",1085,1451
"2023-06-01 11:10:00",1093,1451
"2023-06-01 11:20:00",1110,1451
"2023-06-01 11:30:00",1133,1451
"2023-06-01 11:40:00",1145,1451
"2023-06-01 11:50:00",1152,1451
"2023-06-01 12:00:00",1164,1451
"2023-06-01 12:10:00",1176,1451
"2023-06-01 12:20:00",1175,1451
"2023-06-01 12:30:00",1179,1451
"2023-06-01 12:40:00",1204,1451
"2023-06-01 12:50:00",1216,1451
"2023-06-01 13:00:00",1236,1451
"2023-06-01 13:10:00",1264,1451
"2023-06-01 13:20:00",1281,1451
"2023-06-01 13:30:00",1278,1451
"2023-06-01 13:40:00",1295,1451
"2023-06-01 13:50:00",1319,1451
"2023-06-01 14:00:00",1329,1451
"2023-06-01 14:10:00",1340,1451
"2023-06-01 14:20:00",1354,1452
"2023-06-01 14:30:00",1379,1452
"2023-06-01 14:40:00",1412,1452
"2023-06-01 14:50:00",1442,1452
"2023-06-01 15:00:00",1451,1452
"2023-06-01 15:10:00",1455,1452
"2023-06-01 15:20:00",1482,1452
"2023-06-01 15:30:00",1496,1453
"2023-06-01 15:40:00",1523,1453
"2023-06-01 15:50:00",1541,1453
"2023-06-01 16:00:00",1540,1453
"2023-06-01 16:10:00",1540,1453
"2023-06-01 16:20:00",1555,1453
"2023-06-01 16:30:00",1579,1453
"2023-06-01 16:40:00",1615,1453
"2023-06-01 16:50:00",1644,1453
"2023-06-01 17:00:00",1651,1453
"2023-06-01 17:10:00",1674,1453
"2023-06-01 17:20:00",1679,1454
"2023-06-01 17:30:00",1679,1454
"2023-06-01 17:40:00",1726,1454
"2023-06-01 17:50:00",1734,1454
"2023-06-01 18:00:00",1748,1454
"2023-06-01 18:10:00",1746,1454
"2023-06-01 18:20:00",1780,1454
"2023-06-01 18:30:00",1775,1454
"2023-06-01 18:40:00",1792,1454
"2023-06-01 18:50:00",1797,1453
"2023-06-01 19:00:00",1800,1453
"2023-06-01 19:10:00",1819,1453
"2023-06-01 19:20:00",1843,1452
"2023-06-01 19:30:00",1874,1452
"2023-06-01 19:40:00",1859,1452
"2023-06-01 19:50:00",1844,1451
"2023-06-01 20:00:00",1847,1451
"2023-06-01 20:10:00",1859,1451
"2023-06-01 20:20:00",1839,1451
"2023-06-01 20:30:00",1869,1451
"2023-06-01 20:40:00",1864,1451
"2023-06-01 20:50:00",1829,1451
"2023-06-01 21:00:00",1797,1451
"2023-06-01 21:10:00",1796,1452
"2023-06-01 21:20:00",1782,1452
"2023-06-01 21:30:00",1756,1453
"2023-06-01 21:40:00",1736,1453
"2023-06-01 21:50:00",1727,1454
"2023-06-01 22:00:00",1681,1454
"2023-06-01 22:10:00",1652,1454
"2023-06-01 22:20:00",1629,1454
"2023-06-01 22:30:00",1625,1455
"2023-06-01 22:40:00",1632,1455
"2023-06-01 22:50:00",1628,1455
"2023-06-01 23:00:00",1606,1456
"2023-06-01 23:10:00",1613,1456
"2023-06-01 23:20:00",1626,1456
"2023-06-01 23:30:00",1633,1456
"2023-06-01 23:40:00",1642,1456
"2023-06-01 23:50:00",1660,1457
"2023-06-02 00:00:00",1642,1457
"2023-06-02 00:10:00",1655,1457
"2023-06-02 00:20:00",1677,1457
"2023-06-02 00:30:00",1678,1457
"2023-06-02 00:40:00",1676,1457
"2023-06-02 00:50:00",1708,1457
"2023-06-02 01:00:00",1707,1457
"2023-06-02 01:10:00",1731,1457
"2023-06-02 01:20:00",1730,1457
"2023-06-02 01:30:00",1714,1456
"2023-06-02 01:40:00",1717,1456
"2023-06-02 01:50:00",1728,1456
"2023-06-02 02:00:00",1747,1456
"2023-06-02 02:10:00",1730,1457
"2023-06-02 02:20:00",1734,1457
"2023-06-02 02:30:00",1717,1457
"2023-06-02 02:40:00",1697,1457
"2023-06-02 02:50:00",1662,1457
"2023-06-02 03:00:00",1631,1458
"2023-06-02 03:10:00",1621,1458
"2023-06-02 03:20:00",1585,1458
"2023-06-02 03:30:00",1544,1459
"2023-06-02 03:40:00",1520,1459
"2023-06-02 03:50:00",1470,1459
"2023-06-02 04:00:00",1448,1460
"2023-06-02 04:10:00",1421,1460
"2023-06-02 04:20:00",1374,1461
"2023-06-02 04:30:00",1351,1461
"2023-06-02 04:40:00",1277,1462
"2023-06-02 04:50:00",1231,1462
"2023-06-02 05:00:00",932,1462
"2023-06-02 05:10:00",1125,1463
"2023-06-02 05:20:00",1125,1464
"2023-06-02 05:30:00",1106,1464
"2023-06-02 05:40:00",1049,1465
"2023-06-02 05:50:00",1063,1465
"2023-06-02 06:00:00",1034,1466
"2023-06-02 06:10:00",1030,1467
"2023-06-02 06:20:00",1024,1467
"2023-06-02 06:30:00",1018,1468
"2023-06-02 06:40:00",1028,1469
"2023-06-02 06:50:00",1028,1469
"2023-06-02 07:00:00",1008,1470
"2023-06-02 07:10:00",1002,1470
"2023-06-02 07:20:00",994,1471
"2023-06-02 07:30:00",983,1472
"2023-06-02 07:40:00",991,1473
"2023-06-02 07:50:00",995,1473
"2023-06-02 08:00:00",992,1474
"2023-06-02 08:10:00",1010,1475
"2023-06-02 08:20:00",1000,1475
"2023-06-02 08:30:00",991,1476
"2023-06-02 08:40:00",990,1477
"2023-06-02 08:50:00",983,1477
"2023-06-02 09:00:00",985,1478
"2023-06-02 09:10:00",981,1478
"2023-06-02 09:20:00",989,1479
"2023-06-02 09:30:00",1007,1479
"2023-06-02 09:40:00",1007,1480
"2023-06-02 09:50:00",1010,1481
"2023-06-02 10:00:00",1025,1481
"2023-06-02 10:10:00",1038,1482
"2023-06-02 10:20:00",1035,1482
"2023-06-02 10:30:00",1038,1483
"2023-06-02 10:40:00",1050,1483
"2023-06-02 10:50:00",1043,1484
"2023-06-02 11:00:00",1038,1484
"2023-06-02 11:10:00",1042,1485
"2023-06-02 11:20:00",1063,1485
"2023-06-02 11:30:00",1066,1486
"2023-06-02 11:40:00",1082,1486
"2023-06-02 11:50:00",1091,1487
"2023-06-02 12:00:00",1102,1488
"2023-06-02 12:10:00",1124,1488
"2023-06-02 12:20:00",1161,1489
"2023-06-02 12:30:00",1190,1490
"2023-06-02 12:40:00",1212,1491
"2023-06-02 12:50:00",1233,1492
"2023-06-02 13:00:00",1258,1493
"2023-06-02 13:10:00",1263,1494
"2023-06-02 13:20:00",1277,1495
"2023-06-02 13:30:00",1324,1497
"2023-06-02 13:40:00",1338,1498
"2023-06-02 13:50:00",1354,1499
"2023-06-02 14:00:00",1371,1500
"2023-06-02 14:10:00",1399,1501
"2023-06-02 14:20:00",1406,1502
"2023-06-02 14:30:00",1408,1503
"2023-06-02 14:40:00",1424,1504
"2023-06-02 14:50:00",1444,1505
"2023-06-02 15:00:00",1471,1506
"2023-06-02 15:10:00",1474,1507
"2023-06-02 15:20:00",1528,1508
"2023-06-02 15:30:00",1528,1509
"2023-06-02 15:40:00",1529,1510
"2023-06-02 15:50:00",1546,1511
"2023-06-02 16:00:00",1564,1513
"2023-06-02 16:10:00",1586,1514
"2023-06-02 16:20:00",1622,1515
"2023-06-02 16:30:00",1650,1516
"2023-06-02 16:40:00",1654,1518
"2023-06-02 16:50:00",1677,1519
"2023-06-02 17:00:00",1705,1520
"2023-06-02 17:10:00",1717,1521
"2023-06-02 17:20:00",1729,1522
"2023-06-02 17:30:00",1735,1523
"2023-06-02 17:40:00",1758,1523
"2023-06-02 17:50:00",1800,1524
"2023-06-02 18:00:00",1828,1525
"2023-06-02 18:10:00",1835,1526
"2023-06-02 18:20:00",1831,1527
"2023-06-02 18:30:00",1840,1528
"2023-06-02 18:40:00",1848,1529
"2023-06-02 18:50:00",1776,1529
"2023-06-02 19:00:00",1850,1531
"2023-06-02 19:10:00",1842,1531
"2023-06-02 19:20:00",1870,1532
"2023-06-02 19:30:00",1894,1533
"2023-06-02 19:40:00",1897,1534
"2023-06-02 19:50:00",1928,1535
"2023-06-02 20:00:00",1936,1537
"2023-06-02 20:10:00",1949,1538
"2023-06-02 20:20:00",1963,1539
"2023-06-02 20:30:00",1976,1540
"2023-06-02 20:40:00",1985,1541
"2023-06-02 20:50:00",1949,1542
"2023-06-02 21:00:00",1964,1544
"2023-06-02 21:10:00",1958,1545
"2023-06-02 21:20:00",1961,1546
"2023-06-02 21:30:00",1925,1547
"2023-06-02 21:40:00",1901,1549
"2023-06-02 21:50:00",1868,1550
"2023-06-02 22:00:00",1848,1551
"2023-06-02 22:10:00",1843,1553
"2023-06-02 22:20:00",1805,1554
"2023-06-02 22:30:00",1790,1556
"2023-06-02 22:40:00",1796,1557
"2023-06-02 22:50:00",1792,1558
"2023-06-02 23:00:00",1772,1560
"2023-06-02 23:10:00",1789,1561
"2023-06-02 23:20:00",1780,1562
"2023-06-02 23:30:00",1766,1563
"2023-06-02 23:40:00",1786,1564
"2023-06-02 23:50:00",1787,1565
"2023-06-03 00:00:00",1776,1566
"2023-06-03 00:10:00",1777,1567
"2023-06-03 00:20:00",1770,1568
"2023-06-03 00:30:00",1763,1569
"2023-06-03 00:40:00",1773,1569
"2023-06-03 00:50:00",1782,1570
"2023-06-03 01:00:00",1803,1571
"2023-06-03 01:10:00",1818,1571
"2023-06-03 01:20:00",1818,1572
"2023-06-03 01:30:00",1808,1572
"2023-06-03 01:40:00",1831,1573
"2023-06-03 01:50:00",1840,1574
"2023-06-03 02:00:00",1846,1574
"2023-06-03 02:10:00",1846,1575
"2023-06-03 02:20:00",1853,1575
"2023-06-03 02:30:00",1865,1576
"2023-06-03 02:40:00",1855,1577
"2023-06-03 02:50:00",1836,1577
"2023-06-03 03:00:00",1826,1578
"2023-06-03 03:10:00",1819,1579
"2023-06-03 03:20:00",1803,1580
"2023-06-03 03:30:00",1801,1581
"2023-06-03 03:40:00",1745,1581
"2023-06-03 03:50:00",1710,1582
"2023-06-03 04:00:00",1688,1583
"2023-06-03 04:10:00",1640,1584
"2023-06-03 04:20:00",1606,1586
"2023-06-03 04:30:00",1545,1586
"2023-06-03 04:40:00",1536,1588
"2023-06-03 04:50:00",1516,1589
"2023-06-03 05:00:00",1489,1592
"2023-06-03 05:10:00",1468,1594
"2023-06-03 05:20:00",1428,1595
"2023-06-03 05:30:00",1406,1597
"2023-06-03 05:40:00",1372,1599
"2023-06-03 05:50:00",1359,1600
"2023-06-03 06:00:00",1353,1602
"2023-06-03 06:10:00",1333,1603
"2023-06-03 06:20:00",1308,1605
"2023-06-03 06:30:00",1287,1606
"2023-06-03 06:40:00",1283,1607
"2023-06-03 06:50:00",1266,1608
"2023-06-03 07:00:00",1278,1610
"2023-06-03 07:10:00",1262,1611
"2023-06-03 07:20:00",1244,1612
"2023-06-03 07:30:00",1238,1613
"2023-06-03 07:40:00",1231,1615
"2023-06-03 07:50:00",1239,1616
"2023-06-03 08:00:00",1238,1617
"2023-06-03 08:10:00",1237,1619
"2023-06-03 08:20:00",1247,1620
"2023-06-03 08:30:00",1227,1621
"2023-06-03 08:40:00",1217,1622
"2023-06-03 08:50:00",1215,1623
"2023-06-03 09:00:00",1226,1625
"2023-06-03 09:10:00",1249,1626
"2023-06-03 09:20:00",1240,1628
"2023-06-03 09:30:00",1240,1629
"2023-06-03 09:40:00",1250,1630
"2023-06-03 09:50:00",1228,1631
"2023-06-03 10:00:00",1211,1633
"2023-06-03 10:10:00",1227,1634
"2023-06-03 10:20:00",1249,1635
"2023-06-03 10:30:00",1258,1636
"2023-06-03 10:40:00",1291,1638
"2023-06-03 10:50:00",1295,1639
"2023-06-03 11:00:00",1312,1641
"2023-06-03 11:10:00",1333,1642
"2023-06-03 11:20:00",1379,1644
"2023-06-03 11:30:00",1407,1646
"2023-06-03 11:40:00",1432,1648
"2023-06-03 11:50:00",1480,1650
"2023-06-03 12:00:00",1502,1652
"2023-06-03 12:10:00",1524,1654
"2023-06-03 12:20:00",1555,1656
"2023-06-03 12:30:00",1578,1657
"2023-06-03 12:40:00",1595,1659
"2023-06-03 12:50:00",1598,1661
"2023-06-03 13:00:00",1625,1663
"2023-06-03 13:10:00",1655,1665
"2023-06-03 13:20:00",1673,1667
"2023-06-03 13:30:00",1672,1668
"2023-06-03 13:40:00",1675,1670
"2023-06-03 13:50:00",1711,1672
"2023-06-03 14:00:00",1741,1674
"2023-06-03 14:10:00",1774,1676
"2023-06-03 14:20:00",1800,1678
"2023-06-03 14:30:00",1807,1680
"2023-06-03 14:40:00",1810,1682
"2023-06-03 14:50:00",1822,1684
"2023-06-03 15:00:00",1861,1686
"2023-06-03 15:10:00",1896,1688
"2023-06-03 15:20:00",1912,1690
"2023-06-03 15:30:00",1948,1692
"2023-06-03 15:40:00",1964,1695
"2023-06-03 15:50:00",1985,1697
"2023-06-03 16:00:00",1989,1699
"2023-06-03 16:10:00",2016,1702
"2023-06-03 16:20:00",2036,1704
"2023-06-03 16:30:00",2042,1706
"2023-06-03 16:40:00",2043,1708
"2023-06-03 16:50:00",2047,1710
"2023-06-03 17:00:00",2045,1712
"2023-06-03 17:10:00",2029,1714
"2023-06-03 17:20:00",2026,1715
"2023-06-03 17:30:00",2030,1717
"2023-06-03 17:40:00",2040,1719
"2023-06-03 17:50:00",2066,1720
"2023-06-03 18:00:00",2083,1722
"2023-06-03 18:10:00",2097,1723
"2023-06-03 18:20:00",2149,1725
"2023-06-03 18:30:00",2147,1727
"2023-06-03 18:40:00",2166,1728
"2023-06-03 18:50:00",2190,1731
"2023-06-03 19:00:00",2200,1732
"2023-06-03 19:10:00",2210,1734
"2023-06-03 19:20:00",2224,1736
"2023-06-03 19:30:00",2241,1738
"2023-06-03 19:40:00",2246,1740
"2023-06-03 19:50:00",2264,1742
"2023-06-03 20:00:00",2252,1744
"2023-06-03 20:10:00",2252,1745
"2023-06-03 20:20:00",2247,1747
"2023-06-03 20:30:00",2254,1749
"2023-06-03 20:40:00",2263,1750
"2023-06-03 20:50:00",2271,1752
"2023-06-03 21:00:00",2266,1753
"2023-06-03 21:10:00",2230,1755
"2023-06-03 21:20:00",2214,1756
"2023-06-03 21:30:00",2180,1757
"2023-06-03 21:40:00",2186,1759
"2023-06-03 21:50:00",2184,1760
"2023-06-03 22:00:00",2166,1762
"2023-06-03 22:10:00",2163,1763
"2023-06-03 22:20:00",2115,1765
"2023-06-03 22:30:00",2102,1766
"2023-06-03 22:40:00",2094,1768
"2023-06-03 22:50:00",2049,1769
"2023-06-03 23:00:00",2025,1770
"2023-06-03 23:10:00",2036,1771
"2023-06-03 23:20:00",2019,1773
"2023-06-03 23:30:00",2009,1774
"2023-06-03 23:40:00",2001,1775
"2023-06-03 23:50:00",1984,1776
"2023-06-04 00:00:00",1976,1776
"2023-06-04 00:10:00",1982,1777
"2023-06-04 00:20:00",1978,1778
"2023-06-04 00:30:00",1953,1779
"2023-06-04 00:40:00",1949,1780
"2023-06-04 00:50:00",1934,1781
"2023-06-04 01:00:00",1924,1781
"2023-06-04 01:10:00",1928,1782
"2023-06-04 01:20:00",1951,1782
"2023-06-04 01:30:00",1950,1783
"2023-06-04 01:40:00",1942,1783
"2023-06-04 01:50:00",1931,1784
"2023-06-04 02:00:00",1923,1784
"2023-06-04 02:10:00",1909,1784
"2023-06-04 02:20:00",1903,1784
"2023-06-04 02:30:00",1884,1784
"2023-06-04 02:40:00",1874,1784
"2023-06-04 02:50:00",1841,1784
"2023-06-04 03:00:00",1838,1784
"2023-06-04 03:10:00",1825,1784
"2023-06-04 03:20:00",1789,1784
"2023-06-04 03:30:00",1751,1783
"2023-06-04 03:40:00",1749,1783
"2023-06-04 03:50:00",1731,1783
"2023-06-04 04:00:00",1735,1783
"2023-06-04 04:10:00",1724,1783
"2023-06-04 04:20:00",1699,1783
"2023-06-04 04:30:00",1665,1783
"2023-06-04 04:40:00",1642,1783
"2023-06-04 04:50:00",1625,1784
"2023-06-04 05:00:00",1618,1784
"2023-06-04 05:10:00",1603,1784
"2023-06-04 05:20:00",1568,1784
"2023-06-04 05:30:00",1563,1784
"2023-06-04 05:40:00",1514,1784
"2023-06-04 05:50:00",1490,1784
"2023-06-04 06:00:00",1460,1784
"2023-06-04 06:10:00",1424,1784
"2023-06-04 06:20:00",1395,1784
"2023-06-04 06:30:00",1365,1784
"2023-06-04 06:40:00",1365,1784
"2023-06-04 06:50:00",1379,1784
"2023-06-04 07:00:00",1366,1784
"2023-06-04 07:10:00",1340,1783
"2023-06-04 07:20:00",1341,1783
"2023-06-04 07:30:00",1343,1783
"2023-06-04 07:40:00",1367,1783
"2023-06-04 07:50:00",1364,1783
"2023-06-04 08:00:00",1352,1783
"2023-06-04 08:10:00",1345,1783
"2023-06-04 08:20:00",1350,1783
"2023-06-04 08:30:00",1344,1783
"2023-06-04 08:40:00",1338,1783
"2023-06-04 08:50:00",1357,1783
"2023-06-04 09:00:00",1362,1783
"2023-06-04 09:10:00",1366,1783
"2023-06-04 09:20:00",1378,1783
"2023-06-04 09:30:00",1392,1783
"2023-06-04 09:40:00",1392,1783
"2023-06-04 09:50:00",1403,1783
"2023-06-04 10:00:00",1410,1784
"2023-06-04 10:10:00",1417,1784
"2023-06-04 10:20:00",1411,1784
"2023-06-04 10:30:00",1425,1784
"2023-06-04 10:40:00",1452,1784
"2023-06-04 10:50:00",1474,1785
"2023-06-04 11:00:00",1488,1785
"2023-06-04 11:10:00",1491,1785
"2023-06-04 11:20:00",1513,1785
"2023-06-04 11:30:00",1531,1785
"2023-06-04 11:40:00",1549,1785
"2023-06-04 11:50:00",1581,1785
"2023-06-04 12:00:00",1594,1784
"2023-06-04 12:10:00",1610,1784
"2023-06-04 12:20:00",1615,1784
"2023-06-04 12:30:00",1636,1783
"2023-06-04 12:40:00",1654,1783
"2023-06-04 12:50:00",1674,1782
"2023-06-04 13:00:00",1674,1782
"2023-06-04 13:10:00",1710,1781
"2023-06-04 13:20:00",1750,1781
"2023-06-04 13:30:00",1774,1781
"2023-06-04 13:40:00",1804,1780
"2023-06-04 13:50:00",1851,1780
"2023-06-04 14:00:00",1853,1780
"2023-06-04 14:10:00",1890,1780
"2023-06-04 14:20:00",1905,1779
"2023-06-04 14:30:00",1919,1779
"2023-06-04 14:40:00",1951,1779
"2023-06-04 14:50:00",2005,1779
"2023-06-04 15:00:00",2028,1779
"2023-06-04 15:10:00",2024,1779
"2023-06-04 15:20:00",2054,1778
"2023-06-04 15:30:00",2084,1778
"2023-06-04 15:40:00",2094,1778
"2023-06-04 15:50:00",2121,1778
"2023-06-04 16:00:00",2112,1777
"2023-06-04 16:10:00",2129,1777
"2023-06-04 16:20:00",2173,1777
"2023-06-04 16:30:00",2179,1777
"2023-06-04 16:40:00",2193,1777
"2023-06-04 16:50:00",2204,1777
"2023-06-04 17:00:00",2217,1777
"2023-06-04 17:10:00",2219,1777
"2023-06-04 17:20:00",2203,1777
"2023-06-04 17:30:00",2202,1777
"2023-06-04 17:40:00",2216,1777
"2023-06-04 17:50:00",2235,1777
"2023-06-04 18:00:00",2246,1778
"2023-06-04 18:10:00",2254,1778
"2023-06-04 18:20:00",2260,1778
"2023-06-04 18:30:00",2283,1778
"2023-06-04 18:40:00",2297,1778
"2023-06-04 18:50:00",2307,1778
"2023-06-04 19:00:00",2325,1778
"2023-06-04 19:10:00",2338,1778
"2023-06-04 19:20:00",2364,1778
"2023-06-04 19:30:00",2372,1778
"2023-06-04 19:40:00",2373,1778
"2023-06-04 19:50:00",2387,1778
"2023-06-04 20:00:00",2386,1778
"2023-06-04 20:10:00",2405,1779
"2023-06-04 20:20:00",2415,1779
"2023-06-04 20:30:00",2367,1779
"2023-06-04 20:40:00",2348,1779
"2023-06-04 20:50:00",2323,1778
"2023-06-04 21:00:00",2285,1778
"2023-06-04 21:10:00",2262,1777
"2023-06-04 21:20:00",2250,1777
"2023-06-04 21:30:00",2253,1777
"2023-06-04 21:40:00",2245,1776
"2023-06-04 21:50:00",2222,1776
"2023-06-04 22:00:00",2207,1776
"2023-06-04 22:10:00",2155,1775
"2023-06-04 22:20:00",2139,1774
"2023-06-04 22:30:00",2118,1774
"2023-06-04 22:40:00",2077,1773
"2023-06-04 22:50:00",2071,1773
"2023-06-04 23:00:00",2064,1773
"2023-06-04 23:10:00",2038,1773
"2023-06-04 23:20:00",2028,1772
"2023-06-04 23:30:00",1988,1772
"2023-06-04 23:40:00",1976,1771
"2023-06-04 23:50:00",1970,1771
"2023-06-05 00:00:00",1972,1771
"2023-06-05 00:10:00",1955,1770
"2023-06-05 00:20:00",1967,1770
"2023-06-05 00:30:00",1966,1770
"2023-06-05 00:40:00",1947,1770
"2023-06-05 00:50:00",1913,1769
"2023-06-05 01:00:00",1903,1769
"2023-06-05 01:10:00",1913,1769
"2023-06-05 01:20:00",1919,1769
"2023-06-05 01:30:00",1912,1769
"2023-06-05 01:40:00",1906,1768
"2023-06-05 01:50:00",1887,1768
"2023-06-05 02:00:00",1860,1768
"2023-06-05 02:10:00",1854,1767
"2023-06-05 02:20:00",1857,1767
"2023-06-05 02:30:00",1850,1767
"2023-06-05 02:40:00",1835,1766
"2023-06-05 02:50:00",1814,1766
"2023-06-05 03:00:00",1797,1766
"2023-06-05 03:10:00",1739,1765
"2023-06-05 03:20:00",1721,1765
"2023-06-05 03:30:00",1686,1764
"2023-06-05 03:40:00",1664,1764
"2023-06-05 03:50:00",1615,1763
"2023-06-05 04:00:00",1599,1762
"2023-06-05 04:10:00",1547,1761
"2023-06-05 04:20:00",1523,1760
"2023-06-05 04:30:00",1472,1759
"2023-06-05 04:40:00",1430,1757
"2023-06-05 04:50:00",1380,1756
"2023-06-05 05:00:00",1348,1755
"2023-06-05 05:10:00",1314,1753
"2023-06-05 05:20:00",1253,1751
"2023-06-05 05:30:00",1234,1749
"2023-06-05 05:40:00",1202,1748
"2023-06-05 05:50:00",1167,1746
"2023-06-05 06:00:00",1152,1744
"2023-06-05 06:10:00",1149,1743
"2023-06-05 06:20:00",1129,1741
"2023-06-05 06:30:00",1121,1740
"2023-06-05 06:40:00",1094,1739
"2023-06-05 06:50:00",1068,1737
"2023-06-05 07:00:00",1046,1735
"2023-06-05 07:10:00",1032,1733
"2023-06-05 07:20:00",1006,1732
"2023-06-05 07:30:00",993,1730
"2023-06-05 07:40:00",985,1728
"2023-06-05 07:50:00",981,1726
"2023-06-05 08:00:00",994,1724
"2023-06-05 08:10:00",989,1722
"2023-06-05 08:20:00",989,1720
"2023-06-05 08:30:00",992,1718
"2023-06-05 08:40:00",1001,1717
"2023-06-05 08:50:00",996,1715
"2023-06-05 09:00:00",998,1713
"2023-06-05 09:10:00",1005,1711
"2023-06-05 09:20:00",1023,1709
"2023-06-05 09:30:00",1020,1707
"2023-06-05 09:40:00",1022,1705
"2023-06-05 09:50:00",1011,1703
"2023-06-05 10:00:00",1026,1701
"2023-06-05 10:10:00",1024,1699
"2023-06-05 10:20:00",1047,1697
"2023-06-05 10:30:00",1050,1695
"2023-06-05 10:40:00",1075,1693
"2023-06-05 10:50:00",1090,1691
"2023-06-05 11:00:00",1078,1688
"2023-06-05 11:10:00",1083,1686
"2023-06-05 11:20:00",1099,1684
"2023-06-05 11:30:00",1117,1681
"2023-06-05 11:40:00",1119,1679
"2023-06-05 11:50:00",1127,1676
"2023-06-05 12:00:00",1127,1674
"2023-06-05 12:10:00",1146,1671
"2023-06-05 12:20:00",1157,1669
"2023-06-05 12:30:00",1177,1666
"2023-06-05 12:40:00",1173,1664
"2023-06-05 12:50:00",1190,1661
"2023-06-05 13:00:00",1197,1658
"2023-06-05 13:10:00",1205,1656
"2023-06-05 13:20:00",1226,1653
"2023-06-05 13:30:00",1240,1650
"2023-06-05 13:40:00",1258,1647
"2023-06-05 13:50:00",1292,1644
"2023-06-05 14:00:00",1297,1641
"2023-06-05 14:10:00",1334,1637
"2023-06-05 14:20:00",1355,1634
"2023-06-05 14:30:00",1382,1631
"2023-06-05 14:40:00",1378,1628
"2023-06-05 14:50:00",1395,1625
"2023-06-05 15:00:00",1410,1621
"2023-06-05 15:10:00",1444,1618
"2023-06-05 15:20:00",1463,1614
"2023-06-05 15:30:00",1477,1611
"2023-06-05 15:40:00",1501,1608
"2023-06-05 15:50:00",1515,1604
"2023-06-05 16:00:00",1536,1601
"2023-06-05 16:10:00",1545,1598
"2023-06-05 16:20:00",1564,1594
"2023-06-05 16:30:00",1589,1591
"2023-06-05 16:40:00",1604,1587
"2023-06-05 16:50:00",1635,1584
"2023-06-05 17:00:00",1638,1581
"2023-06-05 17:10:00",1646,1578
"2023-06-05 17:20:00",1652,1574
"2023-06-05 17:30:00",1654,1571
"2023-06-05 17:40:00",1695,1568
"2023-06-05 17:50:00",1713,1565
"2023-06-05 18:00:00",1731,1562
"2023-06-05 18:10:00",1756,1560
"2023-06-05 18:20:00",1792,1557
"2023-06-05 18:30:00",1823,1554
"2023-06-05 18:40:00",1832,1552
"2023-06-05 18:50:00",1865,1549
"2023-06-05 19:00:00",1900,1547
"2023-06-05 19:10:00",1892,1544
"2023-06-05 19:20:00",1877,1541
"2023-06-05 19:30:00",1884,1539
"2023-06-05 19:40:00",1891,1536
"2023-06-05 19:50:00",1917,1533
"2023-06-05 20:00:00",1910,1530
"2023-06-05 20:10:00",1909,1527
"2023-06-05 20:20:00",1901,1524
"2023-06-05 20:30:00",1886,1522
"2023-06-05 20:40:00",1852,1519
"2023-06-05 20:50:00",1831,1516
"2023-06-05 21:00:00",1800,1513
"2023-06-05 21:10:00",1764,1510
"2023-06-05 21:20:00",1762,1507
"2023-06-05 21:30:00",1744,1504
"2023-06-05 21:40:00",1730,1501
"2023-06-05 21:50:00",1715,1498
"2023-06-05 22:00:00",1694,1495
"2023-06-05 22:10:00",1678,1493
"2023-06-05 22:20:00",1708,1489
"2023-06-05 22:30:00",1700,1486
"2023-06-05 22:40:00",1702,1484
"2023-06-05 22:50:00",1715,1482
"2023-06-05 23:00:00",1704,1480
"2023-06-05 23:10:00",1698,1478
"2023-06-05 23:20:00",1679,1475
"2023-06-05 23:30:00",1641,1473
"2023-06-05 23:40:00",1654,1472
"2023-06-05 23:50:00",1672,1470
"2023-06-06 00:00:00",1687,1468
"2023-06-06 00:10:00",1699,1467
"2023-06-06 00:20:00",1710,1465
"2023-06-06 00:30:00",1723,1463
"2023-06-06 00:40:00",1725,1462
"2023-06-06 00:50:00",1724,1461
"2023-06-06 01:00:00",1751,1460
"2023-06-06 01:10:00",1747,1459
"2023-06-06 01:20:00",1766,1458
"2023-06-06 01:30:00",1767,1457
"2023-06-06 01:40:00",1757,1456
"2023-06-06 01:50:00",1729,1455
"2023-06-06 02:00:00",1696,1454
"2023-06-06 02:10:00",1663,1453
"2023-06-06 02:20:00",1642,1452
"2023-06-06 02:30:00",1619,1451
"2023-06-06 02:40:00",1593,1450
"2023-06-06 02:50:00",1576,1448
"2023-06-06 03:00:00",1546,1447
"2023-06-06 03:10:00",1522,1446
"2023-06-06 03:20:00",1490,1444
"2023-06-06 03:30:00",1472,1443
"2023-06-06 03:40:00",1456,1442
"2023-06-06 03:50:00",1431,1441
"2023-06-06 04:00:00",1397,1440
"2023-06-06 04:10:00",1361,1439
"2023-06-06 04:20:00",1324,1437
"2023-06-06 04:30:00",1282,1436
"2023-06-06 04:40:00",1255,1435
"2023-06-06 04:50:00",1234,1435
"2023-06-06 05:00:00",1208,1434
"2023-06-06 05:10:00",1182,1433
"2023-06-06 05:20:00",1140,1432
"2023-06-06 05:30:00",1120,1432
"2023-06-06 05:40:00",1089,1431
"2023-06-06 05:50:00",1051,1430
"2023-06-06 06:00:00",1032,1430
"2023-06-06 06:10:00",1023,1429
"2023-06-06 06:20:00",1033,1429
"2023-06-06 06:30:00",1017,1428
"2023-06-06 06:40:00",976,1427
"2023-06-06 06:50:00",984,1427
"2023-06-06 07:00:00",987,1426
"2023-06-06 07:10:00",971,1426
"2023-06-06 07:20:00",961,1426
"2023-06-06 07:30:00",964,1426
"2023-06-06 07:40:00",961,1425
"2023-06-06 07:50:00",961,1425
"2023-06-06 08:00:00",952,1425
"2023-06-06 08:10:00",947,1425
"2023-06-06 08:20:00",943,1425
"2023-06-06 08:30:00",944,1424
"2023-06-06 08:40:00",952,1424
"2023-06-06 08:50:00",946,1424
"2023-06-06 09:00:00",948,1423
"2023-06-06 09:10:00",949,1423
"2023-06-06 09:20:00",949,1423
"2023-06-06 09:30:00",949,1422
"2023-06-06 09:40:00",956,1422
"2023-06-06 09:50:00",970,1421
"2023-06-06 10:00:00",972,1421
"2023-06-06 10:10:00",988,1421
"2023-06-06 10:20:00",992,1420
"2023-06-06 10:30:00",1007,1420
"2023-06-06 10:40:00",1006,1420
"2023-06-06 10:50:00",1008,1419
"2023-06-06 11:00:00",998,1419
"2023-06-06 11:10:00",1003,1418
"2023-06-06 11:20:00",1010,1418
"2023-06-06 11:30:00",1019,1417
"2023-06-06 11:40:00",1032,1417
"2023-06-06 11:50:00",1053,1416
"2023-06-06 12:00:00",1075,1416
"2023-06-06 12:10:00",1086,1415
"2023-06-06 12:20:00",1093,1415
"2023-06-06 12:30:00",1127,1415
"2023-06-06 12:40:00",1149,1415
"2023-06-06 12:50:00",1156,1414
"2023-06-06 13:00:00",1164,1414
"2023-06-06 13:10:00",1196,1414
"2023-06-06 13:20:00",1204,1414
"2023-06-06 13:30:00",1188,1414
"2023-06-06 13:40:00",1221,1414
"2023-06-06 13:50:00",1250,1413
"2023-06-06 14:00:00",1256,1413
"2023-06-06 14:10:00",1269,1413
"2023-06-06 14:20:00",1280,1412
"2023-06-06 14:30:00",1306,1412
"2023-06-06 14:40:00",1325,1411
"2023-06-06 14:50:00",1319,1411
"2023-06-06 15:00:00",1345,1411
"2023-06-06 15:10:00",1358,1410
"2023-06-06 15:20:00",1399,1410
"2023-06-06 15:30:00",1425,1409
"2023-06-06 15:40:00",1433,1409
"2023-06-06 15:50:00",1442,1408
"2023-06-06 16:00:00",1461,1408
"2023-06-06 16:10:00",1504,1408
"2023-06-06 16:20:00",1516,1407
"2023-06-06 16:30:00",1562,1407
"2023-06-06 16:40:00",1585,1407
"2023-06-06 16:50:00",1586,1407
"2023-06-06 17:00:00",1588,1406
"2023-06-06 17:10:00",1593,1406
"2023-06-06 17:20:00",1618,1406
"2023-06-06 17:30:00",1647,1405
"2023-06-06 17:40:00",1654,1405
"2023-06-06 17:50:00",1694,1405
"2023-06-06 18:00:00",1703,1405
"2023-06-06 18:10:00",1721,1405
"2023-06-06 18:20:00",1746,1404
"2023-06-06 18:30:00",1774,1404
"2023-06-06 18:40:00",1801,1404
"2023-06-06 18:50:00",1852,1404
"2023-06-06 19:00:00",1855,1403
"2023-06-06 19:10:00",1857,1403
"2023-06-06 19:20:00",1854,1403
"2023-06-06 19:30:00",1855,1402
"2023-06-06 19:40:00",1849,1402
"2023-06-06 19:50:00",1846,1402
"2023-06-06 20:00:00",1838,1401
"2023-06-06 20:10:00",1836,1401
"2023-06-06 20:20:00",1831,1400
"2023-06-06 20:30:00",1824,1400
"2023-06-06 20:40:00",1805,1399
"2023-06-06 20:50:00",1811,1399
"2023-06-06 21:00:00",1795,1399
"2023-06-06 21:10:00",1749,1399
"2023-06-06 21:20:00",1728,1399
"2023-06-06 21:30:00",1699,1399
"2023-06-06 21:40:00",1708,1398
"2023-06-06 21:50:00",1715,1398
"2023-06-06 22:00:00",1688,1398
"2023-06-06 22:10:00",512,1391
"2023-06-06 22:20:00",1388,1390
"2023-06-06 22:30:00",1592,1389
"2023-06-06 22:40:00",1610,1389
"2023-06-06 22:50:00",1613,1388
"2023-06-06 23:00:00",1619,1387
"2023-06-06 23:10:00",1621,1387
"2023-06-06 23:20:00",1629,1387
"2023-06-06 23:30:00",1632,1387
"2023-06-06 23:40:00",1623,1386
"2023-06-06 23:50:00",1605,1386
"2023-06-07 00:00:00",1612,1385
"2023-06-07 00:10:00",1626,1385
"2023-06-07 00:20:00",1637,1385
"2023-06-07 00:30:00",1646,1384
"2023-06-07 00:40:00",1698,1384
"2023-06-07 00:50:00",1701,1384
"2023-06-07 01:00:00",1691,1383
"2023-06-07 01:10:00",1682,1383
"2023-06-07 01:20:00",1700,1382
"2023-06-07 01:30:00",1693,1382
"2023-06-07 01:40:00",1704,1381
"2023-06-07 01:50:00",1713,1381
"2023-06-07 02:00:00",1687,1381
"2023-06-07 02:10:00",1691,1381
"2023-06-07 02:20:00",1690,1381
"2023-06-07 02:30:00",1677,1381
"2023-06-07 02:40:00",1662,1381
"2023-06-07 02:50:00",1651,1382
"2023-06-07 03:00:00",1617,1382
"2023-06-07 03:10:00",1578,1382
"2023-06-07 03:20:00",1548,1382
"2023-06-07 03:30:00",1506,1383
"2023-06-07 03:40:00",1504,1383
"2023-06-07 03:50:00",1450,1383
"2023-06-07 04:00:00",1401,1383
"2023-06-07 04:10:00",1368,1383
"2023-06-07 04:20:00",1339,1383
"2023-06-07 04:30:00",1300,1383
"2023-06-07 04:40:00",1265,1383
"2023-06-07 04:50:00",1252,1383
"2023-06-07 05:00:00",1221,1384
"2023-06-07 05:10:00",1200,1384
"2023-06-07 05:20:00",1176,1384
"2023-06-07 05:30:00",1150,1384
"2023-06-07 05:40:00",1136,1385
"2023-06-07 05:50:00",1113,1385
"2023-06-07 06:00:00",1082,1386
"2023-06-07 06:10:00",1057,1386
"2023-06-07 06:20:00",1022,1386
"2023-06-07 06:30:00",1013,1386
"2023-06-07 06:40:00",993,1387
"2023-06-07 06:50:00",969,1387
"2023-06-07 07:00:00",956,1387
"2023-06-07 07:10:00",954,1387
"2023-06-07 07:20:00",944,1387
"2023-06-07 07:30:00",948,1387
"2023-06-07 07:40:00",923,1387
"2023-06-07 07:50:00",935,1387
"2023-06-07 08:00:00",939,1387
"2023-06-07 08:10:00",940,1388
"2023-06-07 08:20:00",940,1388
"2023-06-07 08:30:00",933,1388
"2023-06-07 08:40:00",909,1388
"2023-06-07 08:50:00",911,1388
"2023-06-07 09:00:00",910,1388
"2023-06-07 09:10:00",912,1388
"2023-06-07 09:20:00",905,1388
"2023-06-07 09:30:00",911,1388
"2023-06-07 09:40:00",916,1388
"2023-06-07 09:50:00",918,1388
"2023-06-07 10:00:00",909,1387
"2023-06-07 10:10:00",928,1387
"2023-06-07 10:20:00",945,1387
"2023-06-07 10:30:00",948,1387
"2023-06-07 10:40:00",963,1387
"2023-06-07 10:50:00",967,1387
"2023-06-07 11:00:00",983,1387
"2023-06-07 11:10:00",1005,1387
"2023-06-07 11:20:00",1019,1387
"2023-06-07 11:30:00",1033,1388
"2023-06-07 11:40:00",1042,1388
"2023-06-07 11:50:00",1042,1388
"2023-06-07 12:00:00",1064,1388
"2023-06-07 12:10:00",1092,1388
"2023-06-07 12:20:00",1111,1389
"2023-06-07 12:30:00",1126,1389
"2023-06-07 12:40:00",1130,1389
"2023-06-07 12:50:00",1154,1389
"2023-06-07 13:00:00",1167,1389
"2023-06-07 13:10:00",1172,1389
"2023-06-07 13:20:00",1193,1389
"2023-06-07 13:30:00",1194,1389
"2023-06-07 13:40:00",1207,1389
"2023-06-07 13:50:00",1213,1389
"2023-06-07 14:00:00",1234,1389
"2023-06-07 14:10:00",1265,1389
"2023-06-07 14:20:00",1281,1389
"2023-06-07 14:30:00",1312,1389
"2023-06-07 14:40:00",1330,1389
"2023-06-07 14:50:00",1340,1389
"2023-06-07 15:00:00",1349,1389
"2023-06-07 15:10:00",1340,1389
"2023-06-07 15:20:00",1359,1389
"2023-06-07 15:30:00",1374,1389
"2023-06-07 15:40:00",1380,1388
"2023-06-07 15:50:00",1385,1388
"2023-06-07 16:00:00",1399,1388
"2023-06-07 16:10:00",1428,1387
"2023-06-07 16:20:00",1428,1386
"2023-06-07 16:30:00",1434,1385
"2023-06-07 16:40:00",1451,1385
"2023-06-07 16:50:00",1474,1384
"2023-06-07 17:00:00",1504,1383
"2023-06-07 17:10:00",1517,1383
"2023-06-07 17:20:00",1543,1382
"2023-06-07 17:30:00",1579,1381
"2023-06-07 17:40:00",1593,1381
"2023-06-07 17:50:00",1609,1380
"2023-06-07 18:00:00",1603,1379
"2023-06-07 18:10:00",1629,1379
"2023-06-07 18:20:00",1642,1378
"2023-06-07 18:30:00",1673,1377
"2023-06-07 18:40:00",1681,1376
"2023-06-07 18:50:00",1669,1375
"2023-06-07 19:00:00",1687,1373
"2023-06-07 19:10:00",1706,1372
"2023-06-07 19:20:00",1716,1371
"2023-06-07 19:30:00",1750,1370
"2023-06-07 19:40:00",1734,1369
"2023-06-07 19:50:00",1716,1368
"2023-06-07 20:00:00",1719,1367
"2023-06-07 20:10:00",1752,1366
"2023-06-07 20:20:00",1761,1366
"2023-06-07 20:30:00",1761,1365
"2023-06-07 20:40:00",1742,1364
"2023-06-07 20:50:00",1760,1364
"2023-06-07 21:00:00",1760,1363
"2023-06-07 21:10:00",1753,1363
"2023-06-07 21:20:00",1750,1363
"2023-06-07 21:30:00",1729,1363
"2023-06-07 21:40:00",1683,1363
"2023-06-07 21:50:00",1690,1363
"2023-06-07 22:00:00",1699,1363
"2023-06-07 22:10:00",1671,1370
"2023-06-07 22:20:00",1673,1372
"2023-06-07 22:30:00",1671,1373
"2023-06-07 22:40:00",1651,1373
"2023-06-07 22:50:00",1639,1373
"2023-06-07 23:00:00",1619,1373
"2023-06-07 23:10:00",1617,1372
"2023-06-07 23:20:00",1608,1372
"2023-06-07 23:30:00",1617,1372
"2023-06-07 23:40:00",1596,1372
"2023-06-07 23:50:00",1586,1371
"2023-06-08 00:00:00",1592,1371
"2023-06-08 00:10:00",1607,1371
"2023-06-08 00:20:00",1621,1371
"2023-06-08 00:30:00",1630,1370
"2023-06-08 00:40:00",1647,1370
"2023-06-08 00:50:00",1664,1370