DateTime,Players
2023-05-25 02:10:00,1270.0
2023-05-25 02:20:00,1268.0
2023-05-25 02:30:00,1264.0
2023-05-25 02:40:00,1227.0
2023-05-25 02:50:00,1257.0
2023-05-25 03:00:00,1249.0
2023-05-25 03:10:00,1261.0
2023-05-25 03:20:00,1262.0
2023-05-25 03:30:00,1240.0
2023-05-25 03:40:00,1243.0
2023-05-25 03:50:00,1237.0
2023-05-25 04:00:00,1216.0
2023-05-25 04:10:00,1199.0
2023-05-25 04:20:00,1186.0
2023-05-25 04:30:00,1169.0
2023-05-25 04:40:00,1158.0
2023-05-25 04:50:00,1150.0
2023-05-25 05:00:00,1140.0
2023-05-25 05:10:00,1121.0
2023-05-25 05:20:00,1102.0
2023-05-25 05:30:00,1110.0
2023-05-25 05:40:00,1115.0
2023-05-25 05:50:00,1085.0
2023-05-25 06:00:00,1068.0
2023-05-25 06:10:00,1079.0
2023-05-25 06:20:00,1066.0
2023-05-25 06:30:00,1055.0
2023-05-25 06:40:00,1046.0
2023-05-25 06:50:00,1051.0
2023-05-25 07:00:00,1063.0
2023-05-25 07:10:00,1077.0
2023-05-25 07:20:00,1108.0
2023-05-25 07:30:00,1123.0
2023-05-25 07:40:00,1125.0
2023-05-25 07:50:00,1123.0
2023-05-25 08:00:00,1121.0
2023-05-25 08:10:00,1103.0
2023-05-25 08:20:00,1100.0
2023-05-25 08:30:00,1103.0
2023-05-25 08:40:00,1142.0
2023-05-25 08:50:00,1160.0
2023-05-25 09:00:00,1177.0
2023-05-25 09:10:00,1169.0
2023-05-25 09:20:00,1199.0
2023-05-25 09:30:00,1236.0
2023-05-25 09:40:00,1249.0
2023-05-25 09:50:00,1273.0
2023-05-25 10:00:00,1273.0
2023-05-25 10:10:00,1298.0
2023-05-25 10:20:00,1321.0
2023-05-25 10:30:00,1316.0
2023-05-25 10:40:00,1376.0
2023-05-25 10:50:00,1375.0
2023-05-25 11:00:00,1396.0
2023-05-25 11:10:00,1433.0
2023-05-25 11:20:00,1450.0
2023-05-25 11:30:00,1479.0
2023-05-25 11:40:00,1525.0
2023-05-25 11:50:00,1554.0
2023-05-25 12:00:00,1593.0
2023-05-25 12:10:00,1651.0
2023-05-25 12:20:00,1698.0
2023-05-25 12:30:00,1723.0
2023-05-25 12:40:00,1758.0
2023-05-25 12:50:00,1771.0
2023-05-25 13:00:00,1827.0
2023-05-25 13:10:00,1845.0
2023-05-25 13:20:00,1891.0
2023-05-25 13:30:00,1958.0
2023-05-25 13:40:00,1950.0
2023-05-25 13:50:00,1940.0
2023-05-25 14:00:00,1959.0
2023-05-25 14:10:00,1979.0
2023-05-25 14:20:00,2044.0
2023-05-25 14:30:00,2057.0
2023-05-25 14:40:00,2065.0
2023-05-25 14:50:00,2091.0
2023-05-25 15:00:00,2087.0
2023-05-25 15:10:00,2033.0
2023-05-25 15:20:00,2038.0
2023-05-25 15:30:00,2010.0
2023-05-25 15:40:00,2010.0
2023-05-25 15:50:00,2027.0
2023-05-25 16:00:00,2025.0
2023-05-25 16:10:00,2024.0
2023-05-25 16:20:00,2053.0
2023-05-25 16:30:00,2047.0
2023-05-25 16:40:00,2005.0
2023-05-25 16:50:00,2005.0
2023-05-25 17:00:00,2034.0
2023-05-25 17:10:00,2091.0
2023-05-25 17:20:00,2106.0
2023-05-25 17:30:00,2115.0
2023-05-25 17:40:00,2113.0
2023-05-25 17:50:00,2145.0
2023-05-25 18:00:00,2111.0
2023-05-25 18:10:00,2176.0
2023-05-25 18:20:00,2212.0
2023-05-25 18:30:00,2277.0
2023-05-25 18:40:00,2322.0
2023-05-25 18:50:00,2319.0
2023-05-25 19:00:00,2340.0
2023-05-25 19:10:00,2366.0
2023-05-25 19:20:00,2378.0
2023-05-25 19:30:00,2404.0
2023-05-25 19:40:00,2363.0
2023-05-25 19:50:00,2311.0
2023-05-25 20:00:00,2313.0
2023-05-25 20:10:00,2295.0
2023-05-25 20:20:00,2260.0
2023-05-25 20:30:00,2240.0
2023-05-25 20:40:00,2179.0
2023-05-25 20:50:00,2152.0
2023-05-25 21:00:00,2115.0
2023-05-25 21:10:00,2026.0
2023-05-25 21:20:00,1932.0
2023-05-25 21:30:00,1831.0
2023-05-25 21:40:00,1756.0
2023-05-25 21:50:00,1664.0
2023-05-25 22:00:00,1600.0
2023-05-25 22:10:00,1538.0
2023-05-25 22:20:00,1506.0
2023-05-25 22:30:00,1464.0
2023-05-25 22:40:00,1400.0
2023-05-25 22:50:00,1333.0
2023-05-25 23:00:00,1294.0
2023-05-25 23:10:00,1291.0
2023-05-25 23:20:00,1260.0
2023-05-25 23:30:00,1249.0
2023-05-25 23:40:00,1278.0
2023-05-25 23:50:00,1255.0
2023-05-26 00:00:00,1248.0
2023-05-26 00:10:00,1250.0
2023-05-26 00:20:00,1234.0
2023-05-26 00:30:00,1235.0
2023-05-26 00:40:00,1239.0
2023-05-26 00:50:00,1234.0
2023-05-26 01:00:00,1229.0
2023-05-26 01:10:00,1238.0
2023-05-26 01:20:00,1281.0
2023-05-26 01:30:00,1307.0
2023-05-26 01:40:00,1314.0
2023-05-26 01:50:00,1312.0
2023-05-26 02:00:00,1292.0
2023-05-26 02:10:00,1292.0
2023-05-26 02:20:00,1283.0
2023-05-26 02:30:00,1282.0
2023-05-26 02:40:00,1270.0
2023-05-26 02:50:00,1262.0
2023-05-26 03:00:00,1241.0
2023-05-26 03:10:00,1234.0
2023-05-26 03:20:00,1246.0
2023-05-26 03:30:00,1221.0
2023-05-26 03:40:00,1187.0
2023-05-26 03:50:00,1178.0
2023-05-26 04:00:00,1171.0
2023-05-26 04:10:00,1152.0
2023-05-26 04:20:00,1145.0
2023-05-26 04:30:00,1113.0
2023-05-26 04:40:00,1105.0
2023-05-26 04:50:00,1100.0
2023-05-26 05:00:00,1093.0
2023-05-26 05:10:00,1098.0
2023-05-26 05:20:00,1100.0
2023-05-26 05:30:00,1100.0
2023-05-26 05:40:00,1100.0
2023-05-26 05:50:00,1096.0
2023-05-26 06:00:00,1092.0
2023-05-26 06:10:00,1097.0
2023-05-26 06:20:00,1106.0
2023-05-26 06:30:00,1112.0
2023-05-26 06:40:00,1105.0
2023-05-26 06:50:00,1117.0
2023-05-26 07:00:00,1154.0
2023-05-26 07:10:00,1164.0
2023-05-26 07:20:00,1198.0
2023-05-26 07:30:00,1204.0
2023-05-26 07:40:00,1228.0
2023-05-26 07:50:00,1235.0
2023-05-26 08:00:00,1260.0
2023-05-26 08:10:00,1261.0
2023-05-26 08:20:00,1264.0
2023-05-26 08:30:00,1305.0
2023-05-26 08:40:00,1311.0
2023-05-26 08:50:00,1307.0
2023-05-26 09:00:00,1337.0
2023-05-26 09:10:00,1368.0
2023-05-26 09:20:00,1391.0
2023-05-26 09:30:00,1391.0
2023-05-26 09:40:00,1378.0
2023-05-26 09:50:00,1396.0
2023-05-26 10:00:00,1421.0
2023-05-26 10:10:00,1474.0
2023-05-26 10:20:00,1490.0
2023-05-26 10:30:00,1498.0
2023-05-26 10:40:00,1491.0
2023-05-26 10:50:00,1530.0
2023-05-26 11:00:00,1571.0
2023-05-26 11:10:00,1616.0
2023-05-26 11:20:00,1628.0
2023-05-26 11:30:00,1684.0
2023-05-26 11:40:00,1715.0
2023-05-26 11:50:00,1746.0
2023-05-26 12:00:00,1783.0
2023-05-26 12:10:00,1824.0
2023-05-26 12:20:00,1826.0
2023-05-26 12:30:00,1861.0
2023-05-26 12:40:00,1955.0
2023-05-26 12:50:00,1978.0
2023-05-26 13:00:00,2005.0
2023-05-26 13:10:00,2035.0
2023-05-26 13:20:00,2041.0
2023-05-26 13:30:00,2050.0
2023-05-26 13:40:00,2084.0
2023-05-26 13:50:00,2141.0
2023-05-26 14:00:00,2148.0
2023-05-26 14:10:00,2199.0
2023-05-26 14:20:00,2279.0
2023-05-26 14:30:00,2289.0
2023-05-26 14:40:00,2280.0
2023-05-26 14:50:00,2332.0
2023-05-26 15:00:00,2300.0
2023-05-26 15:10:00,2312.0
2023-05-26 15:20:00,2332.0
2023-05-26 15:30:00,2317.0
2023-05-26 15:40:00,2293.0
2023-05-26 15:50:00,2311.0
2023-05-26 16:00:00,2280.0
2023-05-26 16:10:00,2231.0
2023-05-26 16:20:00,2208.0
2023-05-26 16:30:00,2177.0
2023-05-26 16:40:00,2123.0
2023-05-26 16:50:00,2098.0
2023-05-26 17:00:00,2068.0
2023-05-26 17:10:00,2054.0
2023-05-26 17:20:00,2084.0
2023-05-26 17:30:00,2125.0
2023-05-26 17:40:00,2150.0
2023-05-26 17:50:00,2140.0
2023-05-26 18:00:00,2142.0
2023-05-26 18:10:00,2164.0
2023-05-26 18:20:00,2239.0
2023-05-26 18:30:00,2296.0
2023-05-26 18:40:00,2328.0
2023-05-26 18:50:00,2372.0
2023-05-26 19:00:00,2396.0
2023-05-26 19:10:00,2413.0
2023-05-26 19:20:00,2422.0
2023-05-26 19:30:00,2441.0
2023-05-26 19:40:00,2509.0
2023-05-26 19:50:00,2517.0
2023-05-26 20:00:00,2514.0
2023-05-26 20:10:00,2490.0
2023-05-26 20:20:00,2498.0
2023-05-26 20:30:00,2512.0
2023-05-26 20:40:00,2505.0
2023-05-26 20:50:00,2485.0
2023-05-26 21:00:00,2415.0
2023-05-26 21:10:00,2398.0
2023-05-26 21:20:00,2347.0
2023-05-26 21:30:00,2260.0
2023-05-26 21:40:00,2170.0
2023-05-26 21:50:00,2101.0
2023-05-26 22:00:00,1990.0
2023-05-26 22:10:00,1940.0
2023-05-26 22:20:00,1879.0
2023-05-26 22:30:00,1857.0
2023-05-26 22:40:00,1776.0
2023-05-26 22:50:00,1739.0
2023-05-26 23:00:00,1682.0
2023-05-26 23:10:00,1648.0
2023-05-26 23:20:00,1640.0
2023-05-26 23:30:00,1591.0
2023-05-26 23:40:00,1573.0
2023-05-26 23:50:00,1525.0
2023-05-27 00:00:00,1502.0
2023-05-27 00:10:00,1462.0
2023-05-27 00:20:00,1473.0
2023-05-27 00:30:00,1470.0
2023-05-27 00:40:00,1472.0
2023-05-27 00:50:00,1468.0
2023-05-27 01:00:00,1473.0
2023-05-27 01:10:00,1476.0
2023-05-27 01:20:00,1509.0
2023-05-27 01:30:00,1534.0
2023-05-27 01:40:00,1536.0
2023-05-27 01:50:00,1543.0
2023-05-27 02:00:00,1552.0
2023-05-27 02:10:00,1589.0
2023-05-27 02:20:00,1596.0
2023-05-27 02:30:00,1608.0
2023-05-27 02:40:00,1616.0
2023-05-27 02:50:00,1613.0
2023-05-27 03:00:00,1620.0
2023-05-27 03:10:00,1635.0
2023-05-27 03:20:00,1628.0
2023-05-27 03:30:00,1629.0
2023-05-27 03:40:00,1625.0
2023-05-27 03:50:00,1597.0
2023-05-27 04:00:00,1587.0
2023-05-27 04:10:00,1579.0
2023-05-27 04:20:00,1605.0
2023-05-27 04:30:00,1615.0
2023-05-27 04:40:00,1637.0
2023-05-27 04:50:00,1645.0
2023-05-27 05:00:00,1612.0
2023-05-27 05:10:00,1618.0
2023-05-27 05:20:00,1604.0
2023-05-27 05:30:00,1547.0
2023-05-27 05:40:00,1544.0
2023-05-27 05:50:00,1533.0
2023-05-27 06:00:00,1525.0
2023-05-27 06:10:00,1516.0
2023-05-27 06:20:00,1537.0
2023-05-27 06:30:00,1576.0
2023-05-27 06:40:00,1605.0
2023-05-27 06:50:00,1586.0
2023-05-27 07:00:00,1604.0
2023-05-27 07:10:00,1623.0
2023-05-27 07:20:00,1686.0
2023-05-27 07:30:00,1689.0
2023-05-27 07:40:00,1709.0
2023-05-27 07:50:00,1751.0
2023-05-27 08:00:00,1742.0
2023-05-27 08:10:00,1754.0
2023-05-27 08:20:00,1761.0
2023-05-27 08:30:00,1783.0
2023-05-27 08:40:00,1772.0
2023-05-27 08:50:00,1795.0
2023-05-27 09:00:00,1814.0
2023-05-27 09:10:00,1829.0
2023-05-27 09:20:00,1847.0
2023-05-27 09:30:00,1861.0
2023-05-27 09:40:00,1894.0
2023-05-27 09:50:00,1923.0
2023-05-27 10:00:00,1973.0
2023-05-27 10:10:00,1990.0
2023-05-27 10:20:00,2004.0
2023-05-27 10:30:00,2005.0
2023-05-27 10:40:00,1991.0
2023-05-27 10:50:00,2027.0
2023-05-27 11:00:00,2063.0
2023-05-27 11:10:00,2098.0
2023-05-27 11:20:00,2118.0
2023-05-27 11:30:00,2124.0
2023-05-27 11:40:00,2154.0
2023-05-27 11:50:00,2185.0
2023-05-27 12:00:00,2221.0
2023-05-27 12:10:00,2262.0
2023-05-27 12:20:00,2273.0
2023-05-27 12:30:00,2304.0
2023-05-27 12:40:00,2320.0
2023-05-27 12:50:00,2350.0
2023-05-27 13:00:00,2364.0
2023-05-27 13:10:00,2379.0
2023-05-27 13:20:00,2418.0
2023-05-27 13:30:00,2459.0
2023-05-27 13:40:00,2503.0
2023-05-27 13:50:00,2538.0
2023-05-27 14:00:00,2548.0
2023-05-27 14:10:00,2591.0
2023-05-27 14:20:00,2583.0
2023-05-27 14:30:00,2617.0
2023-05-27 14:40:00,2645.0
2023-05-27 14:50:00,2652.0
2023-05-27 15:00:00,2671.0
2023-05-27 15:10:00,2601.0
2023-05-27 15:20:00,2554.0
2023-05-27 15:30:00,2535.0
2023-05-27 15:40:00,2539.0
2023-05-27 15:50:00,2545.0
2023-05-27 16:00:00,2554.0
2023-05-27 16:10:00,2527.0
2023-05-27 16:20:00,2509.0
2023-05-27 16:30:00,2491.0
2023-05-27 16:40:00,2525.0
2023-05-27 16:50:00,2495.0
2023-05-27 17:00:00,2445.0
2023-05-27 17:10:00,2411.0
2023-05-27 17:20:00,2389.0
2023-05-27 17:30:00,2351.0
2023-05-27 17:40:00,2315.0
2023-05-27 17:50:00,2326.0
2023-05-27 18:00:00,2331.0
2023-05-27 18:10:00,2325.0
2023-05-27 18:20:00,2344.0
2023-05-27 18:30:00,2337.0
2023-05-27 18:40:00,2350.0
2023-05-27 18:50:00,2375.0
2023-05-27 19:00:00,2381.0
2023-05-27 19:10:00,2420.0
2023-05-27 19:20:00,2432.0
2023-05-27 19:30:00,2414.0
2023-05-27 19:40:00,2412.0
2023-05-27 19:50:00,2410.0
2023-05-27 20:00:00,2446.0
2023-05-27 20:10:00,2474.0
2023-05-27 20:20:00,2432.0
2023-05-27 20:30:00,2450.0
2023-05-27 20:40:00,2414.0
2023-05-27 20:50:00,2414.0
2023-05-27 21:00:00,2352.0
2023-05-27 21:10:00,2319.0
2023-05-27 21:20:00,2262.0
2023-05-27 21:30:00,2185.0
2023-05-27 21:40:00,2167.0
2023-05-27 21:50:00,2103.0
2023-05-27 22:00:00,2017.0
2023-05-27 22:10:00,1947.0
2023-05-27 22:20:00,1915.0
2023-05-27 22:30:00,1882.0
2023-05-27 22:40:00,1820.0
2023-05-27 22:50:00,1786.0
2023-05-27 23:00:00,1762.0
2023-05-27 23:10:00,1725.0
2023-05-27 23:20:00,1670.0
2023-05-27 23:30:00,1642.0
2023-05-27 23:40:00,1625.0
2023-05-27 23:50:00,1591.0
2023-05-28 00:00:00,1570.0
2023-05-28 00:10:00,1577.0
2023-05-28 00:20:00,1566.0
2023-05-28 00:30:00,1574.0
2023-05-28 00:40:00,1564.0
2023-05-28 00:50:00,1540.0
2023-05-28 01:00:00,1557.0
2023-05-28 01:10:00,1570.0
2023-05-28 01:20:00,1559.0
2023-05-28 01:30:00,1534.0
2023-05-28 01:40:00,1568.0
2023-05-28 01:50:00,1574.0
2023-05-28 02:00:00,1587.0
2023-05-28 02:10:00,1599.0
2023-05-28 02:20:00,1614.0
2023-05-28 02:30:00,1611.0
2023-05-28 02:40:00,1636.0
2023-05-28 02:50:00,1626.0
2023-05-28 03:00:00,1619.0
2023-05-28 03:10:00,1614.0
2023-05-28 03:20:00,1634.0
2023-05-28 03:30:00,1648.0
2023-05-28 03:40:00,1656.0
2023-05-28 03:50:00,1668.0
2023-05-28 04:00:00,1652.0
2023-05-28 04:10:00,1632.0
2023-05-28 04:20:00,1651.0
2023-05-28 04:30:00,1642.0
2023-05-28 04:40:00,1659.0
2023-05-28 04:50:00,1686.0
2023-05-28 05:00:00,1705.0
2023-05-28 05:10:00,1713.0
2023-05-28 05:20:00,1714.0
2023-05-28 05:30:00,1716.0
2023-05-28 05:40:00,1722.0
2023-05-28 05:50:00,1739.0
2023-05-28 06:00:00,1729.0
2023-05-28 06:10:00,1725.0
2023-05-28 06:20:00,1737.0
2023-05-28 06:30:00,1754.0
2023-05-28 06:40:00,1770.0
2023-05-28 06:50:00,1779.0
2023-05-28 07:00:00,1780.0
2023-05-28 07:10:00,1802.0
2023-05-28 07:20:00,1822.0
2023-05-28 07:30:00,1828.0
2023-05-28 07:40:00,1842.0
2023-05-28 07:50:00,1846.0
2023-05-28 08:00:00,1879.0
2023-05-28 08:10:00,1916.0
2023-05-28 08:20:00,1931.0
2023-05-28 08:30:00,1956.0
2023-05-28 08:40:00,2000.0
2023-05-28 08:50:00,2022.0
2023-05-28 09:00:00,2049.0
2023-05-28 09:10:00,2082.0
2023-05-28 09:20:00,2086.0
2023-05-28 09:30:00,2090.0
2023-05-28 09:40:00,2095.0
2023-05-28 09:50:00,2084.0
2023-05-28 10:00:00,2079.0
2023-05-28 10:10:00,2096.0
2023-05-28 10:20:00,2124.0
2023-05-28 10:30:00,2158.0
2023-05-28 10:40:00,2190.0
2023-05-28 10:50:00,2203.0
2023-05-28 11:00:00,2239.0
2023-05-28 11:10:00,2256.0
2023-05-28 11:20:00,2294.0
2023-05-28 11:30:00,2331.0
2023-05-28 11:40:00,2353.0
2023-05-28 11:50:00,2387.0
2023-05-28 12:00:00,2392.0
2023-05-28 12:10:00,2422.0
2023-05-28 12:20:00,2430.0
2023-05-28 12:30:00,2457.0
2023-05-28 12:40:00,2456.0
2023-05-28 12:50:00,2488.0
2023-05-28 13:00:00,2491.0
2023-05-28 13:10:00,2539.0
2023-05-28 13:20:00,2566.0
2023-05-28 13:30:00,2624.0
2023-05-28 13:40:00,2674.0
2023-05-28 13:50:00,2691.0
2023-05-28 14:00:00,2703.0
2023-05-28 14:10:00,2688.0
2023-05-28 14:20:00,2708.0
2023-05-28 14:30:00,2738.0
2023-05-28 14:40:00,2746.0
2023-05-28 14:50:00,2743.0
2023-05-28 15:00:00,2715.0
2023-05-28 15:10:00,2683.0
2023-05-28 15:20:00,2643.0
2023-05-28 15:30:00,2616.0
2023-05-28 15:40:00,2575.0
2023-05-28 15:50:00,2529.0
2023-05-28 16:00:00,2523.0
2023-05-28 16:10:00,2491.0
2023-05-28 16:20:00,2465.0
2023-05-28 16:30:00,2471.0
2023-05-28 16:40:00,2497.0
2023-05-28 16:50:00,2505.0
2023-05-28 17:00:00,2486.0
2023-05-28 17:10:00,2514.0
2023-05-28 17:20:00,2515.0
2023-05-28 17:30:00,2537.0
2023-05-28 17:40:00,2562.0
2023-05-28 17:50:00,2558.0
2023-05-28 18:00:00,2560.0
2023-05-28 18:10:00,2560.0
2023-05-28 18:20:00,2552.0
2023-05-28 18:30:00,2615.0
2023-05-28 18:40:00,2672.0
2023-05-28 18:50:00,2707.0
2023-05-28 19:00:00,2745.0
2023-05-28 19:10:00,2815.0
2023-05-28 19:20:00,2850.0
2023-05-28 19:30:00,2833.0
2023-05-28 19:40:00,2823.0
2023-05-28 19:50:00,2809.0
2023-05-28 20:00:00,2769.0
2023-05-28 20:10:00,2692.0
2023-05-28 20:20:00,2705.0
2023-05-28 20:30:00,2663.0
2023-05-28 20:40:00,2647.0
2023-05-28 20:50:00,2663.0
2023-05-28 21:00:00,2597.0
2023-05-28 21:10:00,2575.0
2023-05-28 21:20:00,2502.0
2023-05-28 21:30:00,2373.0
2023-05-28 21:40:00,2292.0
2023-05-28 21:50:00,2183.0
2023-05-28 22:00:00,2138.0
2023-05-28 22:10:00,2024.0
2023-05-28 22:20:00,1907.0
2023-05-28 22:30:00,1869.0
2023-05-28 22:40:00,1810.0
2023-05-28 22:50:00,1769.0
2023-05-28 23:00:00,1711.0
2023-05-28 23:10:00,1659.0
2023-05-28 23:20:00,1582.0
2023-05-28 23:30:00,1532.0
2023-05-28 23:40:00,1513.0
2023-05-28 23:50:00,1483.0
2023-05-29 00:00:00,1466.0
2023-05-29 00:10:00,1471.0
2023-05-29 00:20:00,1479.0
2023-05-29 00:30:00,1458.0
2023-05-29 00:40:00,1433.0
2023-05-29 00:50:00,1458.0
2023-05-29 01:00:00,1451.0
2023-05-29 01:10:00,1449.0
2023-05-29 01:20:00,1437.0
2023-05-29 01:30:00,1443.0
2023-05-29 01:40:00,1458.0
2023-05-29 01:50:00,1467.0
2023-05-29 02:00:00,1468.0
2023-05-29 02:10:00,1452.0
2023-05-29 02:20:00,1425.0
2023-05-29 02:30:00,1381.0
2023-05-29 02:40:00,1402.0
2023-05-29 02:50:00,1405.0
2023-05-29 03:00:00,1400.0
2023-05-29 03:10:00,1379.0
2023-05-29 03:20:00,1392.0
2023-05-29 03:30:00,1406.0
2023-05-29 03:40:00,1395.0
2023-05-29 03:50:00,1356.0
2023-05-29 04:00:00,1350.0
2023-05-29 04:10:00,1344.0
2023-05-29 04:20:00,1325.0
2023-05-29 04:30:00,1338.0
2023-05-29 04:40:00,1343.0
2023-05-29 04:50:00,1343.0
2023-05-29 05:00:00,1360.0
2023-05-29 05:10:00,1353.0
2023-05-29 05:20:00,1350.0
2023-05-29 05:30:00,1341.0
2023-05-29 05:40:00,1335.0
2023-05-29 05:50:00,1325.0
2023-05-29 06:00:00,1324.0
2023-05-29 06:10:00,1321.0
2023-05-29 06:20:00,1319.0
2023-05-29 06:30:00,1333.0
2023-05-29 06:40:00,1313.0
2023-05-29 06:50:00,1298.0
2023-05-29 07:00:00,1298.0
2023-05-29 07:10:00,1306.0
2023-05-29 07:20:00,1365.0
2023-05-29 07:30:00,1378.0
2023-05-29 07:40:00,1403.0
2023-05-29 07:50:00,1428.0
2023-05-29 08:00:00,1436.0
2023-05-29 08:10:00,1437.0
2023-05-29 08:20:00,1460.0
2023-05-29 08:30:00,1496.0
2023-05-29 08:40:00,1525.0
2023-05-29 08:50:00,1550.0
2023-05-29 09:00:00,1568.0
2023-05-29 09:10:00,1603.0
2023-05-29 09:20:00,1609.0
2023-05-29 09:30:00,1629.0
2023-05-29 09:40:00,1676.0
2023-05-29 09:50:00,1717.0
2023-05-29 10:00:00,1712.0
2023-05-29 10:10:00,1758.0
2023-05-29 10:20:00,1764.0
2023-05-29 10:30:00,1748.0
2023-05-29 10:40:00,1777.0
2023-05-29 10:50:00,1819.0
2023-05-29 11:00:00,1840.0
2023-05-29 11:10:00,1857.0
2023-05-29 11:20:00,1888.0
2023-05-29 11:30:00,1909.0
2023-05-29 11:40:00,1944.0
2023-05-29 11:50:00,2011.0
2023-05-29 12:00:00,2065.0
2023-05-29 12:10:00,2112.0
2023-05-29 12:20:00,2147.0
2023-05-29 12:30:00,2173.0
2023-05-29 12:40:00,2241.0
2023-05-29 12:50:00,2283.0
2023-05-29 13:00:00,2325.0
2023-05-29 13:10:00,2399.0
2023-05-29 13:20:00,2472.0
2023-05-29 13:30:00,2476.0
2023-05-29 13:40:00,2521.0
2023-05-29 13:50:00,2596.0
2023-05-29 14:00:00,2630.0
2023-05-29 14:10:00,2674.0
2023-05-29 14:20:00,2703.0
2023-05-29 14:30:00,2725.0
2023-05-29 14:40:00,2726.0
2023-05-29 14:50:00,2776.0
2023-05-29 15:00:00,2787.0
2023-05-29 15:10:00,2769.0
2023-05-29 15:20:00,2741.0
2023-05-29 15:30:00,2710.0
2023-05-29 15:40:00,2662.0
2023-05-29 15:50:00,2623.0
2023-05-29 16:00:00,2586.0
2023-05-29 16:10:00,2547.0
2023-05-29 16:20:00,2561.0
2023-05-29 16:30:00,2515.0
2023-05-29 16:40:00,2516.0
2023-05-29 16:50:00,2527.0
2023-05-29 17:00:00,2568.0
2023-05-29 17:10:00,2589.0
2023-05-29 17:20:00,2600.0
2023-05-29 17:30:00,2629.0
2023-05-29 17:40:00,2605.0
2023-05-29 17:50:00,2610.0
2023-05-29 18:00:00,2600.0
2023-05-29 18:10:00,2673.0
2023-05-29 18:20:00,2727.0
2023-05-29 18:30:00,2781.0
2023-05-29 18:40:00,2803.0
2023-05-29 18:50:00,2812.0
2023-05-29 19:00:00,2839.0
2023-05-29 19:10:00,2829.0
2023-05-29 19:20:00,2856.0
2023-05-29 19:30:00,2862.0
2023-05-29 19:40:00,2866.0
2023-05-29 19:50:00,2817.0
2023-05-29 20:00:00,2751.0
2023-05-29 20:10:00,2713.0
2023-05-29 20:20:00,2659.0
2023-05-29 20:30:00,2626.0
2023-05-29 20:40:00,2508.0
2023-05-29 20:50:00,2442.0
2023-05-29 21:00:00,2369.0
2023-05-29 21:10:00,2293.0
2023-05-29 21:20:00,2183.0
2023-05-29 21:30:00,2121.0
2023-05-29 21:40:00,2022.0
2023-05-29 21:50:00,1925.0
2023-05-29 22:00:00,1846.0
2023-05-29 22:10:00,1786.0
2023-05-29 22:20:00,1697.0
2023-05-29 22:30:00,1642.0
2023-05-29 22:40:00,1563.0
2023-05-29 22:50:00,1512.0
2023-05-29 23:00:00,1483.0
2023-05-29 23:10:00,1434.0
2023-05-29 23:20:00,1436.0
2023-05-29 23:30:00,1411.0
2023-05-29 23:40:00,1409.0
2023-05-29 23:50:00,1409.0
2023-05-30 00:00:00,1406.0
2023-05-30 00:10:00,1390.0
2023-05-30 00:20:00,1400.0
2023-05-30 00:30:00,1391.0
2023-05-30 00:40:00,1389.0
2023-05-30 00:50:00,1371.0
2023-05-30 01:00:00,1343.0
2023-05-30 01:10:00,1355.0
2023-05-30 01:20:00,1365.0
2023-05-30 01:30:00,1360.0
2023-05-30 01:40:00,1340.0
2023-05-30 01:50:00,1326.0
2023-05-30 02:00:00,1317.0
2023-05-30 02:10:00,1318.0
2023-05-30 02:20:00,1302.0
2023-05-30 02:30:00,1282.0
2023-05-30 02:40:00,1297.0
2023-05-30 02:50:00,1270.0
2023-05-30 03:00:00,1237.0
2023-05-30 03:10:00,1239.0
2023-05-30 03:20:00,1222.0
2023-05-30 03:30:00,1197.0
2023-05-30 03:40:00,1194.0
2023-05-30 03:50:00,1167.0
2023-05-30 04:00:00,1142.0
2023-05-30 04:10:00,1126.0
2023-05-30 04:20:00,1107.0
2023-05-30 04:30:00,1088.0
2023-05-30 04:40:00,1075.0
2023-05-30 04:50:00,1077.0
2023-05-30 05:00:00,1035.0
2023-05-30 05:10:00,1020.0
2023-05-30 05:20:00,1008.0
2023-05-30 05:30:00,1003.0
2023-05-30 05:40:00,987.0
2023-05-30 05:50:00,1004.0
2023-05-30 06:00:00,1018.0
2023-05-30 06:10:00,1030.0
2023-05-30 06:20:00,1030.0
2023-05-30 06:30:00,1016.0
2023-05-30 06:40:00,1003.0
2023-05-30 06:50:00,1031.0
2023-05-30 07:00:00,1051.0
2023-05-30 07:10:00,1062.0
2023-05-30 07:20:00,1062.0
2023-05-30 07:30:00,1041.0
2023-05-30 07:40:00,1037.0
2023-05-30 07:50:00,1067.0
2023-05-30 08:00:00,1079.0
2023-05-30 08:10:00,1114.0
2023-05-30 08:20:00,1134.0
2023-05-30 08:30:00,1156.0
2023-05-30 08:40:00,1176.0
2023-05-30 08:50:00,1200.0
2023-05-30 09:00:00,1218.0
2023-05-30 09:10:00,1259.0
2023-05-30 09:20:00,1311.0
2023-05-30 09:30:00,1303.0
2023-05-30 09:40:00,1279.0
2023-05-30 09:50:00,1309.0
2023-05-30 10:00:00,1325.0
2023-05-30 10:10:00,1334.0
2023-05-30 10:20:00,1335.0
2023-05-30 10:30:00,1345.0
2023-05-30 10:40:00,1371.0
2023-05-30 10:50:00,1403.0
2023-05-30 11:00:00,1435.0
2023-05-30 11:10:00,1452.0
2023-05-30 11:20:00,1462.0
2023-05-30 11:30:00,1489.0
2023-05-30 11:40:00,1538.0
2023-05-30 11:50:00,1544.0
2023-05-30 12:00:00,1532.0
2023-05-30 12:10:00,1526.0
2023-05-30 12:20:00,1588.0
2023-05-30 12:30:00,1597.0
2023-05-30 12:40:00,1655.0
2023-05-30 12:50:00,1703.0
2023-05-30 13:00:00,1756.0
2023-05-30 13:10:00,1799.0
2023-05-30 13:20:00,1884.0
2023-05-30 13:30:00,1921.0
2023-05-30 13:40:00,1985.0
2023-05-30 13:50:00,2039.0
2023-05-30 14:00:00,2048.0
2023-05-30 14:10:00,2044.0
2023-05-30 14:20:00,2054.0
2023-05-30 14:30:00,2052.0
2023-05-30 14:40:00,2081.0
2023-05-30 14:50:00,2076.0
2023-05-30 15:00:00,2044.0
2023-05-30 15:10:00,2043.0
2023-05-30 15:20:00,2045.0
2023-05-30 15:30:00,2023.0
2023-05-30 15:40:00,2042.0
2023-05-30 15:50:00,2031.0
2023-05-30 16:00:00,1971.0
2023-05-30 16:10:00,2001.0
2023-05-30 16:20:00,2022.0
2023-05-30 16:30:00,2018.0
2023-05-30 16:40:00,2040.0
2023-05-30 16:50:00,2029.0
2023-05-30 17:00:00,2026.0
2023-05-30 17:10:00,2039.0
2023-05-30 17:20:00,2080.0
2023-05-30 17:30:00,2099.0
2023-05-30 17:40:00,2114.0
2023-05-30 17:50:00,2151.0
2023-05-30 18:00:00,2218.0
2023-05-30 18:10:00,2296.0
2023-05-30 18:20:00,2347.0
2023-05-30 18:30:00,2401.0
2023-05-30 18:40:00,2450.0
2023-05-30 18:50:00,2476.0
2023-05-30 19:00:00,2495.0
2023-05-30 19:10:00,2519.0
2023-05-30 19:20:00,2543.0
2023-05-30 19:30:00,2524.0
2023-05-30 19:40:00,2584.0
2023-05-30 19:50:00,2537.0
2023-05-30 20:00:00,2502.0
2023-05-30 20:10:00,2475.0
2023-05-30 20:20:00,2438.0
2023-05-30 20:30:00,2392.0
2023-05-30 20:40:00,2290.0
2023-05-30 20:50:00,2182.0
2023-05-30 21:00:00,2114.0
2023-05-30 21:10:00,2034.0
2023-05-30 21:20:00,1979.0
2023-05-30 21:30:00,1877.0
2023-05-30 21:40:00,1835.0
2023-05-30 21:50:00,1758.0
2023-05-30 22:00:00,1647.0
2023-05-30 22:10:00,
2023-05-30 22:20:00,576.0
2023-05-30 22:30:00,1280.0
2023-05-30 22:40:00,1339.0
2023-05-30 22:50:00,1289.0
2023-05-30 23:00:00,1243.0
2023-05-30 23:10:00,1227.0
2023-05-30 23:20:00,1228.0
2023-05-30 23:30:00,1221.0
2023-05-30 23:40:00,1221.0
2023-05-30 23:50:00,1183.0
2023-05-31 00:00:00,1173.0
2023-05-31 00:10:00,1180.0
2023-05-31 00:20:00,1215.0
2023-05-31 00:30:00,1230.0
2023-05-31 00:40:00,1240.0
2023-05-31 00:50:00,1256.0
2023-05-31 01:00:00,1271.0
2023-05-31 01:10:00,1275.0
2023-05-31 01:20:00,1272.0
2023-05-31 01:30:00,1272.0
2023-05-31 01:40:00,1273.0
2023-05-31 01:50:00,1265.0
2023-05-31 02:00:00,1269.0
2023-05-31 02:10:00,1289.0
2023-05-31 02:20:00,1272.0
2023-05-31 02:30:00,1260.0
2023-05-31 02:40:00,1242.0
2023-05-31 02:50:00,1227.0
2023-05-31 03:00:00,1223.0
2023-05-31 03:10:00,1179.0
2023-05-31 03:20:00,1165.0
2023-05-31 03:30:00,1141.0
2023-05-31 03:40:00,1143.0
2023-05-31 03:50:00,1140.0
2023-05-31 04:00:00,1125.0
2023-05-31 04:10:00,1126.0
2023-05-31 04:20:00,1136.0
2023-05-31 04:30:00,1105.0
2023-05-31 04:40:00,1104.0
2023-05-31 04:50:00,1095.0
2023-05-31 05:00:00,1085.0
2023-05-31 05:10:00,1067.0
2023-05-31 05:20:00,1051.0
2023-05-31 05:30:00,1041.0
2023-05-31 05:40:00,1030.0
2023-05-31 05:50:00,1023.0
2023-05-31 06:00:00,1015.0
2023-05-31 06:10:00,995.0
2023-05-31 06:20:00,1011.0
2023-05-31 06:30:00,1014.0
2023-05-31 06:40:00,1008.0
2023-05-31 06:50:00,1035.0
2023-05-31 07:00:00,1043.0
2023-05-31 07:10:00,1062.0
2023-05-31 07:20:00,1081.0
2023-05-31 07:30:00,1098.0
2023-05-31 07:40:00,1083.0
2023-05-31 07:50:00,1107.0
2023-05-31 08:00:00,1119.0
2023-05-31 08:10:00,1112.0
2023-05-31 08:20:00,1132.0
2023-05-31 08:30:00,1179.0
2023-05-31 08:40:00,1215.0
2023-05-31 08:50:00,1235.0
2023-05-31 09:00:00,1231.0
2023-05-31 09:10:00,1236.0
2023-05-31 09:20:00,1257.0
2023-05-31 09:30:00,1250.0
2023-05-31 09:40:00,1241.0
2023-05-31 09:50:00,1243.0
2023-05-31 10:00:00,1256.0
2023-05-31 10:10:00,1263.0
2023-05-31 10:20:00,1273.0
2023-05-31 10:30:00,1301.0
2023-05-31 10:40:00,1303.0
2023-05-31 10:50:00,1310.0
2023-05-31 11:00:00,1345.0
2023-05-31 11:10:00,1379.0
2023-05-31 11:20:00,1424.0
2023-05-31 11:30:00,1485.0
2023-05-31 11:40:00,1508.0
2023-05-31 11:50:00,1520.0
2023-05-31 12:00:00,1534.0
2023-05-31 12:10:00,1546.0
2023-05-31 12:20:00,1542.0
2023-05-31 12:30:00,1597.0
2023-05-31 12:40:00,1652.0
2023-05-31 12:50:00,1706.0
2023-05-31 13:00:00,1719.0
2023-05-31 13:10:00,1753.0
2023-05-31 13:20:00,1795.0
2023-05-31 13:30:00,1845.0
2023-05-31 13:40:00,1866.0
2023-05-31 13:50:00,1908.0
2023-05-31 14:00:00,1926.0
2023-05-31 14:10:00,1979.0
2023-05-31 14:20:00,2002.0
2023-05-31 14:30:00,2016.0
2023-05-31 14:40:00,2000.0
2023-05-31 14:50:00,2001.0
2023-05-31 15:00:00,2006.0
2023-05-31 15:10:00,2019.0
2023-05-31 15:20:00,2026.0
2023-05-31 15:30:00,1986.0
2023-05-31 15:40:00,1998.0
2023-05-31 15:50:00,1992.0
2023-05-31 16:00:00,1999.0
2023-05-31 16:10:00,1958.0
2023-05-31 16:20:00,1969.0
2023-05-31 16:30:00,1962.0
2023-05-31 16:40:00,1979.0
2023-05-31 16:50:00,1980.0
2023-05-31 17:00:00,1976.0
2023-05-31 17:10:00,1979.0
2023-05-31 17:20:00,2046.0
2023-05-31 17:30:00,2044.0
2023-05-31 17:40:00,2062.0
2023-05-31 17:50:00,2104.0
2023-05-31 18:00:00,2139.0
2023-05-31 18:10:00,2153.0
2023-05-31 18:20:00,2190.0
2023-05-31 18:30:00,2258.0
2023-05-31 18:40:00,2314.0
2023-05-31 18:50:00,2357.0
2023-05-31 19:00:00,2381.0
2023-05-31 19:10:00,2438.0
2023-05-31 19:20:00,2471.0
2023-05-31 19:30:00,2436.0
2023-05-31 19:40:00,2457.0
2023-05-31 19:50:00,2410.0
2023-05-31 20:00:00,2394.0
2023-05-31 20:10:00,2380.0
2023-05-31 20:20:00,2340.0
2023-05-31 20:30:00,2256.0
2023-05-31 20:40:00,2191.0
2023-05-31 20:50:00,2112.0
2023-05-31 21:00:00,2049.0
2023-05-31 21:10:00,1982.0
2023-05-31 21:20:00,1926.0
2023-05-31 21:30:00,1851.0
2023-05-31 21:40:00,1737.0
2023-05-31 21:50:00,1629.0
2023-05-31 22:00:00,1519.0
2023-05-31 22:10:00,1449.0
2023-05-31 22:20:00,1368.0
2023-05-31 22:30:00,1327.0
2023-05-31 22:40:00,1299.0
2023-05-31 22:50:00,1235.0
2023-05-31 23:00:00,1218.0
2023-05-31 23:10:00,1207.0
2023-05-31 23:20:00,1185.0
2023-05-31 23:30:00,1180.0
2023-05-31 23:40:00,1142.0
2023-05-31 23:50:00,1133.0
2023-06-01 00:00:00,1128.0
2023-06-01 00:10:00,1143.0
2023-06-01 00:20:00,1158.0
2023-06-01 00:30:00,1186.0
2023-06-01 00:40:00,1218.0
2023-06-01 00:50:00,1218.0
2023-06-01 01:00:00,1220.0
2023-06-01 01:10:00,1210.0
2023-06-01 01:20:00,1203.0
2023-06-01 01:30:00,1208.0
2023-06-01 01:40:00,1209.0
2023-06-01 01:50:00,1201.0
2023-06-01 02:00:00,1204.0
2023-06-01 02:10:00,1192.0
2023-06-01 02:20:00,1190.0
2023-06-01 02:30:00,1210.0
2023-06-01 02:40:00,1212.0
2023-06-01 02:50:00,1210.0
2023-06-01 03:00:00,1229.0
2023-06-01 03:10:00,1220.0
2023-06-01 03:20:00,1192.0
2023-06-01 03:30:00,1165.0
2023-06-01 03:40:00,1157.0
2023-06-01 03:50:00,1142.0
2023-06-01 04:00:00,1104.0
2023-06-01 04:10:00,1083.0
2023-06-01 04:20:00,1076.0
2023-06-01 04:30:00,1057.0
2023-06-01 04:40:00,1057.0
2023-06-01 04:50:00,1062.0
2023-06-01 05:00:00,1042.0
2023-06-01 05:10:00,1033.0
2023-06-01 05:20:00,1027.0
2023-06-01 05:30:00,1025.0
2023-06-01 05:40:00,1010.0
2023-06-01 05:50:00,995.0
2023-06-01 06:00:00,991.0
2023-06-01 06:10:00,1004.0
2023-06-01 06:20:00,1011.0
2023-06-01 06:30:00,1025.0
2023-06-01 06:40:00,1036.0
2023-06-01 06:50:00,1023.0
2023-06-01 07:00:00,1025.0
2023-06-01 07:10:00,1030.0
2023-06-01 07:20:00,1030.0
2023-06-01 07:30:00,1040.0
2023-06-01 07:40:00,1077.0
2023-06-01 07:50:00,1106.0
2023-06-01 08:00:00,1138.0
2023-06-01 08:10:00,1140.0
2023-06-01 08:20:00,1143.0
2023-06-01 08:30:00,1174.0
2023-06-01 08:40:00,1178.0
2023-06-01 08:50:00,1203.0
2023-06-01 09:00:00,1211.0
2023-06-01 09:10:00,1208.0
2023-06-01 09:20:00,1216.0
2023-06-01 09:30:00,1246.0
2023-06-01 09:40:00,1237.0
2023-06-01 09:50:00,1245.0
2023-06-01 10:00:00,1261.0
2023-06-01 10:10:00,1282.0
2023-06-01 10:20:00,1305.0
2023-06-01 10:30:00,1308.0
2023-06-01 10:40:00,1335.0
2023-06-01 10:50:00,1333.0
2023-06-01 11:00:00,1393.0
2023-06-01 11:10:00,1422.0
2023-06-01 11:20:00,1452.0
2023-06-01 11:30:00,1463.0
2023-06-01 11:40:00,1489.0
2023-06-01 11:50:00,1550.0
2023-06-01 12:00:00,1549.0
2023-06-01 12:10:00,1584.0
2023-06-01 12:20:00,1658.0
2023-06-01 12:30:00,1692.0
2023-06-01 12:40:00,1712.0
2023-06-01 12:50:00,1722.0
2023-06-01 13:00:00,1748.0
2023-06-01 13:10:00,1764.0
2023-06-01 13:20:00,1771.0
2023-06-01 13:30:00,1829.0
2023-06-01 13:40:00,1857.0
2023-06-01 13:50:00,1881.0
2023-06-01 14:00:00,1911.0
2023-06-01 14:10:00,1936.0
2023-06-01 14:20:00,1964.0
2023-06-01 14:30:00,1978.0
2023-06-01 14:40:00,2015.0
2023-06-01 14:50:00,2048.0
2023-06-01 15:00:00,2033.0
2023-06-01 15:10:00,1995.0
2023-06-01 15:20:00,2010.0
2023-06-01 15:30:00,2007.0
2023-06-01 15:40:00,1996.0
2023-06-01 15:50:00,2000.0
2023-06-01 16:00:00,1996.0
2023-06-01 16:10:00,1935.0
2023-06-01 16:20:00,1913.0
2023-06-01 16:30:00,1935.0
2023-06-01 16:40:00,1971.0
2023-06-01 16:50:00,1988.0
2023-06-01 17:00:00,1994.0
2023-06-01 17:10:00,2000.0
2023-06-01 17:20:00,2033.0
2023-06-01 17:30:00,2037.0
2023-06-01 17:40:00,2067.0
2023-06-01 17:50:00,2103.0
2023-06-01 18:00:00,2073.0
2023-06-01 18:10:00,2119.0
2023-06-01 18:20:00,2117.0
2023-06-01 18:30:00,2197.0
2023-06-01 18:40:00,2268.0
2023-06-01 18:50:00,2271.0
2023-06-01 19:00:00,2357.0
2023-06-01 19:10:00,2367.0
2023-06-01 19:20:00,2374.0
2023-06-01 19:30:00,2383.0
2023-06-01 19:40:00,2392.0
2023-06-01 19:50:00,2370.0
2023-06-01 20:00:00,2321.0
2023-06-01 20:10:00,2285.0
2023-06-01 20:20:00,2236.0
2023-06-01 20:30:00,2207.0
2023-06-01 20:40:00,2134.0
2023-06-01 20:50:00,2087.0
2023-06-01 21:00:00,1984.0
2023-06-01 21:10:00,1870.0
2023-06-01 21:20:00,1829.0
2023-06-01 21:30:00,1774.0
2023-06-01 21:40:00,1697.0
2023-06-01 21:50:00,1650.0
2023-06-01 22:00:00,1543.0
2023-06-01 22:10:00,1485.0
2023-06-01 22:20:00,1416.0
2023-06-01 22:30:00,1360.0
2023-06-01 22:40:00,1283.0
2023-06-01 22:50:00,1226.0
2023-06-01 23:00:00,1156.0
2023-06-01 23:10:00,1124.0
2023-06-01 23:20:00,1113.0
2023-06-01 23:30:00,1089.0
2023-06-01 23:40:00,1081.0
2023-06-01 23:50:00,1050.0
2023-06-02 00:00:00,1069.0
2023-06-02 00:10:00,1097.0
2023-06-02 00:20:00,1099.0
2023-06-02 00:30:00,1095.0
2023-06-02 00:40:00,1108.0
2023-06-02 00:50:00,1119.0
2023-06-02 01:00:00,1110.0
2023-06-02 01:10:00,1123.0
2023-06-02 01:20:00,1113.0
2023-06-02 01:30:00,1121.0
2023-06-02 01:40:00,1124.0
2023-06-02 01:50:00,1133.0
2023-06-02 02:00:00,1146.0
2023-06-02 02:10:00,1168.0
2023-06-02 02:20:00,1163.0
2023-06-02 02:30:00,1128.0
2023-06-02 02:40:00,1104.0
2023-06-02 02:50:00,1104.0
2023-06-02 03:00:00,1114.0
2023-06-02 03:10:00,1095.0
2023-06-02 03:20:00,1105.0
2023-06-02 03:30:00,1093.0
2023-06-02 03:40:00,1097.0
2023-06-02 03:50:00,1101.0
2023-06-02 04:00:00,1111.0
2023-06-02 04:10:00,1104.0
2023-06-02 04:20:00,1105.0
2023-06-02 04:30:00,1111.0
2023-06-02 04:40:00,1100.0
2023-06-02 04:50:00,1094.0
2023-06-02 05:00:00,987.0
2023-06-02 05:10:00,1036.0
2023-06-02 05:20:00,1020.0
2023-06-02 05:30:00,989.0
2023-06-02 05:40:00,980.0
2023-06-02 05:50:00,987.0
2023-06-02 06:00:00,986.0
2023-06-02 06:10:00,1006.0
2023-06-02 06:20:00,1008.0
2023-06-02 06:30:00,1029.0
2023-06-02 06:40:00,1054.0
2023-06-02 06:50:00,1056.0
2023-06-02 07:00:00,1078.0
2023-06-02 07:10:00,1081.0
2023-06-02 07:20:00,1098.0
2023-06-02 07:30:00,1085.0
2023-06-02 07:40:00,1081.0
2023-06-02 07:50:00,1106.0
2023-06-02 08:00:00,1125.0
2023-06-02 08:10:00,1125.0
2023-06-02 08:20:00,1142.0
2023-06-02 08:30:00,1154.0
2023-06-02 08:40:00,1175.0
2023-06-02 08:50:00,1168.0
2023-06-02 09:00:00,1163.0
2023-06-02 09:10:00,1184.0
2023-06-02 09:20:00,1223.0
2023-06-02 09:30:00,1258.0
2023-06-02 09:40:00,1282.0
2023-06-02 09:50:00,1297.0
2023-06-02 10:00:00,1297.0
2023-06-02 10:10:00,1301.0
2023-06-02 10:20:00,1320.0
2023-06-02 10:30:00,1325.0
2023-06-02 10:40:00,1360.0
2023-06-02 10:50:00,1381.0
2023-06-02 11:00:00,1401.0
2023-06-02 11:10:00,1437.0
2023-06-02 11:20:00,1437.0
2023-06-02 11:30:00,1450.0
2023-06-02 11:40:00,1470.0
2023-06-02 11:50:00,1512.0
2023-06-02 12:00:00,1563.0
2023-06-02 12:10:00,1597.0
2023-06-02 12:20:00,1622.0
2023-06-02 12:30:00,1617.0
2023-06-02 12:40:00,1673.0
2023-06-02 12:50:00,1702.0
2023-06-02 13:00:00,1744.0
2023-06-02 13:10:00,1797.0
2023-06-02 13:20:00,1802.0
2023-06-02 13:30:00,1848.0
2023-06-02 13:40:00,1904.0
2023-06-02 13:50:00,1908.0
2023-06-02 14:00:00,1940.0
2023-06-02 14:10:00,1990.0
2023-06-02 14:20:00,2002.0
2023-06-02 14:30:00,2035.0
2023-06-02 14:40:00,2065.0
2023-06-02 14:50:00,2094.0
2023-06-02 15:00:00,2138.0
2023-06-02 15:10:00,2116.0
2023-06-02 15:20:00,2113.0
2023-06-02 15:30:00,2096.0
2023-06-02 15:40:00,2093.0
2023-06-02 15:50:00,2073.0
2023-06-02 16:00:00,2078.0
2023-06-02 16:10:00,2056.0
2023-06-02 16:20:00,2038.0
2023-06-02 16:30:00,2040.0
2023-06-02 16:40:00,2003.0
2023-06-02 16:50:00,1981.0
2023-06-02 17:00:00,1974.0
2023-06-02 17:10:00,1971.0
2023-06-02 17:20:00,1991.0
2023-06-02 17:30:00,2005.0
2023-06-02 17:40:00,1989.0
2023-06-02 17:50:00,1986.0
2023-06-02 18:00:00,1964.0
2023-06-02 18:10:00,2012.0
2023-06-02 18:20:00,2056.0
2023-06-02 18:30:00,2102.0
2023-06-02 18:40:00,2121.0
2023-06-02 18:50:00,2151.0
2023-06-02 19:00:00,2164.0
2023-06-02 19:10:00,2180.0
2023-06-02 19:20:00,2210.0
2023-06-02 19:30:00,2239.0
2023-06-02 19:40:00,2251.0
2023-06-02 19:50:00,2258.0
2023-06-02 20:00:00,2298.0
2023-06-02 20:10:00,2295.0
2023-06-02 20:20:00,2321.0
2023-06-02 20:30:00,2323.0
2023-06-02 20:40:00,2304.0
2023-06-02 20:50:00,2249.0
2023-06-02 21:00:00,2193.0
2023-06-02 21:10:00,2119.0
2023-06-02 21:20:00,2084.0
2023-06-02 21:30:00,2032.0
2023-06-02 21:40:00,1987.0
2023-06-02 21:50:00,1961.0
2023-06-02 22:00:00,1908.0
2023-06-02 22:10:00,1855.0
2023-06-02 22:20:00,1766.0
2023-06-02 22:30:00,1687.0
2023-06-02 22:40:00,1667.0
2023-06-02 22:50:00,1621.0
2023-06-02 23:00:00,1581.0
2023-06-02 23:10:00,1502.0
2023-06-02 23:20:00,1468.0
2023-06-02 23:30:00,1456.0
2023-06-02 23:40:00,1421.0
2023-06-02 23:50:00,1409.0
2023-06-03 00:00:00,1347.0
2023-06-03 00:10:00,1335.0
2023-06-03 00:20:00,1311.0
2023-06-03 00:30:00,1308.0
2023-06-03 00:40:00,1307.0
2023-06-03 00:50:00,1324.0
2023-06-03 01:00:00,1312.0
2023-06-03 01:10:00,1335.0
2023-06-03 01:20:00,1358.0
2023-06-03 01:30:00,1341.0
2023-06-03 01:40:00,1358.0
2023-06-03 01:50:00,1378.0
2023-06-03 02:00:00,1378.0
2023-06-03 02:10:00,1366.0
2023-06-03 02:20:00,1376.0
2023-06-03 02:30:00,1413.0
2023-06-03 02:40:00,1458.0
2023-06-03 02:50:00,1476.0
2023-06-03 03:00:00,1480.0
2023-06-03 03:10:00,1491.0
2023-06-03 03:20:00,1490.0
2023-06-03 03:30:00,1500.0
2023-06-03 03:40:00,1477.0
2023-06-03 03:50:00,1440.0
2023-06-03 04:00:00,1425.0
2023-06-03 04:10:00,1414.0
2023-06-03 04:20:00,1418.0
2023-06-03 04:30:00,1407.0
2023-06-03 04:40:00,1400.0
2023-06-03 04:50:00,1410.0
2023-06-03 05:00:00,1410.0
2023-06-03 05:10:00,1409.0
2023-06-03 05:20:00,1395.0
2023-06-03 05:30:00,1384.0
2023-06-03 05:40:00,1410.0
2023-06-03 05:50:00,1421.0
2023-06-03 06:00:00,1433.0
2023-06-03 06:10:00,1445.0
2023-06-03 06:20:00,1472.0
2023-06-03 06:30:00,1482.0
2023-06-03 06:40:00,1511.0
2023-06-03 06:50:00,1520.0
2023-06-03 07:00:00,1511.0
2023-06-03 07:10:00,1506.0
2023-06-03 07:20:00,1523.0
2023-06-03 07:30:00,1551.0
2023-06-03 07:40:00,1567.0
2023-06-03 07:50:00,1577.0
2023-06-03 08:00:00,1609.0
2023-06-03 08:10:00,1666.0
2023-06-03 08:20:00,1658.0
2023-06-03 08:30:00,1664.0
2023-06-03 08:40:00,1683.0
2023-06-03 08:50:00,1710.0
2023-06-03 09:00:00,1733.0
2023-06-03 09:10:00,1754.0
2023-06-03 09:20:00,1784.0
2023-06-03 09:30:00,1821.0
2023-06-03 09:40:00,1860.0
2023-06-03 09:50:00,1858.0
2023-06-03 10:00:00,1840.0
2023-06-03 10:10:00,1860.0
2023-06-03 10:20:00,1869.0
2023-06-03 10:30:00,1861.0
2023-06-03 10:40:00,1893.0
2023-06-03 10:50:00,1920.0
2023-06-03 11:00:00,1919.0
2023-06-03 11:10:00,1902.0
2023-06-03 11:20:00,1887.0
2023-06-03 11:30:00,1914.0
2023-06-03 11:40:00,1983.0
2023-06-03 11:50:00,2026.0
2023-06-03 12:00:00,2053.0
2023-06-03 12:10:00,2089.0
2023-06-03 12:20:00,2158.0
2023-06-03 12:30:00,2194.0
2023-06-03 12:40:00,2202.0
2023-06-03 12:50:00,2213.0
2023-06-03 13:00:00,2246.0
2023-06-03 13:10:00,2299.0
2023-06-03 13:20:00,2328.0
2023-06-03 13:30:00,2357.0
2023-06-03 13:40:00,2377.0
2023-06-03 13:50:00,2374.0
2023-06-03 14:00:00,2414.0
2023-06-03 14:10:00,2446.0
2023-06-03 14:20:00,2479.0
2023-06-03 14:30:00,2484.0
2023-06-03 14:40:00,2495.0
2023-06-03 14:50:00,2544.0
2023-06-03 15:00:00,2539.0
2023-06-03 15:10:00,2502.0
2023-06-03 15:20:00,2513.0
2023-06-03 15:30:00,2482.0
2023-06-03 15:40:00,2423.0
2023-06-03 15:50:00,2384.0
2023-06-03 16:00:00,2329.0
2023-06-03 16:10:00,2324.0
2023-06-03 16:20:00,2321.0
2023-06-03 16:30:00,2351.0
2023-06-03 16:40:00,2333.0
2023-06-03 16:50:00,2319.0
2023-06-03 17:00:00,2297.0
2023-06-03 17:10:00,2271.0
2023-06-03 17:20:00,2239.0
2023-06-03 17:30:00,2261.0
2023-06-03 17:40:00,2267.0
2023-06-03 17:50:00,2304.0
2023-06-03 18:00:00,2325.0
2023-06-03 18:10:00,2292.0
2023-06-03 18:20:00,2286.0
2023-06-03 18:30:00,2319.0
2023-06-03 18:40:00,2288.0
2023-06-03 18:50:00,2291.0
2023-06-03 19:00:00,2302.0
2023-06-03 19:10:00,2322.0
2023-06-03 19:20:00,2324.0
2023-06-03 19:30:00,2354.0
2023-06-03 19:40:00,2352.0
2023-06-03 19:50:00,2369.0
2023-06-03 20:00:00,2387.0
2023-06-03 20:10:00,2433.0
2023-06-03 20:20:00,2499.0
2023-06-03 20:30:00,2518.0
2023-06-03 20:40:00,2507.0
2023-06-03 20:50:00,2478.0
2023-06-03 21:00:00,2409.0
2023-06-03 21:10:00,2354.0
2023-06-03 21:20:00,2310.0
2023-06-03 21:30:00,2243.0
2023-06-03 21:40:00,2182.0
2023-06-03 21:50:00,2083.0
2023-06-03 22:00:00,2040.0
2023-06-03 22:10:00,2005.0
2023-06-03 22:20:00,1947.0
2023-06-03 22:30:00,1883.0
2023-06-03 22:40:00,1810.0
2023-06-03 22:50:00,1739.0
2023-06-03 23:00:00,1648.0
2023-06-03 23:10:00,1633.0
2023-06-03 23:20:00,1569.0
2023-06-03 23:30:00,1531.0
2023-06-03 23:40:00,1487.0
2023-06-03 23:50:00,1432.0
2023-06-04 00:00:00,1425.0
2023-06-04 00:10:00,1411.0
2023-06-04 00:20:00,1397.0
2023-06-04 00:30:00,1401.0
2023-06-04 00:40:00,1420.0
2023-06-04 00:50:00,1417.0
2023-06-04 01:00:00,1401.0
2023-06-04 01:10:00,1441.0
2023-06-04 01:20:00,1444.0
2023-06-04 01:30:00,1445.0
2023-06-04 01:40:00,1452.0
2023-06-04 01:50:00,1443.0
2023-06-04 02:00:00,1426.0
2023-06-04 02:10:00,1455.0
2023-06-04 02:20:00,1460.0
2023-06-04 02:30:00,1459.0
2023-06-04 02:40:00,1456.0
2023-06-04 02:50:00,1496.0
2023-06-04 03:00:00,1501.0
2023-06-04 03:10:00,1518.0
2023-06-04 03:20:00,1555.0
2023-06-04 03:30:00,1561.0
2023-06-04 03:40:00,1553.0
2023-06-04 03:50:00,1554.0
2023-06-04 04:00:00,1560.0
2023-06-04 04:10:00,1561.0
2023-06-04 04:20:00,1561.0
2023-06-04 04:30:00,1521.0
2023-06-04 04:40:00,1535.0
2023-06-04 04:50:00,1538.0
2023-06-04 05:00:00,1553.0
2023-06-04 05:10:00,1557.0
2023-06-04 05:20:00,1538.0
2023-06-04 05:30:00,1540.0
2023-06-04 05:40:00,1536.0
2023-06-04 05:50:00,1523.0
2023-06-04 06:00:00,1520.0
2023-06-04 06:10:00,1541.0
2023-06-04 06:20:00,1517.0
2023-06-04 06:30:00,1527.0
2023-06-04 06:40:00,1553.0
2023-06-04 06:50:00,1569.0
2023-06-04 07:00:00,1611.0
2023-06-04 07:10:00,1626.0
2023-06-04 07:20:00,1632.0
2023-06-04 07:30:00,1679.0
2023-06-04 07:40:00,1702.0
2023-06-04 07:50:00,1697.0
2023-06-04 08:00:00,1734.0
2023-06-04 08:10:00,1776.0
2023-06-04 08:20:00,1826.0
2023-06-04 08:30:00,1862.0
2023-06-04 08:40:00,1897.0
2023-06-04 08:50:00,1922.0
2023-06-04 09:00:00,1960.0
2023-06-04 09:10:00,1992.0
2023-06-04 09:20:00,1980.0
2023-06-04 09:30:00,1981.0
2023-06-04 09:40:00,1979.0
2023-06-04 09:50:00,2009.0
2023-06-04 10:00:00,2042.0
2023-06-04 10:10:00,2079.0
2023-06-04 10:20:00,2063.0
2023-06-04 10:30:00,2066.0
2023-06-04 10:40:00,2099.0
2023-06-04 10:50:00,2151.0
2023-06-04 11:00:00,2169.0
2023-06-04 11:10:00,2195.0
2023-06-04 11:20:00,2246.0
2023-06-04 11:30:00,2268.0
2023-06-04 11:40:00,2279.0
2023-06-04 11:50:00,2325.0
2023-06-04 12:00:00,2338.0
2023-06-04 12:10:00,2359.0
2023-06-04 12:20:00,2366.0
2023-06-04 12:30:00,2436.0
2023-06-04 12:40:00,2437.0
2023-06-04 12:50:00,2443.0
2023-06-04 13:00:00,2441.0
2023-06-04 13:10:00,2496.0
2023-06-04 13:20:00,2568.0
2023-06-04 13:30:00,2630.0
2023-06-04 13:40:00,2670.0
2023-06-04 13:50:00,2709.0
2023-06-04 14:00:00,2701.0
2023-06-04 14:10:00,2707.0
2023-06-04 14:20:00,2757.0
2023-06-04 14:30:00,2758.0
2023-06-04 14:40:00,2761.0
2023-06-04 14:50:00,2752.0
2023-06-04 15:00:00,2761.0
2023-06-04 15:10:00,2744.0
2023-06-04 15:20:00,2743.0
2023-06-04 15:30:00,2711.0
2023-06-04 15:40:00,2696.0
2023-06-04 15:50:00,2691.0
2023-06-04 16:00:00,2652.0
2023-06-04 16:10:00,2596.0
2023-06-04 16:20:00,2560.0
2023-06-04 16:30:00,2544.0
2023-06-04 16:40:00,2546.0
2023-06-04 16:50:00,2555.0
2023-06-04 17:00:00,2531.0
2023-06-04 17:10:00,2533.0
2023-06-04 17:20:00,2536.0
2023-06-04 17:30:00,2513.0
2023-06-04 17:40:00,2542.0
2023-06-04 17:50:00,2567.0
2023-06-04 18:00:00,2579.0
2023-06-04 18:10:00,2574.0
2023-06-04 18:20:00,2553.0
2023-06-04 18:30:00,2625.0
2023-06-04 18:40:00,2634.0
2023-06-04 18:50:00,2666.0
2023-06-04 19:00:00,2666.0
2023-06-04 19:10:00,2700.0
2023-06-04 19:20:00,2704.0
2023-06-04 19:30:00,2698.0
2023-06-04 19:40:00,2699.0
2023-06-04 19:50:00,2688.0
2023-06-04 20:00:00,2674.0
2023-06-04 20:10:00,2639.0
2023-06-04 20:20:00,2524.0
2023-06-04 20:30:00,2454.0
2023-06-04 20:40:00,2356.0
2023-06-04 20:50:00,2292.0
2023-06-04 21:00:00,2213.0
2023-06-04 21:10:00,2163.0
2023-06-04 21:20:00,2127.0
2023-06-04 21:30:00,2035.0
2023-06-04 21:40:00,1947.0
2023-06-04 21:50:00,1884.0
2023-06-04 22:00:00,1787.0
2023-06-04 22:10:00,1733.0
2023-06-04 22:20:00,1685.0
2023-06-04 22:30:00,1610.0
2023-06-04 22:40:00,1548.0
2023-06-04 22:50:00,1497.0
2023-06-04 23:00:00,1446.0
2023-06-04 23:10:00,1400.0
2023-06-04 23:20:00,1372.0
2023-06-04 23:30:00,1369.0
2023-06-04 23:40:00,1313.0
2023-06-04 23:50:00,1311.0
2023-06-05 00:00:00,1303.0
2023-06-05 00:10:00,1316.0
2023-06-05 00:20:00,1317.0
2023-06-05 00:30:00,1331.0
2023-06-05 00:40:00,1331.0
2023-06-05 00:50:00,1314.0
2023-06-05 01:00:00,1305.0
2023-06-05 01:10:00,1293.0
2023-06-05 01:20:00,1287.0
2023-06-05 01:30:00,1295.0
2023-06-05 01:40:00,1270.0
2023-06-05 01:50:00,1275.0
2023-06-05 02:00:00,1278.0
2023-06-05 02:10:00,1262.0
2023-06-05 02:20:00,1254.0
2023-06-05 02:30:00,1243.0
2023-06-05 02:40:00,1229.0
2023-06-05 02:50:00,1218.0
2023-06-05 03:00:00,1189.0
2023-06-05 03:10:00,1180.0
2023-06-05 03:20:00,1180.0
2023-06-05 03:30:00,1182.0
2023-06-05 03:40:00,1148.0
2023-06-05 03:50:00,1131.0
2023-06-05 04:00:00,1105.0
2023-06-05 04:10:00,1080.0
2023-06-05 04:20:00,1078.0
2023-06-05 04:30:00,1095.0
2023-06-05 04:40:00,1074.0
2023-06-05 04:50:00,1078.0
2023-06-05 05:00:00,1059.0
2023-06-05 05:10:00,1040.0
2023-06-05 05:20:00,1036.0
2023-06-05 05:30:00,1022.0
2023-06-05 05:40:00,1011.0
2023-06-05 05:50:00,994.0
2023-06-05 06:00:00,951.0
2023-06-05 06:10:00,962.0
2023-06-05 06:20:00,950.0
2023-06-05 06:30:00,967.0
2023-06-05 06:40:00,965.0
2023-06-05 06:50:00,988.0
2023-06-05 07:00:00,1020.0
2023-06-05 07:10:00,1023.0
2023-06-05 07:20:00,1002.0
2023-06-05 07:30:00,1014.0
2023-06-05 07:40:00,1024.0
2023-06-05 07:50:00,1026.0
2023-06-05 08:00:00,1026.0
2023-06-05 08:10:00,1053.0
2023-06-05 08:20:00,1075.0
2023-06-05 08:30:00,1107.0
2023-06-05 08:40:00,1137.0
2023-06-05 08:50:00,1141.0
2023-06-05 09:00:00,1148.0
2023-06-05 09:10:00,1164.0
2023-06-05 09:20:00,1191.0
2023-06-05 09:30:00,1198.0
2023-06-05 09:40:00,1214.0
2023-06-05 09:50:00,1226.0
2023-06-05 10:00:00,1245.0
2023-06-05 10:10:00,1255.0
2023-06-05 10:20:00,1271.0
2023-06-05 10:30:00,1296.0
2023-06-05 10:40:00,1301.0
2023-06-05 10:50:00,1312.0
2023-06-05 11:00:00,1321.0
2023-06-05 11:10:00,1359.0
2023-06-05 11:20:00,1396.0
2023-06-05 11:30:00,1457.0
2023-06-05 11:40:00,1479.0
2023-06-05 11:50:00,1485.0
2023-06-05 12:00:00,1505.0
2023-06-05 12:10:00,1529.0
2023-06-05 12:20:00,1560.0
2023-06-05 12:30:00,1602.0
2023-06-05 12:40:00,1660.0
2023-06-05 12:50:00,1693.0
2023-06-05 13:00:00,1721.0
2023-06-05 13:10:00,1738.0
2023-06-05 13:20:00,1766.0
2023-06-05 13:30:00,1808.0
2023-06-05 13:40:00,1825.0
2023-06-05 13:50:00,1826.0
2023-06-05 14:00:00,1855.0
2023-06-05 14:10:00,1871.0
2023-06-05 14:20:00,1878.0
2023-06-05 14:30:00,1891.0
2023-06-05 14:40:00,1951.0
2023-06-05 14:50:00,1948.0
2023-06-05 15:00:00,1918.0
2023-06-05 15:10:00,1942.0
2023-06-05 15:20:00,1969.0
2023-06-05 15:30:00,1968.0
2023-06-05 15:40:00,1945.0
2023-06-05 15:50:00,1955.0
2023-06-05 16:00:00,1924.0
2023-06-05 16:10:00,1924.0
2023-06-05 16:20:00,1921.0
2023-06-05 16:30:00,1933.0
2023-06-05 16:40:00,1951.0
2023-06-05 16:50:00,1921.0
2023-06-05 17:00:00,1959.0
2023-06-05 17:10:00,1991.0
2023-06-05 17:20:00,2019.0
2023-06-05 17:30:00,2047.0
2023-06-05 17:40:00,2069.0
2023-06-05 17:50:00,2082.0
2023-06-05 18:00:00,2115.0
2023-06-05 18:10:00,2153.0
2023-06-05 18:20:00,2179.0
2023-06-05 18:30:00,2197.0
2023-06-05 18:40:00,2223.0
2023-06-05 18:50:00,2247.0
2023-06-05 19:00:00,2248.0
2023-06-05 19:10:00,2263.0
2023-06-05 19:20:00,2321.0
2023-06-05 19:30:00,2302.0
2023-06-05 19:40:00,2298.0
2023-06-05 19:50:00,2280.0
2023-06-05 20:00:00,2243.0
2023-06-05 20:10:00,2192.0
2023-06-05 20:20:00,2103.0
2023-06-05 20:30:00,2033.0
2023-06-05 20:40:00,2007.0
2023-06-05 20:50:00,1970.0
2023-06-05 21:00:00,1908.0
2023-06-05 21:10:00,1814.0
2023-06-05 21:20:00,1759.0
2023-06-05 21:30:00,1681.0
2023-06-05 21:40:00,1641.0
2023-06-05 21:50:00,1591.0
2023-06-05 22:00:00,1517.0
2023-06-05 22:10:00,1434.0
2023-06-05 22:20:00,1374.0
2023-06-05 22:30:00,1327.0
2023-06-05 22:40:00,1259.0
2023-06-05 22:50:00,1233.0
2023-06-05 23:00:00,1177.0
2023-06-05 23:10:00,1147.0
2023-06-05 23:20:00,1134.0
2023-06-05 23:30:00,1102.0
2023-06-05 23:40:00,1099.0
2023-06-05 23:50:00,1094.0
2023-06-06 00:00:00,1067.0
2023-06-06 00:10:00,1082.0
2023-06-06 00:20:00,1074.0
2023-06-06 00:30:00,1063.0
2023-06-06 00:40:00,1072.0
2023-06-06 00:50:00,1101.0
2023-06-06 01:00:00,1101.0
2023-06-06 01:10:00,1114.0
2023-06-06 01:20:00,1137.0
2023-06-06 01:30:00,1157.0
2023-06-06 01:40:00,1178.0
2023-06-06 01:50:00,1158.0
2023-06-06 02:00:00,1150.0
2023-06-06 02:10:00,1119.0
2023-06-06 02:20:00,1083.0
2023-06-06 02:30:00,1091.0
2023-06-06 02:40:00,1099.0
2023-06-06 02:50:00,1099.0
2023-06-06 03:00:00,1079.0
2023-06-06 03:10:00,1060.0
2023-06-06 03:20:00,1042.0
2023-06-06 03:30:00,1021.0
2023-06-06 03:40:00,1011.0
2023-06-06 03:50:00,1016.0
2023-06-06 04:00:00,1009.0
2023-06-06 04:10:00,997.0
2023-06-06 04:20:00,971.0
2023-06-06 04:30:00,981.0
2023-06-06 04:40:00,977.0
2023-06-06 04:50:00,974.0
2023-06-06 05:00:00,980.0
2023-06-06 05:10:00,944.0
2023-06-06 05:20:00,945.0
2023-06-06 05:30:00,944.0
2023-06-06 05:40:00,963.0
2023-06-06 05:50:00,943.0
2023-06-06 06:00:00,921.0
2023-06-06 06:10:00,922.0
2023-06-06 06:20:00,892.0
2023-06-06 06:30:00,906.0
2023-06-06 06:40:00,928.0
2023-06-06 06:50:00,924.0
2023-06-06 07:00:00,966.0
2023-06-06 07:10:00,983.0
2023-06-06 07:20:00,1011.0
2023-06-06 07:30:00,1033.0
2023-06-06 07:40:00,1029.0
2023-06-06 07:50:00,1040.0
2023-06-06 08:00:00,1045.0
2023-06-06 08:10:00,1086.0
2023-06-06 08:20:00,1074.0
2023-06-06 08:30:00,1114.0
2023-06-06 08:40:00,1136.0
2023-06-06 08:50:00,1151.0
2023-06-06 09:00:00,1155.0
2023-06-06 09:10:00,1151.0
2023-06-06 09:20:00,1170.0
2023-06-06 09:30:00,1172.0
2023-06-06 09:40:00,1185.0
2023-06-06 09:50:00,1208.0
2023-06-06 10:00:00,1222.0
2023-06-06 10:10:00,1236.0
2023-06-06 10:20:00,1252.0
2023-06-06 10:30:00,1262.0
2023-06-06 10:40:00,1289.0
2023-06-06 10:50:00,1283.0
2023-06-06 11:00:00,1283.0
2023-06-06 11:10:00,1321.0
2023-06-06 11:20:00,1351.0
2023-06-06 11:30:00,1377.0
2023-06-06 11:40:00,1429.0
2023-06-06 11:50:00,1451.0
2023-06-06 12:00:00,1470.0
2023-06-06 12:10:00,1520.0
2023-06-06 12:20:00,1530.0
2023-06-06 12:30:00,1566.0
2023-06-06 12:40:00,1597.0
2023-06-06 12:50:00,1632.0
2023-06-06 13:00:00,1642.0
2023-06-06 13:10:00,1646.0
2023-06-06 13:20:00,1683.0
2023-06-06 13:30:00,1709.0
2023-06-06 13:40:00,1726.0
2023-06-06 13:50:00,1730.0
2023-06-06 14:00:00,1778.0
2023-06-06 14:10:00,1810.0
2023-06-06 14:20:00,1814.0
2023-06-06 14:30:00,1837.0
2023-06-06 14:40:00,1859.0
2023-06-06 14:50:00,1866.0
2023-06-06 15:00:00,1847.0
2023-06-06 15:10:00,1843.0
2023-06-06 15:20:00,1844.0
2023-06-06 15:30:00,1825.0
2023-06-06 15:40:00,1824.0
2023-06-06 15:50:00,1836.0
2023-06-06 16:00:00,1846.0
2023-06-06 16:10:00,1843.0
2023-06-06 16:20:00,1832.0
2023-06-06 16:30:00,1815.0
2023-06-06 16:40:00,1775.0
2023-06-06 16:50:00,1754.0
2023-06-06 17:00:00,1737.0
2023-06-06 17:10:00,1746.0
2023-06-06 17:20:00,1768.0
2023-06-06 17:30:00,1789.0
2023-06-06 17:40:00,1804.0
2023-06-06 17:50:00,1843.0
2023-06-06 18:00:00,1870.0
2023-06-06 18:10:00,1942.0
2023-06-06 18:20:00,2006.0
2023-06-06 18:30:00,2035.0
2023-06-06 18:40:00,2110.0
2023-06-06 18:50:00,2155.0
2023-06-06 19:00:00,2207.0
2023-06-06 19:10:00,2234.0
2023-06-06 19:20:00,2238.0
2023-06-06 19:30:00,2240.0
2023-06-06 19:40:00,2210.0
2023-06-06 19:50:00,2163.0
2023-06-06 20:00:00,2160.0
2023-06-06 20:10:00,2138.0
2023-06-06 20:20:00,2206.0
2023-06-06 20:30:00,2248.0
2023-06-06 20:40:00,2204.0
2023-06-06 20:50:00,2185.0
2023-06-06 21:00:00,2154.0
2023-06-06 21:10:00,2079.0
2023-06-06 21:20:00,2004.0
2023-06-06 21:30:00,1891.0
2023-06-06 21:40:00,1834.0
2023-06-06 21:50:00,1742.0
2023-06-06 22:00:00,1619.0
2023-06-06 22:10:00,1368.0
2023-06-06 22:20:00,1426.0
2023-06-06 22:30:00,1378.0
2023-06-06 22:40:00,1355.0
2023-06-06 22:50:00,1298.0
2023-06-06 23:00:00,1261.0
2023-06-06 23:10:00,1205.0
2023-06-06 23:20:00,1199.0
2023-06-06 23:30:00,1196.0
2023-06-06 23:40:00,1193.0
2023-06-06 23:50:00,1164.0
2023-06-07 00:00:00,1150.0
2023-06-07 00:10:00,1146.0
2023-06-07 00:20:00,1158.0
2023-06-07 00:30:00,1185.0
2023-06-07 00:40:00,1189.0
2023-06-07 00:50:00,1183.0
2023-06-07 01:00:00,1185.0
2023-06-07 01:10:00,1197.0
2023-06-07 01:20:00,1221.0
2023-06-07 01:30:00,1214.0
2023-06-07 01:40:00,1210.0
2023-06-07 01:50:00,1238.0
2023-06-07 02:00:00,1226.0
2023-06-07 02:10:00,1232.0
2023-06-07 02:20:00,1258.0
2023-06-07 02:30:00,1248.0
2023-06-07 02:40:00,1254.0
2023-06-07 02:50:00,1229.0
2023-06-07 03:00:00,1235.0
2023-06-07 03:10:00,1220.0
2023-06-07 03:20:00,1196.0
2023-06-07 03:30:00,1180.0
2023-06-07 03:40:00,1206.0
2023-06-07 03:50:00,1187.0
2023-06-07 04:00:00,1158.0
2023-06-07 04:10:00,1152.0
2023-06-07 04:20:00,1117.0
2023-06-07 04:30:00,1114.0
2023-06-07 04:40:00,1082.0
2023-06-07 04:50:00,1077.0
2023-06-07 05:00:00,1087.0
2023-06-07 05:10:00,1049.0
2023-06-07 05:20:00,1040.0
2023-06-07 05:30:00,1006.0
2023-06-07 05:40:00,981.0
2023-06-07 05:50:00,983.0
2023-06-07 06:00:00,965.0
2023-06-07 06:10:00,944.0
2023-06-07 06:20:00,966.0
2023-06-07 06:30:00,970.0
2023-06-07 06:40:00,980.0
2023-06-07 06:50:00,1009.0
2023-06-07 07:00:00,1021.0
2023-06-07 07:10:00,1036.0
2023-06-07 07:20:00,1057.0
2023-06-07 07:30:00,1066.0
2023-06-07 07:40:00,1092.0
2023-06-07 07:50:00,1090.0
2023-06-07 08:00:00,1102.0
2023-06-07 08:10:00,1115.0
2023-06-07 08:20:00,1137.0
2023-06-07 08:30:00,1163.0
2023-06-07 08:40:00,1184.0
2023-06-07 08:50:00,1184.0
2023-06-07 09:00:00,1186.0
2023-06-07 09:10:00,1216.0
2023-06-07 09:20:00,1236.0
2023-06-07 09:30:00,1272.0
2023-06-07 09:40:00,1298.0
2023-06-07 09:50:00,1298.0
2023-06-07 10:00:00,1316.0
2023-06-07 10:10:00,1312.0
2023-06-07 10:20:00,1318.0
2023-06-07 10:30:00,1332.0
2023-06-07 10:40:00,1341.0
2023-06-07 10:50:00,1340.0
2023-06-07 11:00:00,1349.0
2023-06-07 11:10:00,1378.0
2023-06-07 11:20:00,1423.0
2023-06-07 11:30:00,1460.0
2023-06-07 11:40:00,1524.0
2023-06-07 11:50:00,1530.0
2023-06-07 12:00:00,1576.0
2023-06-07 12:10:00,1586.0
2023-06-07 12:20:00,1641.0
2023-06-07 12:30:00,1667.0
2023-06-07 12:40:00,1719.0
2023-06-07 12:50:00,1754.0
2023-06-07 13:00:00,1773.0
2023-06-07 13:10:00,1784.0
2023-06-07 13:20:00,1820.0
2023-06-07 13:30:00,1819.0
2023-06-07 13:40:00,1851.0
2023-06-07 13:50:00,1920.0
2023-06-07 14:00:00,1970.0
2023-06-07 14:10:00,2013.0
2023-06-07 14:20:00,2058.0
2023-06-07 14:30:00,2061.0
2023-06-07 14:40:00,2089.0
2023-06-07 14:50:00,2098.0
2023-06-07 15:00:00,2096.0
2023-06-07 15:10:00,2064.0
2023-06-07 15:20:00,2075.0
2023-06-07 15:30:00,2079.0
2023-06-07 15:40:00,2045.0
2023-06-07 15:50:00,2012.0
2023-06-07 16:00:00,1972.0
2023-06-07 16:10:00,1959.0
2023-06-07 16:20:00,1943.0
2023-06-07 16:30:00,1893.0
2023-06-07 16:40:00,1893.0
2023-06-07 16:50:00,1866.0
2023-06-07 17:00:00,1854.0
2023-06-07 17:10:00,1864.0
2023-06-07 17:20:00,1846.0
2023-06-07 17:30:00,1889.0
2023-06-07 17:40:00,1898.0
2023-06-07 17:50:00,1925.0
2023-06-07 18:00:00,1983.0
2023-06-07 18:10:00,2001.0
2023-06-07 18:20:00,2032.0
2023-06-07 18:30:00,2075.0
2023-06-07 18:40:00,2158.0
2023-06-07 18:50:00,2191.0
2023-06-07 19:00:00,2230.0
2023-06-07 19:10:00,2267.0
2023-06-07 19:20:00,2297.0
2023-06-07 19:30:00,2310.0
2023-06-07 19:40:00,2369.0
2023-06-07 19:50:00,2401.0
2023-06-07 20:00:00,2403.0
2023-06-07 20:10:00,2398.0
2023-06-07 20:20:00,2378.0
2023-06-07 20:30:00,2363.0
2023-06-07 20:40:00,2314.0
2023-06-07 20:50:00,2242.0
2023-06-07 21:00:00,2139.0
2023-06-07 21:10:00,2091.0
2023-06-07 21:20:00,2042.0
2023-06-07 21:30:00,1998.0
2023-06-07 21:40:00,1935.0
2023-06-07 21:50:00,1835.0
2023-06-07 22:00:00,1777.0
2023-06-07 22:10:00,1679.0
2023-06-07 22:20:00,1595.0
2023-06-07 22:30:00,1542.0
2023-06-07 22:40:00,1492.0
2023-06-07 22:50:00,1444.0
2023-06-07 23:00:00,1408.0
2023-06-07 23:10:00,1351.0
2023-06-07 23:20:00,1327.0
2023-06-07 23:30:00,1312.0
2023-06-07 23:40:00,1257.0
2023-06-07 23:50:00,1247.0
2023-06-08 00:00:00,1226.0
2023-06-08 00:10:00,1213.0
2023-06-08 00:20:00,1208.0
2023-06-08 00:30:00,1198.0
2023-06-08 00:40:00,1204.0
2023-06-08 00:50:00,1219.0
2023-06-08 01:00:00,1231.0
2023-06-08 01:10:00,1220.0
2023-06-08 01:20:00,1195.0
2023-06-08 01:30:00,1201.0
2023-06-08 01:40:00,1211.0
2023-06-08 01:50:00,1193.0
2023-06-08 02:00:00,1192.0
2023-06-08 02:10:00,1200.0
2023-06-08 02:20:00,1189.0
2023-06-08 02:30:00,1176.0
2023-06-08 02:40:00,1189.0
2023-06-08 02:50:00,1192.0
2023-06-08 03:00:00,1184.0
2023-06-08 03:10:00,1212.0
2023-06-08 03:20:00,1230.0
2023-06-08 03:30:00,1241.0
2023-06-08 03:40:00,1226.0
2023-06-08 03:50:00,1222.0
2023-06-08 04:00:00,1206.0
2023-06-08 04:10:00,1186.0
2023-06-08 04:20:00,1169.0
2023-06-08 04:30:00,1154.0
2023-06-08 04:40:00,1168.0
2023-06-08 04:50:00,1164.0
2023-06-08 05:00:00,1187.0
2023-06-08 05:10:00,1182.0
2023-06-08 05:20:00,1163.0
2023-06-08 05:30:00,1153.0
2023-06-08 05:40:00,1156.0
2023-06-08 05:50:00,1130.0
2023-06-08 06:00:00,1094.0
2023-06-08 06:10:00,1076.0
2023-06-08 06:20:00,1069.0
2023-06-08 06:30:00,1071.0
2023-06-08 06:40:00,1051.0
2023-06-08 06:50:00,1100.0
2023-06-08 07:00:00,1092.0
2023-06-08 07:10:00,1123.0
2023-06-08 07:20:00,1141.0
2023-06-08 07:30:00,1169.0
2023-06-08 07:40:00,1188.0
2023-06-08 07:50:00,1212.0
2023-06-08 08:00:00,1234.0
2023-06-08 08:10:00,1259.0
2023-06-08 08:20:00,1291.0
2023-06-08 08:30:00,1321.0
2023-06-08 08:40:00,1358.0
2023-06-08 08:50:00,1393.0
2023-06-08 09:00:00,1390.0
2023-06-08 09:10:00,1423.0
2023-06-08 09:20:00,1441.0
2023-06-08 09:30:00,1438.0
2023-06-08 09:40:00,1442.0
2023-06-08 09:50:00,1463.0
2023-06-08 10:00:00,1478.0
2023-06-08 10:10:00,1498.0
2023-06-08 10:20:00,1516.0
2023-06-08 10:30:00,1537.0
2023-06-08 10:40:00,1546.0
2023-06-08 10:50:00,1552.0
2023-06-08 11:00:00,1580.0
2023-06-08 11:10:00,1599.0
2023-06-08 11:20:00,1641.0
2023-06-08 11:30:00,1676.0
2023-06-08 11:40:00,1699.0
2023-06-08 11:50:00,1745.0
2023-06-08 12:00:00,1767.0
2023-06-08 12:10:00,1773.0
2023-06-08 12:20:00,1810.0
2023-06-08 12:30:00,1835.0
2023-06-08 12:40:00,1873.0
2023-06-08 12:50:00,1911.0
2023-06-08 13:00:00,1920.0
2023-06-08 13:10:00,1933.0
2023-06-08 13:20:00,1986.0
2023-06-08 13:30:00,1995.0
2023-06-08 13:40:00,2031.0
2023-06-08 13:50:00,2048.0
2023-06-08 14:00:00,2050.0
2023-06-08 14:10:00,2080.0
2023-06-08 14:20:00,2086.0
2023-06-08 14:30:00,2103.0
2023-06-08 14:40:00,2141.0
2023-06-08 14:50:00,2180.0
2023-06-08 15:00:00,2189.0
2023-06-08 15:10:00,2197.0
2023-06-08 15:20:00,2201.0
2023-06-08 15:30:00,2181.0
2023-06-08 15:40:00,2178.0
2023-06-08 15:50:00,2199.0
2023-06-08 16:00:00,2202.0
2023-06-08 16:10:00,2192.0
2023-06-08 16:20:00,2175.0
2023-06-08 16:30:00,2136.0
2023-06-08 16:40:00,2107.0
2023-06-08 16:50:00,2080.0
2023-06-08 17:00:00,2078.0
2023-06-08 17:10:00,2090.0
2023-06-08 17:20:00,2068.0
2023-06-08 17:30:00,2085.0
2023-06-08 17:40:00,2105.0
2023-06-08 17:50:00,2137.0
2023-06-08 18:00:00,2136.0
2023-06-08 18:10:00,2151.0
2023-06-08 18:20:00,2169.0
2023-06-08 18:30:00,2195.0
2023-06-08 18:40:00,2195.0
2023-06-08 18:50:00,2210.0
2023-06-08 19:00:00,2264.0
2023-06-08 19:10:00,2313.0
2023-06-08 19:20:00,2324.0
2023-06-08 19:30:00,2396.0
2023-06-08 19:40:00,2373.0
2023-06-08 19:50:00,2384.0
2023-06-08 20:00:00,2382.0
2023-06-08 20:10:00,2385.0
2023-06-08 20:20:00,2361.0
2023-06-08 20:30:00,2333.0
2023-06-08 20:40:00,2322.0
2023-06-08 20:50:00,2279.0
2023-06-08 21:00:00,2248.0
2023-06-08 21:10:00,2190.0
2023-06-08 21:20:00,2143.0
2023-06-08 21:30:00,2025.0
2023-06-08 21:40:00,1966.0
2023-06-08 21:50:00,1873.0
2023-06-08 22:00:00,1831.0
2023-06-08 22:10:00,1747.0
2023-06-08 22:20:00,1668.0
2023-06-08 22:30:00,1592.0
2023-06-08 22:40:00,1573.0
2023-06-08 22:50:00,1494.0
2023-06-08 23:00:00,1419.0
2023-06-08 23:10:00,1356.0
2023-06-08 23:20:00,1320.0
2023-06-08 23:30:00,1309.0
2023-06-08 23:40:00,1274.0
2023-06-08 23:50:00,1268.0
2023-06-09 00:00:00,1230.0
2023-06-09 00:10:00,1214.0
2023-06-09 00:20:00,1220.0
2023-06-09 00:30:00,1215.0
2023-06-09 00:40:00,1207.0
2023-06-09 00:50:00,1203.0
2023-06-09 01:00:00,1199.0
2023-06-09 01:10:00,1210.0
2023-06-09 01:20:00,1200.0
2023-06-09 01:30:00,1205.0
2023-06-09 01:40:00,1201.0
2023-06-09 01:50:00,1208.0
2023-06-09 02:00:00,1195.0
2023-06-09 02:10:00,1189.0
2023-06-09 02:20:00,1207.0
2023-06-09 02:30:00,1216.0
2023-06-09 02:40:00,1225.0
2023-06-09 02:50:00,1246.0
2023-06-09 03:00:00,1209.0
2023-06-09 03:10:00,1199.0
2023-06-09 03:20:00,1159.0
2023-06-09 03:30:00,1141.0
2023-06-09 03:40:00,1148.0
2023-06-09 03:50:00,1132.0
2023-06-09 04:00:00,1122.0
2023-06-09 04:10:00,1110.0
2023-06-09 04:20:00,1102.0
2023-06-09 04:30:00,1081.0
2023-06-09 04:40:00,1089.0
2023-06-09 04:50:00,1096.0
2023-06-09 05:00:00,1073.0
2023-06-09 05:10:00,1054.0
2023-06-09 05:20:00,1045.0
2023-06-09 05:30:00,1043.0
2023-06-09 05:40:00,1019.0
2023-06-09 05:50:00,1013.0
2023-06-09 06:00:00,1038.0
2023-06-09 06:10:00,1062.0
2023-06-09 06:20:00,1032.0
2023-06-09 06:30:00,1039.0
2023-06-09 06:40:00,1032.0
2023-06-09 06:50:00,1040.0
2023-06-09 07:00:00,1062.0
2023-06-09 07:10:00,1063.0
2023-06-09 07:20:00,1071.0
2023-06-09 07:30:00,1103.0
2023-06-09 07:40:00,1126.0
2023-06-09 07:50:00,1146.0
2023-06-09 08:00:00,1166.0
2023-06-09 08:10:00,1168.0
2023-06-09 08:20:00,1196.0
2023-06-09 08:30:00,1208.0
2023-06-09 08:40:00,1227.0
2023-06-09 08:50:00,1243.0
2023-06-09 09:00:00,1267.0
2023-06-09 09:10:00,1310.0
2023-06-09 09:20:00,1315.0
2023-06-09 09:30:00,1357.0
2023-06-09 09:40:00,1402.0
2023-06-09 09:50:00,1393.0
2023-06-09 10:00:00,1388.0
2023-06-09 10:10:00,1375.0
2023-06-09 10:20:00,1378.0
2023-06-09 10:30:00,1396.0
2023-06-09 10:40:00,1402.0
2023-06-09 10:50:00,1410.0
2023-06-09 11:00:00,1444.0
2023-06-09 11:10:00,1508.0
2023-06-09 11:20:00,1559.0
2023-06-09 11:30:00,1606.0
2023-06-09 11:40:00,1595.0
2023-06-09 11:50:00,1611.0
2023-06-09 12:00:00,1666.0
2023-06-09 12:10:00,1687.0
2023-06-09 12:20:00,1740.0
2023-06-09 12:30:00,1777.0
2023-06-09 12:40:00,1798.0
2023-06-09 12:50:00,1835.0
2023-06-09 13:00:00,1914.0
2023-06-09 13:10:00,1913.0
2023-06-09 13:20:00,1955.0
2023-06-09 13:30:00,2008.0
2023-06-09 13:40:00,2040.0
2023-06-09 13:50:00,2072.0
2023-06-09 14:00:00,2077.0
2023-06-09 14:10:00,2092.0
2023-06-09 14:20:00,2116.0
2023-06-09 14:30:00,2150.0
2023-06-09 14:40:00,2194.0
2023-06-09 14:50:00,2207.0
2023-06-09 15:00:00,2219.0
2023-06-09 15:10:00,2221.0
2023-06-09 15:20:00,2262.0
2023-06-09 15:30:00,2288.0
2023-06-09 15:40:00,2290.0
2023-06-09 15:50:00,2306.0
2023-06-09 16:00:00,2262.0
2023-06-09 16:10:00,2255.0
2023-06-09 16:20:00,2190.0
2023-06-09 16:30:00,2187.0
2023-06-09 16:40:00,2155.0
2023-06-09 16:50:00,2173.0
2023-06-09 17:00:00,2117.0
2023-06-09 17:10:00,2070.0
2023-06-09 17:20:00,2078.0
2023-06-09 17:30:00,2050.0
2023-06-09 17:40:00,2075.0
2023-06-09 17:50:00,2125.0
2023-06-09 18:00:00,2120.0
2023-06-09 18:10:00,2138.0
2023-06-09 18:20:00,2209.0
2023-06-09 18:30:00,2237.0
2023-06-09 18:40:00,2258.0
2023-06-09 18:50:00,2290.0
2023-06-09 19:00:00,2266.0
2023-06-09 19:10:00,2337.0
2023-06-09 19:20:00,2375.0
2023-06-09 19:30:00,2351.0
2023-06-09 19:40:00,2348.0
2023-06-09 19:50:00,2371.0
2023-06-09 20:00:00,2355.0
2023-06-09 20:10:00,2338.0
2023-06-09 20:20:00,2353.0
2023-06-09 20:30:00,2370.0
2023-06-09 20:40:00,2330.0
2023-06-09 20:50:00,2294.0
2023-06-09 21:00:00,2312.0
2023-06-09 21:10:00,2268.0
2023-06-09 21:20:00,2186.0
2023-06-09 21:30:00,2133.0
2023-06-09 21:40:00,2078.0
2023-06-09 21:50:00,1975.0
2023-06-09 22:00:00,1902.0
2023-06-09 22:10:00,1882.0
2023-06-09 22:20:00,1810.0
2023-06-09 22:30:00,1778.0
2023-06-09 22:40:00,1697.0
2023-06-09 22:50:00,1602.0
2023-06-09 23:00:00,1583.0
2023-06-09 23:10:00,1520.0
2023-06-09 23:20:00,1481.0
2023-06-09 23:30:00,1441.0
2023-06-09 23:40:00,1406.0
2023-06-09 23:50:00,1370.0
2023-06-10 00:00:00,1319.0
2023-06-10 00:10:00,1292.0
2023-06-10 00:20:00,1307.0
2023-06-10 00:30:00,1321.0
2023-06-10 00:40:00,1348.0
2023-06-10 00:50:00,1358.0
2023-06-10 01:00:00,1356.0
2023-06-10 01:10:00,1340.0
2023-06-10 01:20:00,1367.0
2023-06-10 01:30:00,1382.0
2023-06-10 01:40:00,1405.0
2023-06-10 01:50:00,1407.0
2023-06-10 02:00:00,1418.0
2023-06-10 02:10:00,1416.0
2023-06-10 02:20:00,1434.0
2023-06-10 02:30:00,1445.0
2023-06-10 02:40:00,1475.0
2023-06-10 02:50:00,1509.0
2023-06-10 03:00:00,1500.0
2023-06-10 03:10:00,1528.0
2023-06-10 03:20:00,1511.0
2023-06-10 03:30:00,1486.0
2023-06-10 03:40:00,1482.0
2023-06-10 03:50:00,1472.0
2023-06-10 04:00:00,1479.0
2023-06-10 04:10:00,1478.0
2023-06-10 04:20:00,1447.0
2023-06-10 04:30:00,1461.0
2023-06-10 04:40:00,1445.0
2023-06-10 04:50:00,1453.0
2023-06-10 05:00:00,1437.0
2023-06-10 05:10:00,1430.0
2023-06-10 05:20:00,1413.0
2023-06-10 05:30:00,1427.0
2023-06-10 05:40:00,1427.0
2023-06-10 05:50:00,1403.0
2023-06-10 06:00:00,1398.0
2023-06-10 06:10:00,1417.0
2023-06-10 06:20:00,1420.0
2023-06-10 06:30:00,1405.0
2023-06-10 06:40:00,1437.0
2023-06-10 06:50:00,1476.0
2023-06-10 07:00:00,1466.0
2023-06-10 07:10:00,1461.0
2023-06-10 07:20:00,1484.0
2023-06-10 07:30:00,1512.0
2023-06-10 07:40:00,1533.0
2023-06-10 07:50:00,1550.0
2023-06-10 08:00:00,1593.0
2023-06-10 08:10:00,1623.0
2023-06-10 08:20:00,1694.0
2023-06-10 08:30:00,1723.0
2023-06-10 08:40:00,1740.0
2023-06-10 08:50:00,1756.0
2023-06-10 09:00:00,1784.0
2023-06-10 09:10:00,1791.0
2023-06-10 09:20:00,1804.0
2023-06-10 09:30:00,1805.0
2023-06-10 09:40:00,1802.0
2023-06-10 09:50:00,1804.0
2023-06-10 10:00:00,1835.0
2023-06-10 10:10:00,1830.0
2023-06-10 10:20:00,1859.0
2023-06-10 10:30:00,1854.0
2023-06-10 10:40:00,1917.0
2023-06-10 10:50:00,1936.0
2023-06-10 11:00:00,1956.0
2023-06-10 11:10:00,1953.0
2023-06-10 11:20:00,1952.0
2023-06-10 11:30:00,2041.0
2023-06-10 11:40:00,2075.0
2023-06-10 11:50:00,2117.0
2023-06-10 12:00:00,2159.0
2023-06-10 12:10:00,2184.0
2023-06-10 12:20:00,2236.0
2023-06-10 12:30:00,2236.0
2023-06-10 12:40:00,2273.0
2023-06-10 12:50:00,2361.0
2023-06-10 13:00:00,2366.0
2023-06-10 13:10:00,2410.0
2023-06-10 13:20:00,2448.0
2023-06-10 13:30:00,2456.0
2023-06-10 13:40:00,2500.0
2023-06-10 13:50:00,2527.0
2023-06-10 14:00:00,2554.0
2023-06-10 14:10:00,2583.0
2023-06-10 14:20:00,2594.0
2023-06-10 14:30:00,2597.0
2023-06-10 14:40:00,2606.0
2023-06-10 14:50:00,2628.0
2023-06-10 15:00:00,2650.0
2023-06-10 15:10:00,2658.0
2023-06-10 15:20:00,2637.0
2023-06-10 15:30:00,2619.0
2023-06-10 15:40:00,2604.0
2023-06-10 15:50:00,2587.0
2023-06-10 16:00:00,2540.0
2023-06-10 16:10:00,2501.0
2023-06-10 16:20:00,2491.0
2023-06-10 16:30:00,2468.0
2023-06-10 16:40:00,2440.0
2023-06-10 16:50:00,2420.0
2023-06-10 17:00:00,2396.0
2023-06-10 17:10:00,2361.0
2023-06-10 17:20:00,2365.0
2023-06-10 17:30:00,2358.0
2023-06-10 17:40:00,2378.0
2023-06-10 17:50:00,2397.0
2023-06-10 18:00:00,2388.0
2023-06-10 18:10:00,2363.0
2023-06-10 18:20:00,2335.0
2023-06-10 18:30:00,2347.0
2023-06-10 18:40:00,2387.0
2023-06-10 18:50:00,2311.0
2023-06-10 19:00:00,2286.0
2023-06-10 19:10:00,2300.0
2023-06-10 19:20:00,2289.0
2023-06-10 19:30:00,2284.0
2023-06-10 19:40:00,2257.0
2023-06-10 19:50:00,2300.0
2023-06-10 20:00:00,2298.0
2023-06-10 20:10:00,2310.0
2023-06-10 20:20:00,2279.0
2023-06-10 20:30:00,2275.0
2023-06-10 20:40:00,2331.0
2023-06-10 20:50:00,2304.0
2023-06-10 21:00:00,2251.0
2023-06-10 21:10:00,2188.0
2023-06-10 21:20:00,2167.0
2023-06-10 21:30:00,2160.0
2023-06-10 21:40:00,2153.0
2023-06-10 21:50:00,2085.0
2023-06-10 22:00:00,2069.0
2023-06-10 22:10:00,2013.0
2023-06-10 22:20:00,1945.0
2023-06-10 22:30:00,1916.0
2023-06-10 22:40:00,1894.0
2023-06-10 22:50:00,1871.0
2023-06-10 23:00:00,1825.0
2023-06-10 23:10:00,1778.0
2023-06-10 23:20:00,1728.0
2023-06-10 23:30:00,1681.0
2023-06-10 23:40:00,1640.0
2023-06-10 23:50:00,1610.0
2023-06-11 00:00:00,1545.0
2023-06-11 00:10:00,1489.0
2023-06-11 00:20:00,1476.0
2023-06-11 00:30:00,1478.0
2023-06-11 00:40:00,1487.0
2023-06-11 00:50:00,1499.0
2023-06-11 01:00:00,1497.0
2023-06-11 01:10:00,1510.0
2023-06-11 01:20:00,1518.0
2023-06-11 01:30:00,1508.0
2023-06-11 01:40:00,1502.0
2023-06-11 01:50:00,1509.0
2023-06-11 02:00:00,1519.0
2023-06-11 02:10:00,1549.0
2023-06-11 02:20:00,1549.0
2023-06-11 02:30:00,1580.0
2023-06-11 02:40:00,1585.0
2023-06-11 02:50:00,1593.0
2023-06-11 03:00:00,1589.0
2023-06-11 03:10:00,1575.0
2023-06-11 03:20:00,1556.0
2023-06-11 03:30:00,1544.0
2023-06-11 03:40:00,1541.0
2023-06-11 03:50:00,1523.0
2023-06-11 04:00:00,1481.0
2023-06-11 04:10:00,1497.0
2023-06-11 04:20:00,1503.0
2023-06-11 04:30:00,1505.0
2023-06-11 04:40:00,1505.0
2023-06-11 04:50:00,1517.0
2023-06-11 05:00:00,1538.0
2023-06-11 05:10:00,1532.0
2023-06-11 05:20:00,1534.0
2023-06-11 05:30:00,1549.0
2023-06-11 05:40:00,1554.0
2023-06-11 05:50:00,1532.0
2023-06-11 06:00:00,1566.0
2023-06-11 06:10:00,1544.0
2023-06-11 06:20:00,1561.0
2023-06-11 06:30:00,1561.0
2023-06-11 06:40:00,1607.0
2023-06-11 06:50:00,1601.0
2023-06-11 07:00:00,1619.0
2023-06-11 07:10:00,1639.0
2023-06-11 07:20:00,1668.0
2023-06-11 07:30:00,1695.0
2023-06-11 07:40:00,1694.0
2023-06-11 07:50:00,1730.0
2023-06-11 08:00:00,1773.0
2023-06-11 08:10:00,1806.0
2023-06-11 08:20:00,1805.0
2023-06-11 08:30:00,1839.0
2023-06-11 08:40:00,1873.0
2023-06-11 08:50:00,1922.0
2023-06-11 09:00:00,1927.0
2023-06-11 09:10:00,1958.0
2023-06-11 09:20:00,1975.0
2023-06-11 09:30:00,2007.0
2023-06-11 09:40:00,2037.0
2023-06-11 09:50:00,2057.0
2023-06-11 10:00:00,2096.0
2023-06-11 10:10:00,2113.0
2023-06-11 10:20:00,2118.0
2023-06-11 10:30:00,2165.0
2023-06-11 10:40:00,2194.0
2023-06-11 10:50:00,2188.0
2023-06-11 11:00:00,2207.0
2023-06-11 11:10:00,2220.0
2023-06-11 11:20:00,2298.0
2023-06-11 11:30:00,2350.0
2023-06-11 11:40:00,2388.0
2023-06-11 11:50:00,2425.0
2023-06-11 12:00:00,2496.0
2023-06-11 12:10:00,2505.0
2023-06-11 12:20:00,2570.0
2023-06-11 12:30:00,2585.0
2023-06-11 12:40:00,2624.0
2023-06-11 12:50:00,2605.0
2023-06-11 13:00:00,2625.0
2023-06-11 13:10:00,2657.0
2023-06-11 13:20:00,2653.0
2023-06-11 13:30:00,2700.0
2023-06-11 13:40:00,2715.0
2023-06-11 13:50:00,2757.0
2023-06-11 14:00:00,2774.0
2023-06-11 14:10:00,2794.0
2023-06-11 14:20:00,2780.0
2023-06-11 14:30:00,2795.0
2023-06-11 14:40:00,2766.0
2023-06-11 14:50:00,2768.0
2023-06-11 15:00:00,2763.0
2023-06-11 15:10:00,2765.0
2023-06-11 15:20:00,2706.0
2023-06-11 15:30:00,2694.0
2023-06-11 15:40:00,2687.0
2023-06-11 15:50:00,2680.0
2023-06-11 16:00:00,2651.0
2023-06-11 16:10:00,2654.0
2023-06-11 16:20:00,2651.0
2023-06-11 16:30:00,2601.0
2023-06-11 16:40:00,2574.0
2023-06-11 16:50:00,2594.0
2023-06-11 17:00:00,2608.0
2023-06-11 17:10:00,2610.0
2023-06-11 17:20:00,2585.0
2023-06-11 17:30:00,2591.0
2023-06-11 17:40:00,2540.0
2023-06-11 17:50:00,2540.0
2023-06-11 18:00:00,2524.0
2023-06-11 18:10:00,2569.0
2023-06-11 18:20:00,2580.0
2023-06-11 18:30:00,2608.0
2023-06-11 18:40:00,2686.0
2023-06-11 18:50:00,2735.0
2023-06-11 19:00:00,2742.0
2023-06-11 19:10:00,2814.0
2023-06-11 19:20:00,2848.0
2023-06-11 19:30:00,2882.0
2023-06-11 19:40:00,2907.0
2023-06-11 19:50:00,2897.0
2023-06-11 20:00:00,2855.0
2023-06-11 20:10:00,2807.0
2023-06-11 20:20:00,2732.0
2023-06-11 20:30:00,2671.0
2023-06-11 20:40:00,2593.0
2023-06-11 20:50:00,2452.0
2023-06-11 21:00:00,2364.0
2023-06-11 21:10:00,2271.0
2023-06-11 21:20:00,2193.0
2023-06-11 21:30:00,2117.0
2023-06-11 21:40:00,2026.0
2023-06-11 21:50:00,1950.0
2023-06-11 22:00:00,1877.0
2023-06-11 22:10:00,1791.0
2023-06-11 22:20:00,1747.0
2023-06-11 22:30:00,1657.0
2023-06-11 22:40:00,1578.0
2023-06-11 22:50:00,1532.0
2023-06-11 23:00:00,1495.0
2023-06-11 23:10:00,1441.0
2023-06-11 23:20:00,1406.0
2023-06-11 23:30:00,1397.0
2023-06-11 23:40:00,1364.0
2023-06-11 23:50:00,1341.0
2023-06-12 00:00:00,1351.0
2023-06-12 00:10:00,1345.0
2023-06-12 00:20:00,1340.0
2023-06-12 00:30:00,1341.0
2023-06-12 00:40:00,1378.0
2023-06-12 00:50:00,1378.0
2023-06-12 01:00:00,1365.0
2023-06-12 01:10:00,1338.0
2023-06-12 01:20:00,1340.0
2023-06-12 01:30:00,1341.0
2023-06-12 01:40:00,1311.0
2023-06-12 01:50:00,1302.0
2023-06-12 02:00:00,1280.0
2023-06-12 02:10:00,1269.0
2023-06-12 02:20:00,1278.0
2023-06-12 02:30:00,1266.0
2023-06-12 02:40:00,1264.0
2023-06-12 02:50:00,1243.0
2023-06-12 03:00:00,1219.0
2023-06-12 03:10:00,1211.0
2023-06-12 03:20:00,1211.0
2023-06-12 03:30:00,1185.0
2023-06-12 03:40:00,1188.0
2023-06-12 03:50:00,1175.0
2023-06-12 04:00:00,1168.0
2023-06-12 04:10:00,1153.0
2023-06-12 04:20:00,1161.0
2023-06-12 04:30:00,1158.0
2023-06-12 04:40:00,1141.0
2023-06-12 04:50:00,1141.0
