"DateTime","Users","Users Trend"
"2023-05-18 05:20:00",,1
"2023-05-18 05:30:00",,1
"2023-05-18 05:40:00",,1
"2023-05-18 05:50:00",,1
"2023-05-18 06:00:00",,1
"2023-05-18 06:10:00",,1
"2023-05-18 06:20:00",,1
"2023-05-18 06:30:00",,1
"2023-05-18 06:40:00",,1
"2023-05-18 06:50:00",,1
"2023-05-18 07:00:00",,1
"2023-05-18 07:10:00",,1
"2023-05-18 07:20:00",,1
"2023-05-18 07:30:00",,1
"2023-05-18 07:40:00",,1
"2023-05-18 07:50:00",,1
"2023-05-18 08:00:00",,1
"2023-05-18 08:10:00",,1
"2023-05-18 08:20:00",,1
"2023-05-18 08:30:00",,1
"2023-05-18 08:40:00",,1
"2023-05-18 08:50:00",,1
"2023-05-18 09:00:00",,1
"2023-05-18 09:10:00",1,1
"2023-05-18 09:20:00",,1
"2023-05-18 09:30:00",,1
"2023-05-18 09:40:00",,1
"2023-05-18 09:50:00",,1
"2023-05-18 10:00:00",,1
"2023-05-18 10:10:00",,2
"2023-05-18 10:20:00",,2
"2023-05-18 10:30:00",,2
"2023-05-18 10:40:00",,2
"2023-05-18 10:50:00",,2
"2023-05-18 11:00:00",,2
"2023-05-18 11:10:00",,2
"2023-05-18 11:20:00",,3
"2023-05-18 11:30:00",,3
"2023-05-18 11:40:00",,3
"2023-05-18 11:50:00",,3
"2023-05-18 12:00:00",7,3
"2023-05-18 12:10:00",10,3
"2023-05-18 12:20:00",8,4
"2023-05-18 12:30:00",13,4
"2023-05-18 12:40:00",13,4
"2023-05-18 12:50:00",11,4
"2023-05-18 13:00:00",10,4
"2023-05-18 13:10:00",7,4
"2023-05-18 13:20:00",5,4
"2023-05-18 13:30:00",5,4
"2023-05-18 13:40:00",3,4
"2023-05-18 13:50:00",2,4
"2023-05-18 14:00:00",1,4
"2023-05-18 14:10:00",1,4
"2023-05-18 14:20:00",,4
"2023-05-18 14:30:00",,4
"2023-05-18 14:40:00",,4
"2023-05-18 14:50:00",1,4
"2023-05-18 15:00:00",1,4
"2023-05-18 15:10:00",1,4
"2023-05-18 15:20:00",,4
"2023-05-18 15:30:00",,4
"2023-05-18 15:40:00",,4
"2023-05-18 15:50:00",,4
"2023-05-18 16:00:00",,4
"2023-05-18 16:10:00",,4
"2023-05-18 16:20:00",,5
"2023-05-18 16:30:00",,5
"2023-05-18 16:40:00",,5
"2023-05-18 16:50:00",,5
"2023-05-18 17:00:00",,5
"2023-05-18 17:10:00",,5
"2023-05-18 17:20:00",,5
"2023-05-18 17:30:00",,5
"2023-05-18 17:40:00",,5
"2023-05-18 17:50:00",,5
"2023-05-18 18:00:00",,5
"2023-05-18 18:10:00",,5
"2023-05-18 18:20:00",,5
"2023-05-18 18:30:00",,5
"2023-05-18 18:40:00",,5
"2023-05-18 18:50:00",,5
"2023-05-18 19:00:00",,5
"2023-05-18 19:10:00",,5
"2023-05-18 19:20:00",,5
"2023-05-18 19:30:00",,5
"2023-05-18 19:40:00",,5
"2023-05-18 19:50:00",,5
"2023-05-18 20:00:00",,5
"2023-05-18 20:10:00",,5
"2023-05-18 20:20:00",,5
"2023-05-18 20:30:00",,5
"2023-05-18 20:40:00",,5
"2023-05-18 20:50:00",,5
"2023-05-18 21:00:00",,5
"2023-05-18 21:10:00",,5
"2023-05-18 21:20:00",,5
"2023-05-18 21:30:00",,5
"2023-05-18 21:40:00",,5
"2023-05-18 21:50:00",,5
"2023-05-18 22:00:00",,5
"2023-05-18 22:10:00",,5
"2023-05-18 22:20:00",,5
"2023-05-18 22:30:00",,5
"2023-05-18 22:40:00",,5
"2023-05-18 22:50:00",,5
"2023-05-18 23:00:00",,5
"2023-05-18 23:10:00",,5
"2023-05-18 23:20:00",,5
"2023-05-18 23:30:00",,5
"2023-05-18 23:40:00",,5
"2023-05-18 23:50:00",,5
"2023-05-19 00:00:00",,5
"2023-05-19 00:10:00",,5
"2023-05-19 00:20:00",,5
"2023-05-19 00:30:00",,5
"2023-05-19 00:40:00",,5
"2023-05-19 00:50:00",,5
"2023-05-19 01:00:00",,5
"2023-05-19 01:10:00",,5
"2023-05-19 01:20:00",,5
"2023-05-19 01:30:00",,5
"2023-05-19 01:40:00",,5
"2023-05-19 01:50:00",,5
"2023-05-19 02:00:00",,5
"2023-05-19 02:10:00",,5
"2023-05-19 02:20:00",,5
"2023-05-19 02:30:00",,5
"2023-05-19 02:40:00",,5
"2023-05-19 02:50:00",,5
"2023-05-19 03:00:00",,5
"2023-05-19 03:10:00",,5
"2023-05-19 03:20:00",,5
"2023-05-19 03:30:00",,5
"2023-05-19 03:40:00",1,5
"2023-05-19 03:50:00",,5
"2023-05-19 04:00:00",,5
"2023-05-19 04:10:00",,5
"2023-05-19 04:20:00",,5
"2023-05-19 04:30:00",,5
"2023-05-19 04:40:00",,5
"2023-05-19 04:50:00",,5
"2023-05-19 05:00:00",,5
"2023-05-19 05:10:00",,6
"2023-05-19 05:20:00",1,6
"2023-05-19 05:30:00",1,6
"2023-05-19 05:40:00",,6
"2023-05-19 05:50:00",,6
"2023-05-19 06:00:00",,6
"2023-05-19 06:10:00",,6
"2023-05-19 06:20:00",,6
"2023-05-19 06:30:00",,6
"2023-05-19 06:40:00",,6
"2023-05-19 06:50:00",,6
"2023-05-19 07:00:00",,6
"2023-05-19 07:10:00",,6
"2023-05-19 07:20:00",,6
"2023-05-19 07:30:00",,6
"2023-05-19 07:40:00",,6
"2023-05-19 07:50:00",,6
"2023-05-19 08:00:00",1,6
"2023-05-19 08:10:00",2,7
"2023-05-19 08:20:00",5,7
"2023-05-19 08:30:00",5,7
"2023-05-19 08:40:00",2,7
"2023-05-19 08:50:00",2,7
"2023-05-19 09:00:00",2,7
"2023-05-19 09:10:00",1,7
"2023-05-19 09:20:00",7,7
"2023-05-19 09:30:00",23,7
"2023-05-19 09:40:00",25,7
"2023-05-19 09:50:00",25,7
"2023-05-19 10:00:00",26,7
"2023-05-19 10:10:00",24,7
"2023-05-19 10:20:00",22,6
"2023-05-19 10:30:00",20,6
"2023-05-19 10:40:00",22,6
"2023-05-19 10:50:00",23,6
"2023-05-19 11:00:00",24,6
"2023-05-19 11:10:00",24,6
"2023-05-19 11:20:00",20,6
"2023-05-19 11:30:00",27,6
"2023-05-19 11:40:00",26,6
"2023-05-19 11:50:00",29,6
"2023-05-19 12:00:00",27,6
"2023-05-19 12:10:00",31,6
"2023-05-19 12:20:00",30,5
"2023-05-19 12:30:00",31,5
"2023-05-19 12:40:00",19,5
"2023-05-19 12:50:00",18,5
"2023-05-19 13:00:00",17,5
"2023-05-19 13:10:00",17,5
"2023-05-19 13:20:00",11,5
"2023-05-19 13:30:00",7,5
"2023-05-19 13:40:00",7,5
"2023-05-19 13:50:00",5,5
"2023-05-19 14:00:00",5,5
"2023-05-19 14:10:00",4,5
"2023-05-19 14:20:00",4,5
"2023-05-19 14:30:00",4,5
"2023-05-19 14:40:00",4,5
"2023-05-19 14:50:00",4,5
"2023-05-19 15:00:00",3,5
"2023-05-19 15:10:00",3,5
"2023-05-19 15:20:00",4,5
"2023-05-19 15:30:00",4,5
"2023-05-19 15:40:00",4,5
"2023-05-19 15:50:00",4,5
"2023-05-19 16:00:00",4,5
"2023-05-19 16:10:00",4,5
"2023-05-19 16:20:00",2,5
"2023-05-19 16:30:00",2,5
"2023-05-19 16:40:00",2,5
"2023-05-19 16:50:00",1,5
"2023-05-19 17:00:00",1,5
"2023-05-19 17:10:00",1,5
"2023-05-19 17:20:00",1,5
"2023-05-19 17:30:00",1,5
"2023-05-19 17:40:00",1,5
"2023-05-19 17:50:00",1,5
"2023-05-19 18:00:00",1,5
"2023-05-19 18:10:00",1,5
"2023-05-19 18:20:00",1,5
"2023-05-19 18:30:00",1,5
"2023-05-19 18:40:00",1,5
"2023-05-19 18:50:00",1,5
"2023-05-19 19:00:00",1,5
"2023-05-19 19:10:00",1,5
"2023-05-19 19:20:00",1,5
"2023-05-19 19:30:00",1,5
"2023-05-19 19:40:00",1,5
"2023-05-19 19:50:00",1,5
"2023-05-19 20:00:00",1,5
"2023-05-19 20:10:00",1,5
"2023-05-19 20:20:00",1,5
"2023-05-19 20:30:00",1,5
"2023-05-19 20:40:00",1,5
"2023-05-19 20:50:00",1,5
"2023-05-19 21:00:00",1,5
"2023-05-19 21:10:00",1,5
"2023-05-19 21:20:00",1,5
"2023-05-19 21:30:00",1,5
"2023-05-19 21:40:00",1,5
"2023-05-19 21:50:00",1,5
"2023-05-19 22:00:00",1,5
"2023-05-19 22:10:00",1,5
"2023-05-19 22:20:00",1,5
"2023-05-19 22:30:00",1,5
"2023-05-19 22:40:00",1,5
"2023-05-19 22:50:00",1,5
"2023-05-19 23:00:00",1,5
"2023-05-19 23:10:00",1,5
"2023-05-19 23:20:00",1,5
"2023-05-19 23:30:00",1,5
"2023-05-19 23:40:00",1,5
"2023-05-19 23:50:00",1,5
"2023-05-20 00:00:00",1,5
"2023-05-20 00:10:00",1,5
"2023-05-20 00:20:00",1,5
"2023-05-20 00:30:00",1,5
"2023-05-20 00:40:00",1,5
"2023-05-20 00:50:00",1,5
"2023-05-20 01:00:00",1,5
"2023-05-20 01:10:00",1,5
"2023-05-20 01:20:00",1,5
"2023-05-20 01:30:00",1,5
"2023-05-20 01:40:00",1,5
"2023-05-20 01:50:00",1,5
"2023-05-20 02:00:00",1,5
"2023-05-20 02:10:00",2,5
"2023-05-20 02:20:00",6,5
"2023-05-20 02:30:00",7,5
"2023-05-20 02:40:00",6,5
"2023-05-20 02:50:00",6,5
"2023-05-20 03:00:00",7,5
"2023-05-20 03:10:00",8,5
"2023-05-20 03:20:00",7,5
"2023-05-20 03:30:00",7,5
"2023-05-20 03:40:00",7,5
"2023-05-20 03:50:00",6,5
"2023-05-20 04:00:00",7,5
"2023-05-20 04:10:00",8,5
"2023-05-20 04:20:00",7,5
"2023-05-20 04:30:00",8,5
"2023-05-20 04:40:00",9,5
"2023-05-20 04:50:00",9,5
"2023-05-20 05:00:00",9,5
"2023-05-20 05:10:00",9,5
"2023-05-20 05:20:00",9,5
"2023-05-20 05:30:00",9,5
"2023-05-20 05:40:00",9,5
"2023-05-20 05:50:00",9,5
"2023-05-20 06:00:00",10,5
"2023-05-20 06:10:00",9,5
"2023-05-20 06:20:00",9,5
"2023-05-20 06:30:00",9,5
"2023-05-20 06:40:00",8,5
"2023-05-20 06:50:00",8,5
"2023-05-20 07:00:00",8,5
"2023-05-20 07:10:00",9,5
"2023-05-20 07:20:00",9,5
"2023-05-20 07:30:00",9,5
"2023-05-20 07:40:00",9,5
"2023-05-20 07:50:00",9,5
"2023-05-20 08:00:00",9,5
"2023-05-20 08:10:00",10,5
"2023-05-20 08:20:00",10,5
"2023-05-20 08:30:00",9,5
"2023-05-20 08:40:00",8,5
"2023-05-20 08:50:00",9,5
"2023-05-20 09:00:00",11,5
"2023-05-20 09:10:00",10,5
"2023-05-20 09:20:00",10,5
"2023-05-20 09:30:00",10,5
"2023-05-20 09:40:00",11,5
"2023-05-20 09:50:00",11,5
"2023-05-20 10:00:00",11,5
"2023-05-20 10:10:00",11,5
"2023-05-20 10:20:00",10,5
"2023-05-20 10:30:00",9,5
"2023-05-20 10:40:00",9,5
"2023-05-20 10:50:00",9,5
"2023-05-20 11:00:00",9,5
"2023-05-20 11:10:00",9,5
"2023-05-20 11:20:00",9,5
"2023-05-20 11:30:00",9,5
"2023-05-20 11:40:00",10,5
"2023-05-20 11:50:00",9,5
"2023-05-20 12:00:00",9,5
"2023-05-20 12:10:00",9,5
"2023-05-20 12:20:00",9,5
"2023-05-20 12:30:00",9,5
"2023-05-20 12:40:00",9,5
"2023-05-20 12:50:00",9,5
"2023-05-20 13:00:00",9,4
"2023-05-20 13:10:00",9,4
"2023-05-20 13:20:00",9,4
"2023-05-20 13:30:00",9,4
"2023-05-20 13:40:00",9,4
"2023-05-20 13:50:00",9,4
"2023-05-20 14:00:00",9,4
"2023-05-20 14:10:00",1,4
"2023-05-20 14:20:00",1,4
"2023-05-20 14:30:00",1,4
"2023-05-20 14:40:00",1,4
"2023-05-20 14:50:00",1,4
"2023-05-20 15:00:00",1,4
"2023-05-20 15:10:00",1,4
"2023-05-20 15:20:00",1,4
"2023-05-20 15:30:00",1,4
"2023-05-20 15:40:00",1,4
"2023-05-20 15:50:00",1,4
"2023-05-20 16:00:00",1,4
"2023-05-20 16:10:00",1,4
"2023-05-20 16:20:00",1,4
"2023-05-20 16:30:00",1,4
"2023-05-20 16:40:00",1,4
"2023-05-20 16:50:00",1,4
"2023-05-20 17:00:00",1,4
"2023-05-20 17:10:00",1,4
"2023-05-20 17:20:00",1,4
"2023-05-20 17:30:00",1,4
"2023-05-20 17:40:00",1,4
"2023-05-20 17:50:00",1,4
"2023-05-20 18:00:00",1,4
"2023-05-20 18:10:00",1,4
"2023-05-20 18:20:00",1,4
"2023-05-20 18:30:00",1,4
"2023-05-20 18:40:00",1,4
"2023-05-20 18:50:00",1,4
"2023-05-20 19:00:00",1,4
"2023-05-20 19:10:00",1,4
"2023-05-20 19:20:00",1,4
"2023-05-20 19:30:00",1,4
"2023-05-20 19:40:00",1,4
"2023-05-20 19:50:00",1,4
"2023-05-20 20:00:00",1,4
"2023-05-20 20:10:00",1,4
"2023-05-20 20:20:00",1,4
"2023-05-20 20:30:00",1,4
"2023-05-20 20:40:00",1,4
"2023-05-20 20:50:00",1,4
"2023-05-20 21:00:00",1,4
"2023-05-20 21:10:00",1,4
"2023-05-20 21:20:00",1,4
"2023-05-20 21:30:00",1,4
"2023-05-20 21:40:00",1,4
"2023-05-20 21:50:00",1,4
"2023-05-20 22:00:00",1,4
"2023-05-20 22:10:00",1,4
"2023-05-20 22:20:00",1,4
"2023-05-20 22:30:00",1,4
"2023-05-20 22:40:00",1,4
"2023-05-20 22:50:00",1,4
"2023-05-20 23:00:00",1,4
"2023-05-20 23:10:00",1,4
"2023-05-20 23:20:00",1,4
"2023-05-20 23:30:00",1,4
"2023-05-20 23:40:00",1,4
"2023-05-20 23:50:00",1,4
"2023-05-21 00:00:00",1,4
"2023-05-21 00:10:00",1,4
"2023-05-21 00:20:00",1,4
"2023-05-21 00:30:00",1,4
"2023-05-21 00:40:00",1,4
"2023-05-21 00:50:00",1,4
"2023-05-21 01:00:00",1,4
"2023-05-21 01:10:00",1,4
"2023-05-21 01:20:00",1,4
"2023-05-21 01:30:00",1,4
"2023-05-21 01:40:00",1,4
"2023-05-21 01:50:00",1,4
"2023-05-21 02:00:00",1,4
"2023-05-21 02:10:00",3,4
"2023-05-21 02:20:00",6,4
"2023-05-21 02:30:00",7,4
"2023-05-21 02:40:00",7,4
"2023-05-21 02:50:00",8,4
"2023-05-21 03:00:00",8,4
"2023-05-21 03:10:00",8,4
"2023-05-21 03:20:00",8,5
"2023-05-21 03:30:00",8,5
"2023-05-21 03:40:00",8,5
"2023-05-21 03:50:00",8,5
"2023-05-21 04:00:00",8,5
"2023-05-21 04:10:00",8,5
"2023-05-21 04:20:00",8,5
"2023-05-21 04:30:00",8,5
"2023-05-21 04:40:00",8,5
"2023-05-21 04:50:00",8,5
"2023-05-21 05:00:00",8,5
"2023-05-21 05:10:00",7,5
"2023-05-21 05:20:00",7,5
"2023-05-21 05:30:00",7,5
"2023-05-21 05:40:00",7,5
"2023-05-21 05:50:00",7,5
"2023-05-21 06:00:00",7,5
"2023-05-21 06:10:00",7,5
"2023-05-21 06:20:00",7,5
"2023-05-21 06:30:00",7,5
"2023-05-21 06:40:00",7,5
"2023-05-21 06:50:00",7,5
"2023-05-21 07:00:00",8,5
"2023-05-21 07:10:00",8,5
"2023-05-21 07:20:00",7,5
"2023-05-21 07:30:00",8,5
"2023-05-21 07:40:00",8,5
"2023-05-21 07:50:00",8,5
"2023-05-21 08:00:00",9,5
"2023-05-21 08:10:00",8,5
"2023-05-21 08:20:00",7,5
"2023-05-21 08:30:00",7,5
"2023-05-21 08:40:00",7,5
"2023-05-21 08:50:00",6,5
"2023-05-21 09:00:00",8,5
"2023-05-21 09:10:00",9,5
"2023-05-21 09:20:00",8,5
"2023-05-21 09:30:00",8,5
"2023-05-21 09:40:00",8,6
"2023-05-21 09:50:00",8,6
"2023-05-21 10:00:00",8,6
"2023-05-21 10:10:00",8,6
"2023-05-21 10:20:00",8,6
"2023-05-21 10:30:00",8,6
"2023-05-21 10:40:00",8,6
"2023-05-21 10:50:00",8,6
"2023-05-21 11:00:00",8,6
"2023-05-21 11:10:00",9,6
"2023-05-21 11:20:00",8,6
"2023-05-21 11:30:00",7,6
"2023-05-21 11:40:00",8,6
"2023-05-21 11:50:00",8,6
"2023-05-21 12:00:00",8,6
"2023-05-21 12:10:00",8,6
"2023-05-21 12:20:00",7,6
"2023-05-21 12:30:00",8,6
"2023-05-21 12:40:00",7,6
"2023-05-21 12:50:00",8,7
"2023-05-21 13:00:00",1,7
"2023-05-21 13:10:00",1,7
"2023-05-21 13:20:00",1,7
"2023-05-21 13:30:00",1,7
"2023-05-21 13:40:00",1,7
"2023-05-21 13:50:00",1,7
"2023-05-21 14:00:00",1,7
"2023-05-21 14:10:00",1,7
"2023-05-21 14:20:00",1,7
"2023-05-21 14:30:00",1,7
"2023-05-21 14:40:00",1,7
"2023-05-21 14:50:00",1,7
"2023-05-21 15:00:00",1,7
"2023-05-21 15:10:00",1,7
"2023-05-21 15:20:00",1,7
"2023-05-21 15:30:00",1,7
"2023-05-21 15:40:00",1,7
"2023-05-21 15:50:00",1,7
"2023-05-21 16:00:00",1,7
"2023-05-21 16:10:00",1,7
"2023-05-21 16:20:00",1,7
"2023-05-21 16:30:00",1,7
"2023-05-21 16:40:00",1,7
"2023-05-21 16:50:00",1,7
"2023-05-21 17:00:00",1,7
"2023-05-21 17:10:00",1,7
"2023-05-21 17:20:00",1,7
"2023-05-21 17:30:00",1,7
"2023-05-21 17:40:00",1,7
"2023-05-21 17:50:00",1,7
"2023-05-21 18:00:00",1,7
"2023-05-21 18:10:00",1,7
"2023-05-21 18:20:00",1,7
"2023-05-21 18:30:00",1,7
"2023-05-21 18:40:00",1,7
"2023-05-21 18:50:00",1,7
"2023-05-21 19:00:00",1,7
"2023-05-21 19:10:00",1,7
"2023-05-21 19:20:00",1,7
"2023-05-21 19:30:00",1,7
"2023-05-21 19:40:00",1,7
"2023-05-21 19:50:00",1,7
"2023-05-21 20:00:00",1,7
"2023-05-21 20:10:00",1,7
"2023-05-21 20:20:00",1,7
"2023-05-21 20:30:00",1,7
"2023-05-21 20:40:00",1,7
"2023-05-21 20:50:00",1,7
"2023-05-21 21:00:00",1,7
"2023-05-21 21:10:00",1,7
"2023-05-21 21:20:00",1,7
"2023-05-21 21:30:00",1,7
"2023-05-21 21:40:00",1,7
"2023-05-21 21:50:00",1,7
"2023-05-21 22:00:00",1,7
"2023-05-21 22:10:00",1,7
"2023-05-21 22:20:00",1,7
"2023-05-21 22:30:00",1,7
"2023-05-21 22:40:00",1,7
"2023-05-21 22:50:00",1,7
"2023-05-21 23:00:00",1,7
"2023-05-21 23:10:00",1,7
"2023-05-21 23:20:00",1,7
"2023-05-21 23:30:00",1,7
"2023-05-21 23:40:00",1,7
"2023-05-21 23:50:00",1,7
"2023-05-22 00:00:00",1,7
"2023-05-22 00:10:00",1,7
"2023-05-22 00:20:00",1,7
"2023-05-22 00:30:00",1,7
"2023-05-22 00:40:00",1,7
"2023-05-22 00:50:00",1,7
"2023-05-22 01:00:00",1,7
"2023-05-22 01:10:00",3,7
"2023-05-22 01:20:00",5,7
"2023-05-22 01:30:00",6,7
"2023-05-22 01:40:00",7,7
"2023-05-22 01:50:00",10,7
"2023-05-22 02:00:00",9,7
"2023-05-22 02:10:00",9,7
"2023-05-22 02:20:00",10,7
"2023-05-22 02:30:00",11,7
"2023-05-22 02:40:00",10,7
"2023-05-22 02:50:00",11,7
"2023-05-22 03:00:00",11,7
"2023-05-22 03:10:00",12,7
"2023-05-22 03:20:00",10,7
"2023-05-22 03:30:00",11,7
"2023-05-22 03:40:00",12,7
"2023-05-22 03:50:00",10,7
"2023-05-22 04:00:00",10,7
"2023-05-22 04:10:00",10,6
"2023-05-22 04:20:00",11,6
"2023-05-22 04:30:00",11,6
"2023-05-22 04:40:00",11,6
"2023-05-22 04:50:00",10,6
"2023-05-22 05:00:00",11,6
"2023-05-22 05:10:00",12,6
"2023-05-22 05:20:00",12,6
"2023-05-22 05:30:00",15,6
"2023-05-22 05:40:00",16,6
"2023-05-22 05:50:00",16,6
"2023-05-22 06:00:00",17,6
"2023-05-22 06:10:00",14,6
"2023-05-22 06:20:00",15,6
"2023-05-22 06:30:00",16,6
"2023-05-22 06:40:00",15,6
"2023-05-22 06:50:00",16,6
"2023-05-22 07:00:00",14,6
"2023-05-22 07:10:00",14,6
"2023-05-22 07:20:00",12,6
"2023-05-22 07:30:00",12,6
"2023-05-22 07:40:00",13,6
"2023-05-22 07:50:00",14,6
"2023-05-22 08:00:00",13,6
"2023-05-22 08:10:00",13,6
"2023-05-22 08:20:00",13,6
"2023-05-22 08:30:00",12,6
"2023-05-22 08:40:00",13,6
"2023-05-22 08:50:00",13,6
"2023-05-22 09:00:00",13,6
"2023-05-22 09:10:00",13,6
"2023-05-22 09:20:00",12,6
"2023-05-22 09:30:00",12,6
"2023-05-22 09:40:00",13,6
"2023-05-22 09:50:00",12,6
"2023-05-22 10:00:00",13,6
"2023-05-22 10:10:00",11,6
"2023-05-22 10:20:00",10,6
"2023-05-22 10:30:00",11,6
"2023-05-22 10:40:00",16,6
"2023-05-22 10:50:00",24,6
"2023-05-22 11:00:00",25,6
"2023-05-22 11:10:00",25,7
"2023-05-22 11:20:00",25,7
"2023-05-22 11:30:00",24,7
"2023-05-22 11:40:00",23,7
"2023-05-22 11:50:00",23,7
"2023-05-22 12:00:00",21,7
"2023-05-22 12:10:00",22,7
"2023-05-22 12:20:00",21,7
"2023-05-22 12:30:00",20,7
"2023-05-22 12:40:00",19,7
"2023-05-22 12:50:00",19,7
"2023-05-22 13:00:00",20,7
"2023-05-22 13:10:00",8,7
"2023-05-22 13:20:00",3,7
"2023-05-22 13:30:00",2,7
"2023-05-22 13:40:00",2,7
"2023-05-22 13:50:00",2,7
"2023-05-22 14:00:00",1,7
"2023-05-22 14:10:00",1,7
"2023-05-22 14:20:00",1,7
"2023-05-22 14:30:00",1,7
"2023-05-22 14:40:00",1,7
"2023-05-22 14:50:00",1,7
"2023-05-22 15:00:00",1,7
"2023-05-22 15:10:00",1,7
"2023-05-22 15:20:00",1,7
"2023-05-22 15:30:00",1,7
"2023-05-22 15:40:00",1,7
"2023-05-22 15:50:00",1,7
"2023-05-22 16:00:00",1,7
"2023-05-22 16:10:00",1,7
"2023-05-22 16:20:00",1,7
"2023-05-22 16:30:00",1,7
"2023-05-22 16:40:00",1,7
"2023-05-22 16:50:00",1,7
"2023-05-22 17:00:00",1,7
"2023-05-22 17:10:00",1,7
"2023-05-22 17:20:00",1,7
"2023-05-22 17:30:00",1,7
"2023-05-22 17:40:00",1,7
"2023-05-22 17:50:00",1,7
"2023-05-22 18:00:00",1,7
"2023-05-22 18:10:00",1,7
"2023-05-22 18:20:00",1,7
"2023-05-22 18:30:00",1,7
"2023-05-22 18:40:00",1,7
"2023-05-22 18:50:00",1,7
"2023-05-22 19:00:00",1,7
"2023-05-22 19:10:00",1,7
"2023-05-22 19:20:00",1,7
"2023-05-22 19:30:00",1,7
"2023-05-22 19:40:00",1,7
"2023-05-22 19:50:00",1,7
"2023-05-22 20:00:00",1,7
"2023-05-22 20:10:00",1,7
"2023-05-22 20:20:00",1,7
"2023-05-22 20:30:00",1,7
"2023-05-22 20:40:00",1,7
"2023-05-22 20:50:00",1,7
"2023-05-22 21:00:00",1,7
"2023-05-22 21:10:00",1,7
"2023-05-22 21:20:00",1,7
"2023-05-22 21:30:00",1,7
"2023-05-22 21:40:00",1,7
"2023-05-22 21:50:00",1,7
"2023-05-22 22:00:00",1,7
"2023-05-22 22:10:00",1,7
"2023-05-22 22:20:00",1,7
"2023-05-22 22:30:00",1,7
"2023-05-22 22:40:00",1,7
"2023-05-22 22:50:00",1,7
"2023-05-22 23:00:00",1,7
"2023-05-22 23:10:00",1,7
"2023-05-22 23:20:00",1,7
"2023-05-22 23:30:00",1,7
"2023-05-22 23:40:00",1,7
"2023-05-22 23:50:00",1,7
"2023-05-23 00:00:00",1,7
"2023-05-23 00:10:00",1,7
"2023-05-23 00:20:00",1,7
"2023-05-23 00:30:00",1,7
"2023-05-23 00:40:00",1,7
"2023-05-23 00:50:00",1,7
"2023-05-23 01:00:00",1,7
"2023-05-23 01:10:00",1,7
"2023-05-23 01:20:00",3,7
"2023-05-23 01:30:00",5,7
"2023-05-23 01:40:00",5,7
"2023-05-23 01:50:00",6,7
"2023-05-23 02:00:00",7,7
"2023-05-23 02:10:00",7,7
"2023-05-23 02:20:00",8,7
"2023-05-23 02:30:00",8,7
"2023-05-23 02:40:00",8,7
"2023-05-23 02:50:00",10,7
"2023-05-23 03:00:00",10,7
"2023-05-23 03:10:00",10,7
"2023-05-23 03:20:00",10,7
"2023-05-23 03:30:00",9,7
"2023-05-23 03:40:00",10,7
"2023-05-23 03:50:00",8,7
"2023-05-23 04:00:00",8,7
"2023-05-23 04:10:00",6,7
"2023-05-23 04:20:00",6,7
"2023-05-23 04:30:00",6,7
"2023-05-23 04:40:00",6,7
"2023-05-23 04:50:00",6,7
"2023-05-23 05:00:00",6,7
"2023-05-23 05:10:00",6,7
"2023-05-23 05:20:00",7,7
"2023-05-23 05:30:00",7,7
"2023-05-23 05:40:00",8,7
"2023-05-23 05:50:00",9,7
"2023-05-23 06:00:00",9,7
"2023-05-23 06:10:00",8,7
"2023-05-23 06:20:00",9,7
"2023-05-23 06:30:00",9,7
"2023-05-23 06:40:00",7,7
"2023-05-23 06:50:00",9,7
"2023-05-23 07:00:00",10,7
"2023-05-23 07:10:00",11,7
"2023-05-23 07:20:00",9,7
"2023-05-23 07:30:00",9,7
"2023-05-23 07:40:00",8,7
"2023-05-23 07:50:00",7,7
"2023-05-23 08:00:00",8,7
"2023-05-23 08:10:00",8,7
"2023-05-23 08:20:00",9,7
"2023-05-23 08:30:00",9,7
"2023-05-23 08:40:00",9,7
"2023-05-23 08:50:00",9,7
"2023-05-23 09:00:00",8,7
"2023-05-23 09:10:00",9,7
"2023-05-23 09:20:00",10,7
"2023-05-23 09:30:00",10,7
"2023-05-23 09:40:00",11,7
"2023-05-23 09:50:00",11,7
"2023-05-23 10:00:00",17,7
"2023-05-23 10:10:00",22,7
"2023-05-23 10:20:00",29,7
"2023-05-23 10:30:00",30,7
"2023-05-23 10:40:00",30,7
"2023-05-23 10:50:00",29,7
"2023-05-23 11:00:00",30,7
"2023-05-23 11:10:00",26,7
"2023-05-23 11:20:00",25,7
"2023-05-23 11:30:00",25,7
"2023-05-23 11:40:00",24,7
"2023-05-23 11:50:00",25,7
"2023-05-23 12:00:00",24,7
"2023-05-23 12:10:00",24,7
"2023-05-23 12:20:00",24,7
"2023-05-23 12:30:00",23,7
"2023-05-23 12:40:00",24,7
"2023-05-23 12:50:00",25,7
"2023-05-23 13:00:00",23,7
"2023-05-23 13:10:00",12,7
"2023-05-23 13:20:00",4,7
"2023-05-23 13:30:00",3,7
"2023-05-23 13:40:00",2,7
"2023-05-23 13:50:00",2,7
"2023-05-23 14:00:00",2,7
"2023-05-23 14:10:00",2,7
"2023-05-23 14:20:00",2,7
"2023-05-23 14:30:00",2,7
"2023-05-23 14:40:00",2,7
"2023-05-23 14:50:00",1,7
"2023-05-23 15:00:00",1,7
"2023-05-23 15:10:00",1,7
"2023-05-23 15:20:00",1,7
"2023-05-23 15:30:00",1,7
"2023-05-23 15:40:00",1,7
"2023-05-23 15:50:00",1,7
"2023-05-23 16:00:00",1,7
"2023-05-23 16:10:00",1,7
"2023-05-23 16:20:00",1,7
"2023-05-23 16:30:00",1,7
"2023-05-23 16:40:00",1,7
"2023-05-23 16:50:00",1,7
"2023-05-23 17:00:00",1,7
"2023-05-23 17:10:00",1,7
"2023-05-23 17:20:00",1,7
"2023-05-23 17:30:00",1,7
"2023-05-23 17:40:00",1,7
"2023-05-23 17:50:00",1,7
"2023-05-23 18:00:00",1,7
"2023-05-23 18:10:00",1,7
"2023-05-23 18:20:00",1,7
"2023-05-23 18:30:00",1,7
"2023-05-23 18:40:00",1,7
"2023-05-23 18:50:00",1,7
"2023-05-23 19:00:00",1,7
"2023-05-23 19:10:00",1,7
"2023-05-23 19:20:00",1,7
"2023-05-23 19:30:00",1,7
"2023-05-23 19:40:00",1,7
"2023-05-23 19:50:00",1,7
"2023-05-23 20:00:00",1,7
"2023-05-23 20:10:00",1,7
"2023-05-23 20:20:00",1,7
"2023-05-23 20:30:00",1,7
"2023-05-23 20:40:00",1,7
"2023-05-23 20:50:00",1,7
"2023-05-23 21:00:00",1,7
"2023-05-23 21:10:00",1,7
"2023-05-23 21:20:00",1,7
"2023-05-23 21:30:00",1,7
"2023-05-23 21:40:00",1,7
"2023-05-23 21:50:00",1,7
"2023-05-23 22:00:00",1,7
"2023-05-23 22:10:00",1,7
"2023-05-23 22:20:00",1,7
"2023-05-23 22:30:00",1,7
"2023-05-23 22:40:00",1,7
"2023-05-23 22:50:00",1,8
"2023-05-23 23:00:00",1,8
"2023-05-23 23:10:00",1,8
"2023-05-23 23:20:00",1,8
"2023-05-23 23:30:00",1,8
"2023-05-23 23:40:00",1,8
"2023-05-23 23:50:00",1,8
"2023-05-24 00:00:00",1,8
"2023-05-24 00:10:00",1,8
"2023-05-24 00:20:00",1,8
"2023-05-24 00:30:00",1,8
"2023-05-24 00:40:00",1,8
"2023-05-24 00:50:00",1,8
"2023-05-24 01:00:00",1,8
"2023-05-24 01:10:00",3,8
"2023-05-24 01:20:00",5,8
"2023-05-24 01:30:00",5,8
"2023-05-24 01:40:00",6,8
"2023-05-24 01:50:00",7,8
"2023-05-24 02:00:00",7,8
"2023-05-24 02:10:00",7,8
"2023-05-24 02:20:00",7,8
"2023-05-24 02:30:00",9,8
"2023-05-24 02:40:00",11,8
"2023-05-24 02:50:00",10,8
"2023-05-24 03:00:00",10,8
"2023-05-24 03:10:00",10,8
"2023-05-24 03:20:00",11,8
"2023-05-24 03:30:00",11,8
"2023-05-24 03:40:00",10,8
"2023-05-24 03:50:00",11,8
"2023-05-24 04:00:00",10,8
"2023-05-24 04:10:00",11,8
"2023-05-24 04:20:00",11,8
"2023-05-24 04:30:00",11,8
"2023-05-24 04:40:00",11,8
"2023-05-24 04:50:00",11,8
"2023-05-24 05:00:00",11,8
"2023-05-24 05:10:00",12,8
"2023-05-24 05:20:00",10,8
"2023-05-24 05:30:00",11,8
"2023-05-24 05:40:00",11,8
"2023-05-24 05:50:00",11,8
"2023-05-24 06:00:00",13,8
"2023-05-24 06:10:00",14,8
"2023-05-24 06:20:00",14,8
"2023-05-24 06:30:00",13,8
"2023-05-24 06:40:00",13,8
"2023-05-24 06:50:00",13,8
"2023-05-24 07:00:00",12,8
"2023-05-24 07:10:00",11,8
"2023-05-24 07:20:00",11,8
"2023-05-24 07:30:00",12,8
"2023-05-24 07:40:00",11,8
"2023-05-24 07:50:00",9,8
"2023-05-24 08:00:00",9,8
"2023-05-24 08:10:00",11,8
"2023-05-24 08:20:00",11,8
"2023-05-24 08:30:00",11,8
"2023-05-24 08:40:00",11,8
"2023-05-24 08:50:00",10,8
"2023-05-24 09:00:00",10,8
"2023-05-24 09:10:00",10,8
"2023-05-24 09:20:00",10,8
"2023-05-24 09:30:00",10,8
"2023-05-24 09:40:00",9,8
"2023-05-24 09:50:00",9,8
"2023-05-24 10:00:00",10,8
"2023-05-24 10:10:00",12,8
"2023-05-24 10:20:00",12,8
"2023-05-24 10:30:00",16,8
"2023-05-24 10:40:00",23,8
"2023-05-24 10:50:00",24,8
"2023-05-24 11:00:00",25,8
"2023-05-24 11:10:00",25,8
"2023-05-24 11:20:00",22,8
"2023-05-24 11:30:00",24,8
"2023-05-24 11:40:00",24,8
"2023-05-24 11:50:00",25,8
"2023-05-24 12:00:00",22,8
"2023-05-24 12:10:00",21,7
"2023-05-24 12:20:00",19,7
"2023-05-24 12:30:00",19,7
"2023-05-24 12:40:00",20,7
"2023-05-24 12:50:00",21,7
"2023-05-24 13:00:00",20,7
"2023-05-24 13:10:00",12,7
"2023-05-24 13:20:00",11,7
"2023-05-24 13:30:00",7,7
"2023-05-24 13:40:00",5,7
"2023-05-24 13:50:00",5,7
"2023-05-24 14:00:00",5,7
"2023-05-24 14:10:00",4,7
"2023-05-24 14:20:00",3,7
"2023-05-24 14:30:00",3,7
"2023-05-24 14:40:00",4,7
"2023-05-24 14:50:00",3,7
"2023-05-24 15:00:00",4,7
"2023-05-24 15:10:00",3,7
"2023-05-24 15:20:00",3,7
"2023-05-24 15:30:00",3,7
"2023-05-24 15:40:00",3,7
"2023-05-24 15:50:00",3,7
"2023-05-24 16:00:00",3,7
"2023-05-24 16:10:00",3,7
"2023-05-24 16:20:00",3,7
"2023-05-24 16:30:00",3,7
"2023-05-24 16:40:00",3,7
"2023-05-24 16:50:00",3,7
"2023-05-24 17:00:00",3,7
"2023-05-24 17:10:00",3,7
"2023-05-24 17:20:00",3,7
"2023-05-24 17:30:00",3,7
"2023-05-24 17:40:00",3,7
"2023-05-24 17:50:00",3,7
"2023-05-24 18:00:00",3,7
"2023-05-24 18:10:00",3,7
"2023-05-24 18:20:00",3,7
"2023-05-24 18:30:00",3,7
"2023-05-24 18:40:00",3,7
"2023-05-24 18:50:00",3,7
"2023-05-24 19:00:00",3,7
"2023-05-24 19:10:00",3,7
"2023-05-24 19:20:00",3,7
"2023-05-24 19:30:00",3,7
"2023-05-24 19:40:00",3,7
"2023-05-24 19:50:00",3,7
"2023-05-24 20:00:00",3,7
"2023-05-24 20:10:00",3,7
"2023-05-24 20:20:00",3,7
"2023-05-24 20:30:00",3,7
"2023-05-24 20:40:00",3,7
"2023-05-24 20:50:00",3,7
"2023-05-24 21:00:00",3,7
"2023-05-24 21:10:00",3,7
"2023-05-24 21:20:00",3,7
"2023-05-24 21:30:00",3,7
"2023-05-24 21:40:00",3,7
"2023-05-24 21:50:00",3,7
"2023-05-24 22:00:00",3,7
"2023-05-24 22:10:00",3,7
"2023-05-24 22:20:00",3,7
"2023-05-24 22:30:00",3,7
"2023-05-24 22:40:00",3,7
"2023-05-24 22:50:00",3,7
"2023-05-24 23:00:00",3,7
"2023-05-24 23:10:00",3,7
"2023-05-24 23:20:00",3,7
"2023-05-24 23:30:00",3,7
"2023-05-24 23:40:00",3,7
"2023-05-24 23:50:00",3,7
"2023-05-25 00:00:00",3,7
"2023-05-25 00:10:00",3,7
"2023-05-25 00:20:00",3,7
"2023-05-25 00:30:00",3,7
"2023-05-25 00:40:00",3,7
"2023-05-25 00:50:00",3,7
"2023-05-25 01:00:00",3,7
"2023-05-25 01:10:00",3,7
"2023-05-25 01:20:00",4,7
"2023-05-25 01:30:00",6,7
"2023-05-25 01:40:00",6,7
"2023-05-25 01:50:00",8,7
"2023-05-25 02:00:00",9,7
"2023-05-25 02:10:00",9,7
"2023-05-25 02:20:00",8,7
"2023-05-25 02:30:00",7,7
"2023-05-25 02:40:00",7,7
"2023-05-25 02:50:00",7,7
"2023-05-25 03:00:00",8,7
"2023-05-25 03:10:00",8,7
"2023-05-25 03:20:00",10,7
"2023-05-25 03:30:00",10,7
"2023-05-25 03:40:00",9,7
"2023-05-25 03:50:00",9,7
"2023-05-25 04:00:00",10,7
"2023-05-25 04:10:00",9,7
"2023-05-25 04:20:00",9,7
"2023-05-25 04:30:00",9,7
"2023-05-25 04:40:00",9,7
"2023-05-25 04:50:00",9,7
"2023-05-25 05:00:00",9,7
"2023-05-25 05:10:00",9,7
"2023-05-25 05:20:00",11,7
"2023-05-25 05:30:00",10,7
"2023-05-25 05:40:00",10,7
"2023-05-25 05:50:00",9,7
"2023-05-25 06:00:00",10,7
"2023-05-25 06:10:00",10,7
"2023-05-25 06:20:00",10,7
"2023-05-25 06:30:00",10,7
"2023-05-25 06:40:00",12,7
"2023-05-25 06:50:00",11,7
"2023-05-25 07:00:00",11,7
"2023-05-25 07:10:00",11,7
"2023-05-25 07:20:00",11,7
"2023-05-25 07:30:00",12,7
"2023-05-25 07:40:00",12,7
"2023-05-25 07:50:00",12,7
"2023-05-25 08:00:00",12,7
"2023-05-25 08:10:00",10,7
"2023-05-25 08:20:00",11,7
"2023-05-25 08:30:00",11,7
"2023-05-25 08:40:00",11,7
"2023-05-25 08:50:00",11,7
"2023-05-25 09:00:00",11,7
"2023-05-25 09:10:00",11,7
"2023-05-25 09:20:00",10,7
"2023-05-25 09:30:00",10,7
"2023-05-25 09:40:00",10,7
"2023-05-25 09:50:00",11,7
"2023-05-25 10:00:00",12,7
"2023-05-25 10:10:00",10,7
"2023-05-25 10:20:00",8,7
"2023-05-25 10:30:00",13,7
"2023-05-25 10:40:00",22,7
"2023-05-25 10:50:00",25,7
"2023-05-25 11:00:00",24,7
"2023-05-25 11:10:00",24,7
"2023-05-25 11:20:00",24,7
"2023-05-25 11:30:00",23,7
"2023-05-25 11:40:00",19,6
"2023-05-25 11:50:00",20,6
"2023-05-25 12:00:00",20,6
"2023-05-25 12:10:00",19,6
"2023-05-25 12:20:00",20,6
"2023-05-25 12:30:00",19,6
"2023-05-25 12:40:00",19,6
"2023-05-25 12:50:00",19,6
"2023-05-25 13:00:00",12,6
"2023-05-25 13:10:00",7,6
"2023-05-25 13:20:00",5,6
"2023-05-25 13:30:00",5,6
"2023-05-25 13:40:00",5,6
"2023-05-25 13:50:00",5,6
"2023-05-25 14:00:00",4,6
"2023-05-25 14:10:00",3,6
"2023-05-25 14:20:00",3,6
"2023-05-25 14:30:00",2,6
"2023-05-25 14:40:00",2,6
"2023-05-25 14:50:00",2,6
"2023-05-25 15:00:00",2,6
"2023-05-25 15:10:00",2,6
"2023-05-25 15:20:00",2,6
"2023-05-25 15:30:00",2,6
"2023-05-25 15:40:00",2,6
"2023-05-25 15:50:00",1,6
"2023-05-25 16:00:00",1,6
"2023-05-25 16:10:00",1,6
"2023-05-25 16:20:00",1,6
"2023-05-25 16:30:00",1,6
"2023-05-25 16:40:00",1,6
"2023-05-25 16:50:00",1,6
"2023-05-25 17:00:00",1,6
"2023-05-25 17:10:00",1,6
"2023-05-25 17:20:00",1,6
"2023-05-25 17:30:00",1,6
"2023-05-25 17:40:00",1,6
"2023-05-25 17:50:00",1,6
"2023-05-25 18:00:00",1,6
"2023-05-25 18:10:00",1,6
"2023-05-25 18:20:00",1,6
"2023-05-25 18:30:00",1,6
"2023-05-25 18:40:00",1,6
"2023-05-25 18:50:00",1,6
"2023-05-25 19:00:00",1,6
"2023-05-25 19:10:00",1,6
"2023-05-25 19:20:00",1,6
"2023-05-25 19:30:00",1,6
"2023-05-25 19:40:00",1,6
"2023-05-25 19:50:00",1,6
"2023-05-25 20:00:00",1,6
"2023-05-25 20:10:00",1,6
"2023-05-25 20:20:00",1,6
"2023-05-25 20:30:00",1,6
"2023-05-25 20:40:00",1,6
"2023-05-25 20:50:00",1,6
"2023-05-25 21:00:00",1,6
"2023-05-25 21:10:00",1,6
"2023-05-25 21:20:00",1,6
"2023-05-25 21:30:00",1,6
"2023-05-25 21:40:00",1,6
"2023-05-25 21:50:00",1,6
"2023-05-25 22:00:00",1,6
"2023-05-25 22:10:00",1,6
"2023-05-25 22:20:00",1,6
"2023-05-25 22:30:00",1,6
"2023-05-25 22:40:00",1,6
"2023-05-25 22:50:00",1,6
"2023-05-25 23:00:00",1,6
"2023-05-25 23:10:00",1,6
"2023-05-25 23:20:00",1,6
"2023-05-25 23:30:00",1,6
"2023-05-25 23:40:00",1,6
"2023-05-25 23:50:00",1,6
"2023-05-26 00:00:00",1,6
"2023-05-26 00:10:00",1,6
"2023-05-26 00:20:00",1,6
"2023-05-26 00:30:00",1,6
"2023-05-26 00:40:00",1,6
"2023-05-26 00:50:00",1,6
"2023-05-26 01:00:00",1,6
"2023-05-26 01:10:00",1,6
"2023-05-26 01:20:00",4,6
"2023-05-26 01:30:00",5,6
"2023-05-26 01:40:00",6,6
"2023-05-26 01:50:00",6,6
"2023-05-26 02:00:00",6,6
"2023-05-26 02:10:00",6,6
"2023-05-26 02:20:00",6,6
"2023-05-26 02:30:00",6,6
"2023-05-26 02:40:00",6,6
"2023-05-26 02:50:00",7,6
"2023-05-26 03:00:00",6,6
"2023-05-26 03:10:00",6,6
"2023-05-26 03:20:00",6,6
"2023-05-26 03:30:00",6,6
"2023-05-26 03:40:00",5,6
"2023-05-26 03:50:00",5,6
"2023-05-26 04:00:00",5,6
"2023-05-26 04:10:00",5,6
"2023-05-26 04:20:00",5,6
"2023-05-26 04:30:00",5,6
"2023-05-26 04:40:00",5,6
"2023-05-26 04:50:00",5,6
"2023-05-26 05:00:00",5,6
"2023-05-26 05:10:00",6,6
"2023-05-26 05:20:00",6,5
"2023-05-26 05:30:00",6,5
"2023-05-26 05:40:00",6,5
"2023-05-26 05:50:00",7,5
"2023-05-26 06:00:00",8,5
"2023-05-26 06:10:00",8,5
"2023-05-26 06:20:00",8,5
"2023-05-26 06:30:00",8,5
"2023-05-26 06:40:00",8,5
"2023-05-26 06:50:00",8,5
"2023-05-26 07:00:00",8,5
"2023-05-26 07:10:00",8,5
"2023-05-26 07:20:00",8,5
"2023-05-26 07:30:00",8,5
"2023-05-26 07:40:00",8,5
"2023-05-26 07:50:00",8,5
"2023-05-26 08:00:00",8,5
"2023-05-26 08:10:00",8,5
"2023-05-26 08:20:00",8,5
"2023-05-26 08:30:00",8,5
"2023-05-26 08:40:00",4,5
"2023-05-26 08:50:00",6,5
"2023-05-26 09:00:00",7,5
"2023-05-26 09:10:00",8,5
"2023-05-26 09:20:00",10,5
"2023-05-26 09:30:00",10,5
"2023-05-26 09:40:00",10,5
"2023-05-26 09:50:00",10,5
"2023-05-26 10:00:00",10,5
"2023-05-26 10:10:00",10,5
"2023-05-26 10:20:00",10,5
"2023-05-26 10:30:00",10,5
"2023-05-26 10:40:00",8,4
"2023-05-26 10:50:00",11,4
"2023-05-26 11:00:00",11,4
"2023-05-26 11:10:00",11,4
"2023-05-26 11:20:00",10,4
"2023-05-26 11:30:00",11,4
"2023-05-26 11:40:00",7,4
"2023-05-26 11:50:00",13,4
"2023-05-26 12:00:00",19,4
"2023-05-26 12:10:00",21,4
"2023-05-26 12:20:00",23,4
"2023-05-26 12:30:00",25,4
"2023-05-26 12:40:00",27,4
"2023-05-26 12:50:00",27,4
"2023-05-26 13:00:00",24,4
"2023-05-26 13:10:00",19,4
"2023-05-26 13:20:00",8,4
"2023-05-26 13:30:00",4,4
"2023-05-26 13:40:00",4,4
"2023-05-26 13:50:00",3,4
"2023-05-26 14:00:00",4,4
"2023-05-26 14:10:00",3,4
"2023-05-26 14:20:00",3,3
"2023-05-26 14:30:00",2,3
"2023-05-26 14:40:00",2,3
"2023-05-26 14:50:00",1,3
"2023-05-26 15:00:00",1,3
"2023-05-26 15:10:00",1,3
"2023-05-26 15:20:00",1,3
"2023-05-26 15:30:00",1,3
"2023-05-26 15:40:00",1,3
"2023-05-26 15:50:00",1,3
"2023-05-26 16:00:00",1,3
"2023-05-26 16:10:00",1,3
"2023-05-26 16:20:00",1,3
"2023-05-26 16:30:00",1,3
"2023-05-26 16:40:00",1,3
"2023-05-26 16:50:00",1,3
"2023-05-26 17:00:00",1,3
"2023-05-26 17:10:00",1,3
"2023-05-26 17:20:00",1,3
"2023-05-26 17:30:00",1,3
"2023-05-26 17:40:00",1,3
"2023-05-26 17:50:00",1,3
"2023-05-26 18:00:00",1,3
"2023-05-26 18:10:00",1,3
"2023-05-26 18:20:00",1,3
"2023-05-26 18:30:00",1,3
"2023-05-26 18:40:00",1,3
"2023-05-26 18:50:00",1,3
"2023-05-26 19:00:00",1,3
"2023-05-26 19:10:00",1,3
"2023-05-26 19:20:00",1,3
"2023-05-26 19:30:00",1,3
"2023-05-26 19:40:00",1,3
"2023-05-26 19:50:00",1,3
"2023-05-26 20:00:00",1,3
"2023-05-26 20:10:00",1,3
"2023-05-26 20:20:00",1,3
"2023-05-26 20:30:00",1,3
"2023-05-26 20:40:00",1,3
"2023-05-26 20:50:00",1,3
"2023-05-26 21:00:00",1,3
"2023-05-26 21:10:00",1,3
"2023-05-26 21:20:00",1,3
"2023-05-26 21:30:00",1,3
"2023-05-26 21:40:00",1,3
"2023-05-26 21:50:00",1,3
"2023-05-26 22:00:00",1,3
"2023-05-26 22:10:00",1,3
"2023-05-26 22:20:00",1,3
"2023-05-26 22:30:00",1,3
"2023-05-26 22:40:00",1,3
"2023-05-26 22:50:00",1,3
"2023-05-26 23:00:00",1,3
"2023-05-26 23:10:00",1,3
"2023-05-26 23:20:00",1,3
"2023-05-26 23:30:00",1,3
"2023-05-26 23:40:00",1,3
"2023-05-26 23:50:00",1,3
"2023-05-27 00:00:00",1,3
"2023-05-27 00:10:00",1,3
"2023-05-27 00:20:00",1,3
"2023-05-27 00:30:00",1,3
"2023-05-27 00:40:00",1,3
"2023-05-27 00:50:00",1,3
"2023-05-27 01:00:00",1,3
"2023-05-27 01:10:00",1,3
"2023-05-27 01:20:00",1,3
"2023-05-27 01:30:00",1,3
"2023-05-27 01:40:00",1,3
"2023-05-27 01:50:00",1,3
"2023-05-27 02:00:00",1,3
"2023-05-27 02:10:00",1,3
"2023-05-27 02:20:00",1,3
"2023-05-27 02:30:00",1,3
"2023-05-27 02:40:00",1,3
"2023-05-27 02:50:00",1,3
"2023-05-27 03:00:00",1,3
"2023-05-27 03:10:00",1,3
"2023-05-27 03:20:00",1,3
"2023-05-27 03:30:00",1,3
"2023-05-27 03:40:00",1,3
"2023-05-27 03:50:00",1,3
"2023-05-27 04:00:00",1,3
"2023-05-27 04:10:00",1,3
"2023-05-27 04:20:00",2,3
"2023-05-27 04:30:00",2,3
"2023-05-27 04:40:00",2,3
"2023-05-27 04:50:00",2,3
"2023-05-27 05:00:00",2,3
"2023-05-27 05:10:00",2,3
"2023-05-27 05:20:00",2,3
"2023-05-27 05:30:00",3,3
"2023-05-27 05:40:00",3,3
"2023-05-27 05:50:00",2,3
"2023-05-27 06:00:00",2,3
"2023-05-27 06:10:00",1,3
"2023-05-27 06:20:00",1,3
"2023-05-27 06:30:00",1,3
"2023-05-27 06:40:00",2,3
"2023-05-27 06:50:00",2,3
"2023-05-27 07:00:00",1,3
"2023-05-27 07:10:00",1,3
"2023-05-27 07:20:00",1,3
"2023-05-27 07:30:00",,3
"2023-05-27 07:40:00",,3
"2023-05-27 07:50:00",,2
"2023-05-27 08:00:00",,2
"2023-05-27 08:10:00",,2
"2023-05-27 08:20:00",,2
"2023-05-27 08:30:00",,2
"2023-05-27 08:40:00",,2
"2023-05-27 08:50:00",,2
"2023-05-27 09:00:00",,2
"2023-05-27 09:10:00",,2
"2023-05-27 09:20:00",,2
"2023-05-27 09:30:00",,2
"2023-05-27 09:40:00",,2
"2023-05-27 09:50:00",,2
"2023-05-27 10:00:00",,2
"2023-05-27 10:10:00",,2
"2023-05-27 10:20:00",,2
"2023-05-27 10:30:00",,2
"2023-05-27 10:40:00",,2
"2023-05-27 10:50:00",,2
"2023-05-27 11:00:00",,2
"2023-05-27 11:10:00",,2
"2023-05-27 11:20:00",,2
"2023-05-27 11:30:00",,2
"2023-05-27 11:40:00",,2
"2023-05-27 11:50:00",,2
"2023-05-27 12:00:00",,1
"2023-05-27 12:10:00",,1
"2023-05-27 12:20:00",,1
"2023-05-27 12:30:00",,1
"2023-05-27 12:40:00",,1
"2023-05-27 12:50:00",,1
"2023-05-27 13:00:00",,1
"2023-05-27 13:10:00",,1
"2023-05-27 13:20:00",,1
"2023-05-27 13:30:00",,1
"2023-05-27 13:40:00",,1
"2023-05-27 13:50:00",,1
"2023-05-27 14:00:00",,1
"2023-05-27 14:10:00",,1
"2023-05-27 14:20:00",,1
"2023-05-27 14:30:00",,1
"2023-05-27 14:40:00",,1
"2023-05-27 14:50:00",,1
"2023-05-27 15:00:00",,1
"2023-05-27 15:10:00",,1
"2023-05-27 15:20:00",,1
"2023-05-27 15:30:00",,1
"2023-05-27 15:40:00",,1
"2023-05-27 15:50:00",,1
"2023-05-27 16:00:00",,1
"2023-05-27 16:10:00",,1
"2023-05-27 16:20:00",,1
"2023-05-27 16:30:00",,1
"2023-05-27 16:40:00",,0
"2023-05-27 16:50:00",,0
"2023-05-27 17:00:00",,0
"2023-05-27 17:10:00",,0
"2023-05-27 17:20:00",,0
"2023-05-27 17:30:00",,0
"2023-05-27 17:40:00",,0
"2023-05-27 17:50:00",,0
"2023-05-27 18:00:00",,0
"2023-05-27 18:10:00",,0
"2023-05-27 18:20:00",,0
"2023-05-27 18:30:00",,0
"2023-05-27 18:40:00",,0
"2023-05-27 18:50:00",,0
"2023-05-27 19:00:00",,0
"2023-05-27 19:10:00",,0
"2023-05-27 19:20:00",,0
"2023-05-27 19:30:00",,0
"2023-05-27 19:40:00",,0
"2023-05-27 19:50:00",,0
"2023-05-27 20:00:00",,0
"2023-05-27 20:10:00",,0
"2023-05-27 20:20:00",,0
"2023-05-27 20:30:00",,0
"2023-05-27 20:40:00",,0
"2023-05-27 20:50:00",,0
"2023-05-27 21:00:00",,0
"2023-05-27 21:10:00",,0
"2023-05-27 21:20:00",,0
"2023-05-27 21:30:00",,0
"2023-05-27 21:40:00",,0
"2023-05-27 21:50:00",,0
"2023-05-27 22:00:00",,0
"2023-05-27 22:10:00",,0
"2023-05-27 22:20:00",,0
"2023-05-27 22:30:00",,0
"2023-05-27 22:40:00",,0
"2023-05-27 22:50:00",,0
"2023-05-27 23:00:00",,0
"2023-05-27 23:10:00",,0
"2023-05-27 23:20:00",,0
"2023-05-27 23:30:00",,0
"2023-05-27 23:40:00",,0
"2023-05-27 23:50:00",,0
"2023-05-28 00:00:00",,0
"2023-05-28 00:10:00",,0
"2023-05-28 00:20:00",,0
"2023-05-28 00:30:00",,0
"2023-05-28 00:40:00",,0
"2023-05-28 00:50:00",,0
"2023-05-28 01:00:00",,0
"2023-05-28 01:10:00",,0
"2023-05-28 01:20:00",,0
"2023-05-28 01:30:00",,0
"2023-05-28 01:40:00",,0
"2023-05-28 01:50:00",,0
"2023-05-28 02:00:00",,0
"2023-05-28 02:10:00",,0
"2023-05-28 02:20:00",,0
"2023-05-28 02:30:00",,0
"2023-05-28 02:40:00",,0
"2023-05-28 02:50:00",,0
"2023-05-28 03:00:00",,0
"2023-05-28 03:10:00",,0
"2023-05-28 03:20:00",,0
"2023-05-28 03:30:00",,0
"2023-05-28 03:40:00",,0
"2023-05-28 03:50:00",,0
"2023-05-28 04:00:00",,0
"2023-05-28 04:10:00",,0
"2023-05-28 04:20:00",,0
"2023-05-28 04:30:00",,0
"2023-05-28 04:40:00",,0
"2023-05-28 04:50:00",,0
"2023-05-28 05:00:00",,0
"2023-05-28 05:10:00",,0
"2023-05-28 05:20:00",,0
"2023-05-28 05:30:00",1,0
"2023-05-28 05:40:00",,0
"2023-05-28 05:50:00",,0
"2023-05-28 06:00:00",,0
"2023-05-28 06:10:00",,0
"2023-05-28 06:20:00",,0
"2023-05-28 06:30:00",,0
"2023-05-28 06:40:00",,0
"2023-05-28 06:50:00",,0
"2023-05-28 07:00:00",,0
"2023-05-28 07:10:00",,0
"2023-05-28 07:20:00",,0
"2023-05-28 07:30:00",,0
"2023-05-28 07:40:00",,0
"2023-05-28 07:50:00",,0
"2023-05-28 08:00:00",,0
"2023-05-28 08:10:00",,0
"2023-05-28 08:20:00",,0
"2023-05-28 08:30:00",,0
"2023-05-28 08:40:00",,0
"2023-05-28 08:50:00",,0
"2023-05-28 09:00:00",,0
"2023-05-28 09:10:00",,0
"2023-05-28 09:20:00",,0
"2023-05-28 09:30:00",1,0
"2023-05-28 09:40:00",1,0
"2023-05-28 09:50:00",,0
"2023-05-28 10:00:00",1,0
"2023-05-28 10:10:00",1,0
"2023-05-28 10:20:00",1,0
"2023-05-28 10:30:00",,0
"2023-05-28 10:40:00",,0
"2023-05-28 10:50:00",,0
"2023-05-28 11:00:00",,0
"2023-05-28 11:10:00",,0
"2023-05-28 11:20:00",,0
"2023-05-28 11:30:00",,0
"2023-05-28 11:40:00",,0
"2023-05-28 11:50:00",,0
"2023-05-28 12:00:00",,0
"2023-05-28 12:10:00",,0
"2023-05-28 12:20:00",,0
"2023-05-28 12:30:00",,0
"2023-05-28 12:40:00",,0
"2023-05-28 12:50:00",,0
"2023-05-28 13:00:00",,0
"2023-05-28 13:10:00",,0
"2023-05-28 13:20:00",,0
"2023-05-28 13:30:00",,0
"2023-05-28 13:40:00",,0
"2023-05-28 13:50:00",,0
"2023-05-28 14:00:00",,0
"2023-05-28 14:10:00",,0
"2023-05-28 14:20:00",,0
"2023-05-28 14:30:00",,0
"2023-05-28 14:40:00",,0
"2023-05-28 14:50:00",,0
"2023-05-28 15:00:00",,0
"2023-05-28 15:10:00",,0
"2023-05-28 15:20:00",,0
"2023-05-28 15:30:00",,0
"2023-05-28 15:40:00",,0
"2023-05-28 15:50:00",,0
"2023-05-28 16:00:00",,0
"2023-05-28 16:10:00",,0
"2023-05-28 16:20:00",,0
"2023-05-28 16:30:00",,0
"2023-05-28 16:40:00",,0
"2023-05-28 16:50:00",,0
"2023-05-28 17:00:00",,0
"2023-05-28 17:10:00",,0
"2023-05-28 17:20:00",,0
"2023-05-28 17:30:00",,0
"2023-05-28 17:40:00",,0
"2023-05-28 17:50:00",,0
"2023-05-28 18:00:00",,0
"2023-05-28 18:10:00",,0
"2023-05-28 18:20:00",,0
"2023-05-28 18:30:00",,0
"2023-05-28 18:40:00",,0
"2023-05-28 18:50:00",,0
"2023-05-28 19:00:00",,0
"2023-05-28 19:10:00",,0
"2023-05-28 19:20:00",,0
"2023-05-28 19:30:00",,0
"2023-05-28 19:40:00",,0
"2023-05-28 19:50:00",,0
"2023-05-28 20:00:00",,0
"2023-05-28 20:10:00",,0
"2023-05-28 20:20:00",,0
"2023-05-28 20:30:00",,0
"2023-05-28 20:40:00",,0
"2023-05-28 20:50:00",,0
"2023-05-28 21:00:00",,0
"2023-05-28 21:10:00",,0
"2023-05-28 21:20:00",,0
"2023-05-28 21:30:00",,0
"2023-05-28 21:40:00",,0
"2023-05-28 21:50:00",,0
"2023-05-28 22:00:00",,0
"2023-05-28 22:10:00",,0
"2023-05-28 22:20:00",,0
"2023-05-28 22:30:00",,0
"2023-05-28 22:40:00",,0
"2023-05-28 22:50:00",,0
"2023-05-28 23:00:00",,0
"2023-05-28 23:10:00",,0
"2023-05-28 23:20:00",,0
"2023-05-28 23:30:00",,0
"2023-05-28 23:40:00",,0
"2023-05-28 23:50:00",,0
"2023-05-29 00:00:00",,0
"2023-05-29 00:10:00",,0
"2023-05-29 00:20:00",,0
"2023-05-29 00:30:00",,0
"2023-05-29 00:40:00",,0
"2023-05-29 00:50:00",,0
"2023-05-29 01:00:00",,0
"2023-05-29 01:10:00",,0
"2023-05-29 01:20:00",,0
"2023-05-29 01:30:00",,0
"2023-05-29 01:40:00",,0
"2023-05-29 01:50:00",,0
"2023-05-29 02:00:00",,0
"2023-05-29 02:10:00",,0
"2023-05-29 02:20:00",,0
"2023-05-29 02:30:00",,0
"2023-05-29 02:40:00",,0
"2023-05-29 02:50:00",,0
"2023-05-29 03:00:00",,0
"2023-05-29 03:10:00",,0
"2023-05-29 03:20:00",1,0
"2023-05-29 03:30:00",1,0
"2023-05-29 03:40:00",1,0
"2023-05-29 03:50:00",1,0
"2023-05-29 04:00:00",1,0
"2023-05-29 04:10:00",,1
"2023-05-29 04:20:00",,1
"2023-05-29 04:30:00",,1
"2023-05-29 04:40:00",,1
"2023-05-29 04:50:00",,1
"2023-05-29 05:00:00",,1
"2023-05-29 05:10:00",,1
"2023-05-29 05:20:00",,1
"2023-05-29 05:30:00",1,1
"2023-05-29 05:40:00",1,1
"2023-05-29 05:50:00",1,1
"2023-05-29 06:00:00",1,1
"2023-05-29 06:10:00",1,1
"2023-05-29 06:20:00",1,1
"2023-05-29 06:30:00",3,1
"2023-05-29 06:40:00",3,1
"2023-05-29 06:50:00",3,1
"2023-05-29 07:00:00",2,1
"2023-05-29 07:10:00",3,1
"2023-05-29 07:20:00",3,1
"2023-05-29 07:30:00",3,1
"2023-05-29 07:40:00",4,1
"2023-05-29 07:50:00",4,1
"2023-05-29 08:00:00",4,1
"2023-05-29 08:10:00",3,1
"2023-05-29 08:20:00",3,1
"2023-05-29 08:30:00",3,1
"2023-05-29 08:40:00",3,1
"2023-05-29 08:50:00",,1
"2023-05-29 09:00:00",,1
"2023-05-29 09:10:00",,1
"2023-05-29 09:20:00",,1
"2023-05-29 09:30:00",,1
"2023-05-29 09:40:00",,1
"2023-05-29 09:50:00",,1
"2023-05-29 10:00:00",,1
"2023-05-29 10:10:00",,1
"2023-05-29 10:20:00",,1
"2023-05-29 10:30:00",,1
"2023-05-29 10:40:00",,1
"2023-05-29 10:50:00",,1
"2023-05-29 11:00:00",,1
"2023-05-29 11:10:00",,1
"2023-05-29 11:20:00",,1
"2023-05-29 11:30:00",,1
"2023-05-29 11:40:00",,1
"2023-05-29 11:50:00",,1
"2023-05-29 12:00:00",,1
"2023-05-29 12:10:00",,1
"2023-05-29 12:20:00",,1
"2023-05-29 12:30:00",,1
"2023-05-29 12:40:00",,1
"2023-05-29 12:50:00",1,1
"2023-05-29 13:00:00",1,2
"2023-05-29 13:10:00",1,2
"2023-05-29 13:20:00",1,2
"2023-05-29 13:30:00",1,2
"2023-05-29 13:40:00",1,2
"2023-05-29 13:50:00",,2
"2023-05-29 14:00:00",,2
"2023-05-29 14:10:00",,2
"2023-05-29 14:20:00",,2
"2023-05-29 14:30:00",,2
"2023-05-29 14:40:00",1,2
"2023-05-29 14:50:00",1,2
"2023-05-29 15:00:00",,2
"2023-05-29 15:10:00",,2
"2023-05-29 15:20:00",,2
"2023-05-29 15:30:00",,2
"2023-05-29 15:40:00",,2
"2023-05-29 15:50:00",,2
"2023-05-29 16:00:00",,2
"2023-05-29 16:10:00",,2
"2023-05-29 16:20:00",8,2
"2023-05-29 16:30:00",9,2
"2023-05-29 16:40:00",9,2
"2023-05-29 16:50:00",8,2
"2023-05-29 17:00:00",8,2
"2023-05-29 17:10:00",7,2
"2023-05-29 17:20:00",6,2
"2023-05-29 17:30:00",1,2
"2023-05-29 17:40:00",1,2
"2023-05-29 17:50:00",1,2
"2023-05-29 18:00:00",2,2
"2023-05-29 18:10:00",2,2
"2023-05-29 18:20:00",2,2
"2023-05-29 18:30:00",1,2
"2023-05-29 18:40:00",1,2
"2023-05-29 18:50:00",,2
"2023-05-29 19:00:00",,2
"2023-05-29 19:10:00",,2
"2023-05-29 19:20:00",,2
"2023-05-29 19:30:00",,2
"2023-05-29 19:40:00",,2
"2023-05-29 19:50:00",,2
"2023-05-29 20:00:00",,2
"2023-05-29 20:10:00",,2
"2023-05-29 20:20:00",,2
"2023-05-29 20:30:00",,2
"2023-05-29 20:40:00",,2
"2023-05-29 20:50:00",,2
"2023-05-29 21:00:00",,2
"2023-05-29 21:10:00",,2
"2023-05-29 21:20:00",,2
"2023-05-29 21:30:00",,2
"2023-05-29 21:40:00",,2
"2023-05-29 21:50:00",,2
"2023-05-29 22:00:00",,2
"2023-05-29 22:10:00",,2
"2023-05-29 22:20:00",,2
"2023-05-29 22:30:00",,2
"2023-05-29 22:40:00",,2
"2023-05-29 22:50:00",,2
"2023-05-29 23:00:00",,2
"2023-05-29 23:10:00",,2
"2023-05-29 23:20:00",,2
"2023-05-29 23:30:00",,2
"2023-05-29 23:40:00",,2
"2023-05-29 23:50:00",,2
"2023-05-30 00:00:00",,2
"2023-05-30 00:10:00",,2
"2023-05-30 00:20:00",,2
"2023-05-30 00:30:00",,2
"2023-05-30 00:40:00",,2
"2023-05-30 00:50:00",,2
"2023-05-30 01:00:00",,2
"2023-05-30 01:10:00",,2
"2023-05-30 01:20:00",,2
"2023-05-30 01:30:00",1,2
"2023-05-30 01:40:00",6,2
"2023-05-30 01:50:00",5,2
"2023-05-30 02:00:00",7,2
"2023-05-30 02:10:00",7,2
"2023-05-30 02:20:00",7,2
"2023-05-30 02:30:00",10,2
"2023-05-30 02:40:00",13,2
"2023-05-30 02:50:00",15,2
"2023-05-30 03:00:00",11,2
"2023-05-30 03:10:00",14,2
"2023-05-30 03:20:00",16,2
"2023-05-30 03:30:00",16,3
"2023-05-30 03:40:00",15,3
"2023-05-30 03:50:00",14,3
"2023-05-30 04:00:00",15,3
"2023-05-30 04:10:00",13,3
"2023-05-30 04:20:00",12,3
"2023-05-30 04:30:00",12,3
"2023-05-30 04:40:00",12,3
"2023-05-30 04:50:00",12,3
"2023-05-30 05:00:00",12,3
"2023-05-30 05:10:00",13,3
"2023-05-30 05:20:00",14,3
"2023-05-30 05:30:00",14,3
"2023-05-30 05:40:00",12,3
"2023-05-30 05:50:00",13,3
"2023-05-30 06:00:00",11,4
"2023-05-30 06:10:00",8,4
"2023-05-30 06:20:00",11,4
"2023-05-30 06:30:00",10,4
"2023-05-30 06:40:00",10,4
"2023-05-30 06:50:00",11,4
"2023-05-30 07:00:00",8,4
"2023-05-30 07:10:00",10,4
"2023-05-30 07:20:00",9,4
"2023-05-30 07:30:00",11,4
"2023-05-30 07:40:00",10,4
"2023-05-30 07:50:00",10,4
"2023-05-30 08:00:00",10,4
"2023-05-30 08:10:00",11,4
"2023-05-30 08:20:00",11,4
"2023-05-30 08:30:00",9,4
"2023-05-30 08:40:00",9,4
"2023-05-30 08:50:00",9,4
"2023-05-30 09:00:00",9,5
"2023-05-30 09:10:00",9,5
"2023-05-30 09:20:00",10,5
"2023-05-30 09:30:00",11,5
"2023-05-30 09:40:00",11,5
"2023-05-30 09:50:00",11,5
"2023-05-30 10:00:00",12,5
"2023-05-30 10:10:00",11,5
"2023-05-30 10:20:00",10,5
"2023-05-30 10:30:00",10,5
"2023-05-30 10:40:00",10,5
"2023-05-30 10:50:00",10,5
"2023-05-30 11:00:00",10,5
"2023-05-30 11:10:00",10,5
"2023-05-30 11:20:00",11,5
"2023-05-30 11:30:00",9,5
"2023-05-30 11:40:00",16,6
"2023-05-30 11:50:00",30,6
"2023-05-30 12:00:00",27,6
"2023-05-30 12:10:00",30,6
"2023-05-30 12:20:00",28,6
"2023-05-30 12:30:00",20,6
"2023-05-30 12:40:00",10,6
"2023-05-30 12:50:00",8,6
"2023-05-30 13:00:00",9,6
"2023-05-30 13:10:00",10,7
"2023-05-30 13:20:00",9,7
"2023-05-30 13:30:00",11,7
"2023-05-30 13:40:00",10,7
"2023-05-30 13:50:00",9,7
"2023-05-30 14:00:00",9,7
"2023-05-30 14:10:00",7,7
"2023-05-30 14:20:00",9,7
"2023-05-30 14:30:00",9,7
"2023-05-30 14:40:00",9,7
"2023-05-30 14:50:00",9,7
"2023-05-30 15:00:00",8,7
"2023-05-30 15:10:00",8,7
"2023-05-30 15:20:00",7,7
"2023-05-30 15:30:00",7,7
"2023-05-30 15:40:00",6,8
"2023-05-30 15:50:00",7,8
"2023-05-30 16:00:00",7,8
"2023-05-30 16:10:00",8,8
"2023-05-30 16:20:00",7,8
"2023-05-30 16:30:00",8,8
"2023-05-30 16:40:00",8,8
"2023-05-30 16:50:00",8,8
"2023-05-30 17:00:00",8,8
"2023-05-30 17:10:00",8,8
"2023-05-30 17:20:00",8,8
"2023-05-30 17:30:00",8,8
"2023-05-30 17:40:00",8,8
"2023-05-30 17:50:00",8,8
"2023-05-30 18:00:00",8,8
"2023-05-30 18:10:00",,8
"2023-05-30 18:20:00",,8
"2023-05-30 18:30:00",,8
"2023-05-30 18:40:00",,8
"2023-05-30 18:50:00",,8
"2023-05-30 19:00:00",,8
"2023-05-30 19:10:00",,8
"2023-05-30 19:20:00",,8
"2023-05-30 19:30:00",,8
"2023-05-30 19:40:00",,8
"2023-05-30 19:50:00",,8
"2023-05-30 20:00:00",,8
"2023-05-30 20:10:00",,8
"2023-05-30 20:20:00",,8
"2023-05-30 20:30:00",,8
"2023-05-30 20:40:00",,8
"2023-05-30 20:50:00",,8
"2023-05-30 21:00:00",,8
"2023-05-30 21:10:00",,8
"2023-05-30 21:20:00",,8
"2023-05-30 21:30:00",,8
"2023-05-30 21:40:00",,8
"2023-05-30 21:50:00",,8
"2023-05-30 22:00:00",,8
"2023-05-30 22:10:00",,8
"2023-05-30 22:20:00",,8
"2023-05-30 22:30:00",,8
"2023-05-30 22:40:00",,8
"2023-05-30 22:50:00",,8
"2023-05-30 23:00:00",,8
"2023-05-30 23:10:00",,8
"2023-05-30 23:20:00",,8
"2023-05-30 23:30:00",,8
"2023-05-30 23:40:00",,8
"2023-05-30 23:50:00",,8
"2023-05-31 00:00:00",,8
"2023-05-31 00:10:00",,8
"2023-05-31 00:20:00",,8
"2023-05-31 00:30:00",,8
"2023-05-31 00:40:00",,8
"2023-05-31 00:50:00",,8
"2023-05-31 01:00:00",,8
"2023-05-31 01:10:00",1,8
"2023-05-31 01:20:00",1,8
"2023-05-31 01:30:00",1,8
"2023-05-31 01:40:00",1,8
"2023-05-31 01:50:00",1,8
"2023-05-31 02:00:00",1,8
"2023-05-31 02:10:00",2,8
"2023-05-31 02:20:00",3,8
"2023-05-31 02:30:00",3,8
"2023-05-31 02:40:00",3,8
"2023-05-31 02:50:00",4,7
"2023-05-31 03:00:00",3,7
"2023-05-31 03:10:00",5,7
"2023-05-31 03:20:00",6,7
"2023-05-31 03:30:00",7,7
"2023-05-31 03:40:00",7,7
"2023-05-31 03:50:00",7,7
"2023-05-31 04:00:00",8,7
"2023-05-31 04:10:00",6,7
"2023-05-31 04:20:00",6,7
"2023-05-31 04:30:00",6,7
"2023-05-31 04:40:00",6,7
"2023-05-31 04:50:00",6,7
"2023-05-31 05:00:00",7,7
"2023-05-31 05:10:00",6,7
"2023-05-31 05:20:00",8,7
"2023-05-31 05:30:00",4,7
"2023-05-31 05:40:00",6,7
"2023-05-31 05:50:00",20,7
"2023-05-31 06:00:00",24,7
"2023-05-31 06:10:00",22,7
"2023-05-31 06:20:00",27,7
"2023-05-31 06:30:00",29,7
"2023-05-31 06:40:00",31,7
"2023-05-31 06:50:00",28,7
"2023-05-31 07:00:00",28,7
"2023-05-31 07:10:00",22,8
"2023-05-31 07:20:00",21,8
"2023-05-31 07:30:00",22,8
"2023-05-31 07:40:00",23,8
"2023-05-31 07:50:00",20,8
"2023-05-31 08:00:00",20,8
"2023-05-31 08:10:00",20,8
"2023-05-31 08:20:00",20,8
"2023-05-31 08:30:00",21,8
"2023-05-31 08:40:00",20,8
"2023-05-31 08:50:00",21,8
"2023-05-31 09:00:00",20,8
"2023-05-31 09:10:00",11,8
"2023-05-31 09:20:00",14,8
"2023-05-31 09:30:00",14,8
"2023-05-31 09:40:00",11,8
"2023-05-31 09:50:00",12,8
"2023-05-31 10:00:00",13,8
"2023-05-31 10:10:00",10,8
"2023-05-31 10:20:00",8,8
"2023-05-31 10:30:00",8,8
"2023-05-31 10:40:00",9,8
"2023-05-31 10:50:00",10,8
"2023-05-31 11:00:00",10,8
"2023-05-31 11:10:00",9,8
"2023-05-31 11:20:00",9,8
"2023-05-31 11:30:00",9,8
"2023-05-31 11:40:00",9,8
"2023-05-31 11:50:00",8,8
"2023-05-31 12:00:00",7,8
"2023-05-31 12:10:00",7,8
"2023-05-31 12:20:00",13,8
"2023-05-31 12:30:00",26,8
"2023-05-31 12:40:00",23,8
"2023-05-31 12:50:00",23,8
"2023-05-31 13:00:00",27,8
"2023-05-31 13:10:00",24,8
"2023-05-31 13:20:00",23,8
"2023-05-31 13:30:00",20,8
"2023-05-31 13:40:00",21,8
"2023-05-31 13:50:00",27,8
"2023-05-31 14:00:00",26,8
"2023-05-31 14:10:00",29,9
"2023-05-31 14:20:00",25,9
"2023-05-31 14:30:00",34,9
"2023-05-31 14:40:00",40,9
"2023-05-31 14:50:00",41,9
"2023-05-31 15:00:00",39,9
"2023-05-31 15:10:00",35,10
"2023-05-31 15:20:00",37,10
"2023-05-31 15:30:00",26,10
"2023-05-31 15:40:00",34,10
"2023-05-31 15:50:00",36,10
"2023-05-31 16:00:00",33,10
"2023-05-31 16:10:00",29,11
"2023-05-31 16:20:00",41,11
"2023-05-31 16:30:00",45,11
"2023-05-31 16:40:00",37,11
"2023-05-31 16:50:00",11,11
"2023-05-31 17:00:00",3,11
"2023-05-31 17:10:00",2,11
"2023-05-31 17:20:00",1,11
"2023-05-31 17:30:00",1,11
"2023-05-31 17:40:00",1,11
"2023-05-31 17:50:00",1,11
"2023-05-31 18:00:00",1,11
"2023-05-31 18:10:00",1,11
"2023-05-31 18:20:00",1,11
"2023-05-31 18:30:00",1,11
"2023-05-31 18:40:00",1,11
"2023-05-31 18:50:00",1,11
"2023-05-31 19:00:00",1,11
"2023-05-31 19:10:00",1,11
"2023-05-31 19:20:00",1,11
"2023-05-31 19:30:00",1,11
"2023-05-31 19:40:00",1,11
"2023-05-31 19:50:00",1,11
"2023-05-31 20:00:00",1,11
"2023-05-31 20:10:00",1,11
"2023-05-31 20:20:00",1,11
"2023-05-31 20:30:00",1,11
"2023-05-31 20:40:00",1,11
"2023-05-31 20:50:00",1,11
"2023-05-31 21:00:00",1,11
"2023-05-31 21:10:00",1,11
"2023-05-31 21:20:00",1,11
"2023-05-31 21:30:00",1,11
"2023-05-31 21:40:00",1,11
"2023-05-31 21:50:00",1,11
"2023-05-31 22:00:00",1,11
"2023-05-31 22:10:00",1,11
"2023-05-31 22:20:00",1,11
"2023-05-31 22:30:00",1,11
"2023-05-31 22:40:00",1,11
"2023-05-31 22:50:00",1,11
"2023-05-31 23:00:00",1,11
"2023-05-31 23:10:00",1,11
"2023-05-31 23:20:00",1,11
"2023-05-31 23:30:00",1,11
"2023-05-31 23:40:00",1,11
"2023-05-31 23:50:00",1,11
"2023-06-01 00:00:00",1,11
"2023-06-01 00:10:00",1,11
"2023-06-01 00:20:00",1,11
"2023-06-01 00:30:00",1,11
"2023-06-01 00:40:00",1,11
"2023-06-01 00:50:00",1,11
"2023-06-01 01:00:00",1,11
"2023-06-01 01:10:00",1,11
"2023-06-01 01:20:00",1,11
"2023-06-01 01:30:00",1,11
"2023-06-01 01:40:00",1,11
"2023-06-01 01:50:00",1,11
"2023-06-01 02:00:00",1,11
"2023-06-01 02:10:00",3,11
"2023-06-01 02:20:00",6,11
"2023-06-01 02:30:00",9,12
"2023-06-01 02:40:00",8,12
"2023-06-01 02:50:00",6,12
"2023-06-01 03:00:00",8,12
"2023-06-01 03:10:00",9,12
"2023-06-01 03:20:00",8,12
"2023-06-01 03:30:00",9,12
"2023-06-01 03:40:00",9,12
"2023-06-01 03:50:00",11,12
"2023-06-01 04:00:00",10,12
"2023-06-01 04:10:00",11,12
"2023-06-01 04:20:00",11,12
"2023-06-01 04:30:00",11,12
"2023-06-01 04:40:00",12,12
"2023-06-01 04:50:00",11,12
"2023-06-01 05:00:00",11,12
"2023-06-01 05:10:00",12,12